solid ASCII
  facet normal 9.993487e-01 3.569183e-02 -5.313691e-03
    outer loop
      vertex   2.992356e+01 2.140175e+00 -6.600000e+00
      vertex   2.999857e+01 2.932117e-01 -4.900000e+00
      vertex   3.000000e+01 -3.673940e-15 -6.600000e+00
    endloop
  endfacet
  facet normal 9.996438e-01 -2.614482e-02 5.351985e-03
    outer loop
      vertex   3.000000e+01 -3.673940e-15 -6.600000e+00
      vertex   2.999857e+01 2.932117e-01 -4.900000e+00
      vertex   2.994223e+01 -1.860911e+00 -4.900000e+00
    endloop
  endfacet
  facet normal 9.993498e-01 -3.569187e-02 -5.108721e-03
    outer loop
      vertex   3.000000e+01 -3.673940e-15 -6.600000e+00
      vertex   2.994223e+01 -1.860911e+00 -4.900000e+00
      vertex   2.992356e+01 -2.140175e+00 -6.600000e+00
    endloop
  endfacet
  facet normal 9.951894e-01 -9.783422e-02 5.145274e-03
    outer loop
      vertex   2.992356e+01 -2.140175e+00 -6.600000e+00
      vertex   2.994223e+01 -1.860911e+00 -4.900000e+00
      vertex   2.973141e+01 -4.005433e+00 -4.900000e+00
    endloop
  endfacet
  facet normal 9.942584e-01 -1.068938e-01 -4.900268e-03
    outer loop
      vertex   2.992356e+01 -2.140175e+00 -6.600000e+00
      vertex   2.973141e+01 -4.005433e+00 -4.900000e+00
      vertex   2.969464e+01 -4.269445e+00 -6.600000e+00
    endloop
  endfacet
  facet normal 9.856004e-01 -1.690190e-01 4.935081e-03
    outer loop
      vertex   2.969464e+01 -4.269445e+00 -6.600000e+00
      vertex   2.973141e+01 -4.005433e+00 -4.900000e+00
      vertex   2.936719e+01 -6.129289e+00 -4.900000e+00
    endloop
  endfacet
  facet normal 9.841004e-01 -1.775512e-01 -4.688334e-03
    outer loop
      vertex   2.969464e+01 -4.269445e+00 -6.600000e+00
      vertex   2.936719e+01 -6.129289e+00 -4.900000e+00
      vertex   2.931441e+01 -6.376959e+00 -6.600000e+00
    endloop
  endfacet
  facet normal 9.709263e-01 -2.393319e-01 4.721405e-03
    outer loop
      vertex   2.931441e+01 -6.376959e+00 -6.600000e+00
      vertex   2.936719e+01 -6.129289e+00 -4.900000e+00
      vertex   2.885146e+01 -8.221522e+00 -4.900000e+00
    endloop
  endfacet
  facet normal 9.689276e-01 -2.473040e-01 -4.472916e-03
    outer loop
      vertex   2.931441e+01 -6.376959e+00 -6.600000e+00
      vertex   2.885146e+01 -8.221522e+00 -4.900000e+00
      vertex   2.878479e+01 -8.451977e+00 -6.600000e+00
    endloop
  endfacet
  facet normal 9.512428e-01 -3.084102e-01 4.504247e-03
    outer loop
      vertex   2.878479e+01 -8.451977e+00 -6.600000e+00
      vertex   2.885146e+01 -8.221522e+00 -4.900000e+00
      vertex   2.818687e+01 -1.027134e+01 -4.900000e+00
    endloop
  endfacet
  facet normal 9.488173e-01 -3.157967e-01 -4.254017e-03
    outer loop
      vertex   2.878479e+01 -8.451977e+00 -6.600000e+00
      vertex   2.818687e+01 -1.027134e+01 -4.900000e+00
      vertex   2.810849e+01 -1.048393e+01 -6.600000e+00
    endloop
  endfacet
  facet normal 9.266514e-01 -3.758973e-01 4.283607e-03
    outer loop
      vertex   2.810849e+01 -1.048393e+01 -6.600000e+00
      vertex   2.818687e+01 -1.027134e+01 -4.900000e+00
      vertex   2.737686e+01 -1.226816e+01 -4.900000e+00
    endloop
  endfacet
  facet normal 9.238720e-01 -3.826803e-01 -4.031635e-03
    outer loop
      vertex   2.810849e+01 -1.048393e+01 -6.600000e+00
      vertex   2.737686e+01 -1.226816e+01 -4.900000e+00
      vertex   2.728896e+01 -1.246245e+01 -6.600000e+00
    endloop
  endfacet
  facet normal 8.972790e-01 -4.414452e-01 4.059485e-03
    outer loop
      vertex   2.728896e+01 -1.246245e+01 -6.600000e+00
      vertex   2.737686e+01 -1.226816e+01 -4.900000e+00
      vertex   2.642560e+01 -1.420169e+01 -4.900000e+00
    endloop
  endfacet
  facet normal 8.942188e-01 -4.476140e-01 -3.805772e-03
    outer loop
      vertex   2.728896e+01 -1.246245e+01 -6.600000e+00
      vertex   2.642560e+01 -1.420169e+01 -4.900000e+00
      vertex   2.633037e+01 -1.437747e+01 -6.600000e+00
    endloop
  endfacet
  facet normal 8.632771e-01 -5.047157e-01 3.831880e-03
    outer loop
      vertex   2.633037e+01 -1.437747e+01 -6.600000e+00
      vertex   2.642560e+01 -1.420169e+01 -4.900000e+00
      vertex   2.533800e+01 -1.606194e+01 -4.900000e+00
    endloop
  endfacet
  facet normal 8.600087e-01 -5.102668e-01 -3.576426e-03
    outer loop
      vertex   2.633037e+01 -1.437747e+01 -6.600000e+00
      vertex   2.533800e+01 -1.606194e+01 -4.900000e+00
      vertex   2.523761e+01 -1.621922e+01 -6.600000e+00
    endloop
  endfacet
  facet normal 8.248212e-01 -5.653822e-01 3.600794e-03
    outer loop
      vertex   2.523761e+01 -1.621922e+01 -6.600000e+00
      vertex   2.533800e+01 -1.606194e+01 -4.900000e+00
      vertex   2.411967e+01 -1.783933e+01 -4.900000e+00
    endloop
  endfacet
  facet normal 8.214162e-01 -5.703194e-01 -3.343598e-03
    outer loop
      vertex   2.523761e+01 -1.621922e+01 -6.600000e+00
      vertex   2.411967e+01 -1.783933e+01 -4.900000e+00
      vertex   2.401624e+01 -1.797833e+01 -6.600000e+00
    endloop
  endfacet
  facet normal 7.821096e-01 -6.231318e-01 3.366225e-03
    outer loop
      vertex   2.401624e+01 -1.797833e+01 -6.600000e+00
      vertex   2.411967e+01 -1.783933e+01 -4.900000e+00
      vertex   2.277690e+01 -1.952467e+01 -4.900000e+00
    endloop
  endfacet
  facet normal 7.786378e-01 -6.274660e-01 -3.107288e-03
    outer loop
      vertex   2.401624e+01 -1.797833e+01 -6.600000e+00
      vertex   2.277690e+01 -1.952467e+01 -4.900000e+00
      vertex   2.267249e+01 -1.964582e+01 -6.600000e+00
    endloop
  endfacet
  facet normal 7.353628e-01 -6.776664e-01 3.128174e-03
    outer loop
      vertex   2.267249e+01 -1.964582e+01 -6.600000e+00
      vertex   2.277690e+01 -1.952467e+01 -4.900000e+00
      vertex   2.131662e+01 -2.110928e+01 -4.900000e+00
    endloop
  endfacet
  facet normal 7.318915e-01 -6.814151e-01 -2.867496e-03
    outer loop
      vertex   2.267249e+01 -1.964582e+01 -6.600000e+00
      vertex   2.131662e+01 -2.110928e+01 -4.900000e+00
      vertex   2.121320e+01 -2.121320e+01 -6.600000e+00
    endloop
  endfacet
  facet normal 6.848218e-01 -7.287049e-01 2.886642e-03
    outer loop
      vertex   2.121320e+01 -2.121320e+01 -6.600000e+00
      vertex   2.131662e+01 -2.110928e+01 -4.900000e+00
      vertex   1.974635e+01 -2.258498e+01 -4.900000e+00
    endloop
  endfacet
  facet normal 6.814156e-01 -7.318920e-01 -2.624222e-03
    outer loop
      vertex   2.121320e+01 -2.121320e+01 -6.600000e+00
      vertex   1.974635e+01 -2.258498e+01 -4.900000e+00
      vertex   1.964582e+01 -2.267249e+01 -6.600000e+00
    endloop
  endfacet
  facet normal 6.307475e-01 -7.759836e-01 2.641627e-03
    outer loop
      vertex   1.964582e+01 -2.267249e+01 -6.600000e+00
      vertex   1.974635e+01 -2.258498e+01 -4.900000e+00
      vertex   1.807421e+01 -2.394416e+01 -4.900000e+00
    endloop
  endfacet
  facet normal 6.274672e-01 -7.786393e-01 -2.377467e-03
    outer loop
      vertex   1.964582e+01 -2.267249e+01 -6.600000e+00
      vertex   1.807421e+01 -2.394416e+01 -4.900000e+00
      vertex   1.797833e+01 -2.401624e+01 -6.600000e+00
    endloop
  endfacet
  facet normal 5.734188e-01 -8.192589e-01 2.393131e-03
    outer loop
      vertex   1.797833e+01 -2.401624e+01 -6.600000e+00
      vertex   1.807421e+01 -2.394416e+01 -4.900000e+00
      vertex   1.630882e+01 -2.517980e+01 -4.900000e+00
    endloop
  endfacet
  facet normal 5.703213e-01 -8.214189e-01 -2.127229e-03
    outer loop
      vertex   1.797833e+01 -2.401624e+01 -6.600000e+00
      vertex   1.630882e+01 -2.517980e+01 -4.900000e+00
      vertex   1.621922e+01 -2.523761e+01 -6.600000e+00
    endloop
  endfacet
  facet normal 5.131316e-01 -8.583073e-01 2.141153e-03
    outer loop
      vertex   1.621922e+01 -2.523761e+01 -6.600000e+00
      vertex   1.630882e+01 -2.517980e+01 -4.900000e+00
      vertex   1.445928e+01 -2.628553e+01 -4.900000e+00
    endloop
  endfacet
  facet normal 5.102691e-01 -8.600127e-01 -1.873511e-03
    outer loop
      vertex   1.621922e+01 -2.523761e+01 -6.600000e+00
      vertex   1.445928e+01 -2.628553e+01 -4.900000e+00
      vertex   1.437747e+01 -2.633037e+01 -6.600000e+00
    endloop
  endfacet
  facet normal 4.501968e-01 -8.929274e-01 1.885694e-03
    outer loop
      vertex   1.437747e+01 -2.633037e+01 -6.600000e+00
      vertex   1.445928e+01 -2.628553e+01 -4.900000e+00
      vertex   1.253515e+01 -2.725564e+01 -4.900000e+00
    endloop
  endfacet
  facet normal 4.476166e-01 -8.942241e-01 -1.616310e-03
    outer loop
      vertex   1.437747e+01 -2.633037e+01 -6.600000e+00
      vertex   1.253515e+01 -2.725564e+01 -4.900000e+00
      vertex   1.246245e+01 -2.728896e+01 -6.600000e+00
    endloop
  endfacet
  facet normal 3.849392e-01 -9.229405e-01 1.626753e-03
    outer loop
      vertex   1.246245e+01 -2.728896e+01 -6.600000e+00
      vertex   1.253515e+01 -2.725564e+01 -4.900000e+00
      vertex   1.054634e+01 -2.808513e+01 -4.900000e+00
    endloop
  endfacet
  facet normal 3.826831e-01 -9.238787e-01 -1.355628e-03
    outer loop
      vertex   1.246245e+01 -2.728896e+01 -6.600000e+00
      vertex   1.054634e+01 -2.808513e+01 -4.900000e+00
      vertex   1.048393e+01 -2.810849e+01 -6.600000e+00
    endloop
  endfacet
  facet normal 3.176956e-01 -9.481918e-01 1.364331e-03
    outer loop
      vertex   1.048393e+01 -2.810849e+01 -6.600000e+00
      vertex   1.054634e+01 -2.808513e+01 -4.900000e+00
      vertex   8.503116e+00 -2.876972e+01 -4.900000e+00
    endloop
  endfacet
  facet normal 3.157994e-01 -9.488254e-01 -1.091465e-03
    outer loop
      vertex   1.048393e+01 -2.810849e+01 -6.600000e+00
      vertex   8.503116e+00 -2.876972e+01 -4.900000e+00
      vertex   8.451977e+00 -2.878479e+01 -6.600000e+00
    endloop
  endfacet
  facet normal 2.488127e-01 -9.685510e-01 1.098427e-03
    outer loop
      vertex   8.451977e+00 -2.878479e+01 -6.600000e+00
      vertex   8.503116e+00 -2.876972e+01 -4.900000e+00
      vertex   6.416023e+00 -2.930588e+01 -4.900000e+00
    endloop
  endfacet
  facet normal 2.473064e-01 -9.689370e-01 -8.238203e-04
    outer loop
      vertex   8.451977e+00 -2.878479e+01 -6.600000e+00
      vertex   6.416023e+00 -2.930588e+01 -4.900000e+00
      vertex   6.376959e+00 -2.931441e+01 -6.600000e+00
    endloop
  endfacet
  facet normal 1.786460e-01 -9.839131e-01 8.290417e-04
    outer loop
      vertex   6.376959e+00 -2.931441e+01 -6.600000e+00
      vertex   6.416023e+00 -2.930588e+01 -4.900000e+00
      vertex   4.295828e+00 -2.969084e+01 -4.900000e+00
    endloop
  endfacet
  facet normal 1.775532e-01 -9.841111e-01 -5.526946e-04
    outer loop
      vertex   6.376959e+00 -2.931441e+01 -6.600000e+00
      vertex   4.295828e+00 -2.969084e+01 -4.900000e+00
      vertex   4.269445e+00 -2.969464e+01 -6.600000e+00
    endloop
  endfacet
  facet normal 1.075577e-01 -9.941987e-01 5.561755e-04
    outer loop
      vertex   4.269445e+00 -2.969464e+01 -6.600000e+00
      vertex   4.295828e+00 -2.969084e+01 -4.900000e+00
      vertex   2.153469e+00 -2.992261e+01 -4.900000e+00
    endloop
  endfacet
  facet normal 1.068951e-01 -9.942703e-01 -2.780878e-04
    outer loop
      vertex   4.269445e+00 -2.969464e+01 -6.600000e+00
      vertex   2.153469e+00 -2.992261e+01 -4.900000e+00
      vertex   2.140175e+00 -2.992356e+01 -6.600000e+00
    endloop
  endfacet
  facet normal 3.591432e-02 -9.993548e-01 2.798282e-04
    outer loop
      vertex   2.140175e+00 -2.992356e+01 -6.600000e+00
      vertex   2.153469e+00 -2.992261e+01 -4.900000e+00
      vertex   4.824368e-15 -3.000000e+01 -4.900000e+00
    endloop
  endfacet
  facet normal 3.569233e-02 -9.993628e-01 -1.393913e-16
    outer loop
      vertex   2.140175e+00 -2.992356e+01 -6.600000e+00
      vertex   4.824368e-15 -3.000000e+01 -4.900000e+00
      vertex   -1.836970e-15 -3.000000e+01 -6.600000e+00
    endloop
  endfacet
  facet normal -3.569233e-02 -9.993628e-01 1.398581e-16
    outer loop
      vertex   -1.836970e-15 -3.000000e+01 -6.600000e+00
      vertex   4.824368e-15 -3.000000e+01 -4.900000e+00
      vertex   -2.140175e+00 -2.992356e+01 -6.600000e+00
    endloop
  endfacet
  facet normal -3.591432e-02 -9.993548e-01 2.798282e-04
    outer loop
      vertex   -2.140175e+00 -2.992356e+01 -6.600000e+00
      vertex   4.824368e-15 -3.000000e+01 -4.900000e+00
      vertex   -2.153469e+00 -2.992261e+01 -4.900000e+00
    endloop
  endfacet
  facet normal -1.068951e-01 -9.942703e-01 -2.780878e-04
    outer loop
      vertex   -2.140175e+00 -2.992356e+01 -6.600000e+00
      vertex   -2.153469e+00 -2.992261e+01 -4.900000e+00
      vertex   -4.269445e+00 -2.969464e+01 -6.600000e+00
    endloop
  endfacet
  facet normal -1.075577e-01 -9.941987e-01 5.561755e-04
    outer loop
      vertex   -4.269445e+00 -2.969464e+01 -6.600000e+00
      vertex   -2.153469e+00 -2.992261e+01 -4.900000e+00
      vertex   -4.295828e+00 -2.969084e+01 -4.900000e+00
    endloop
  endfacet
  facet normal -1.775532e-01 -9.841111e-01 -5.526946e-04
    outer loop
      vertex   -4.269445e+00 -2.969464e+01 -6.600000e+00
      vertex   -4.295828e+00 -2.969084e+01 -4.900000e+00
      vertex   -6.376959e+00 -2.931441e+01 -6.600000e+00
    endloop
  endfacet
  facet normal -1.786460e-01 -9.839131e-01 8.290417e-04
    outer loop
      vertex   -6.376959e+00 -2.931441e+01 -6.600000e+00
      vertex   -4.295828e+00 -2.969084e+01 -4.900000e+00
      vertex   -6.416023e+00 -2.930588e+01 -4.900000e+00
    endloop
  endfacet
  facet normal -2.473064e-01 -9.689370e-01 -8.238203e-04
    outer loop
      vertex   -6.376959e+00 -2.931441e+01 -6.600000e+00
      vertex   -6.416023e+00 -2.930588e+01 -4.900000e+00
      vertex   -8.451977e+00 -2.878479e+01 -6.600000e+00
    endloop
  endfacet
  facet normal -2.488127e-01 -9.685510e-01 1.098427e-03
    outer loop
      vertex   -8.451977e+00 -2.878479e+01 -6.600000e+00
      vertex   -6.416023e+00 -2.930588e+01 -4.900000e+00
      vertex   -8.503116e+00 -2.876972e+01 -4.900000e+00
    endloop
  endfacet
  facet normal -3.157994e-01 -9.488254e-01 -1.091465e-03
    outer loop
      vertex   -8.451977e+00 -2.878479e+01 -6.600000e+00
      vertex   -8.503116e+00 -2.876972e+01 -4.900000e+00
      vertex   -1.048393e+01 -2.810849e+01 -6.600000e+00
    endloop
  endfacet
  facet normal -3.176956e-01 -9.481918e-01 1.364331e-03
    outer loop
      vertex   -1.048393e+01 -2.810849e+01 -6.600000e+00
      vertex   -8.503116e+00 -2.876972e+01 -4.900000e+00
      vertex   -1.054634e+01 -2.808513e+01 -4.900000e+00
    endloop
  endfacet
  facet normal -3.826831e-01 -9.238787e-01 -1.355628e-03
    outer loop
      vertex   -1.048393e+01 -2.810849e+01 -6.600000e+00
      vertex   -1.054634e+01 -2.808513e+01 -4.900000e+00
      vertex   -1.246245e+01 -2.728896e+01 -6.600000e+00
    endloop
  endfacet
  facet normal -3.849392e-01 -9.229405e-01 1.626753e-03
    outer loop
      vertex   -1.246245e+01 -2.728896e+01 -6.600000e+00
      vertex   -1.054634e+01 -2.808513e+01 -4.900000e+00
      vertex   -1.253515e+01 -2.725564e+01 -4.900000e+00
    endloop
  endfacet
  facet normal -4.476166e-01 -8.942241e-01 -1.616310e-03
    outer loop
      vertex   -1.246245e+01 -2.728896e+01 -6.600000e+00
      vertex   -1.253515e+01 -2.725564e+01 -4.900000e+00
      vertex   -1.437747e+01 -2.633037e+01 -6.600000e+00
    endloop
  endfacet
  facet normal -4.501968e-01 -8.929274e-01 1.885694e-03
    outer loop
      vertex   -1.437747e+01 -2.633037e+01 -6.600000e+00
      vertex   -1.253515e+01 -2.725564e+01 -4.900000e+00
      vertex   -1.445928e+01 -2.628553e+01 -4.900000e+00
    endloop
  endfacet
  facet normal -5.102691e-01 -8.600127e-01 -1.873511e-03
    outer loop
      vertex   -1.437747e+01 -2.633037e+01 -6.600000e+00
      vertex   -1.445928e+01 -2.628553e+01 -4.900000e+00
      vertex   -1.621922e+01 -2.523761e+01 -6.600000e+00
    endloop
  endfacet
  facet normal -5.131316e-01 -8.583073e-01 2.141153e-03
    outer loop
      vertex   -1.621922e+01 -2.523761e+01 -6.600000e+00
      vertex   -1.445928e+01 -2.628553e+01 -4.900000e+00
      vertex   -1.630882e+01 -2.517980e+01 -4.900000e+00
    endloop
  endfacet
  facet normal -5.703213e-01 -8.214189e-01 -2.127229e-03
    outer loop
      vertex   -1.621922e+01 -2.523761e+01 -6.600000e+00
      vertex   -1.630882e+01 -2.517980e+01 -4.900000e+00
      vertex   -1.797833e+01 -2.401624e+01 -6.600000e+00
    endloop
  endfacet
  facet normal -5.734188e-01 -8.192589e-01 2.393131e-03
    outer loop
      vertex   -1.797833e+01 -2.401624e+01 -6.600000e+00
      vertex   -1.630882e+01 -2.517980e+01 -4.900000e+00
      vertex   -1.807421e+01 -2.394416e+01 -4.900000e+00
    endloop
  endfacet
  facet normal -6.274672e-01 -7.786393e-01 -2.377467e-03
    outer loop
      vertex   -1.797833e+01 -2.401624e+01 -6.600000e+00
      vertex   -1.807421e+01 -2.394416e+01 -4.900000e+00
      vertex   -1.964582e+01 -2.267249e+01 -6.600000e+00
    endloop
  endfacet
  facet normal -6.307475e-01 -7.759836e-01 2.641627e-03
    outer loop
      vertex   -1.964582e+01 -2.267249e+01 -6.600000e+00
      vertex   -1.807421e+01 -2.394416e+01 -4.900000e+00
      vertex   -1.974635e+01 -2.258498e+01 -4.900000e+00
    endloop
  endfacet
  facet normal -6.814156e-01 -7.318920e-01 -2.624222e-03
    outer loop
      vertex   -1.964582e+01 -2.267249e+01 -6.600000e+00
      vertex   -1.974635e+01 -2.258498e+01 -4.900000e+00
      vertex   -2.121320e+01 -2.121320e+01 -6.600000e+00
    endloop
  endfacet
  facet normal -6.848218e-01 -7.287049e-01 2.886642e-03
    outer loop
      vertex   -2.121320e+01 -2.121320e+01 -6.600000e+00
      vertex   -1.974635e+01 -2.258498e+01 -4.900000e+00
      vertex   -2.131662e+01 -2.110928e+01 -4.900000e+00
    endloop
  endfacet
  facet normal -7.318915e-01 -6.814151e-01 -2.867496e-03
    outer loop
      vertex   -2.121320e+01 -2.121320e+01 -6.600000e+00
      vertex   -2.131662e+01 -2.110928e+01 -4.900000e+00
      vertex   -2.267249e+01 -1.964582e+01 -6.600000e+00
    endloop
  endfacet
  facet normal -7.353628e-01 -6.776664e-01 3.128174e-03
    outer loop
      vertex   -2.267249e+01 -1.964582e+01 -6.600000e+00
      vertex   -2.131662e+01 -2.110928e+01 -4.900000e+00
      vertex   -2.277690e+01 -1.952467e+01 -4.900000e+00
    endloop
  endfacet
  facet normal -7.786378e-01 -6.274660e-01 -3.107288e-03
    outer loop
      vertex   -2.267249e+01 -1.964582e+01 -6.600000e+00
      vertex   -2.277690e+01 -1.952467e+01 -4.900000e+00
      vertex   -2.401624e+01 -1.797833e+01 -6.600000e+00
    endloop
  endfacet
  facet normal -7.821096e-01 -6.231318e-01 3.366225e-03
    outer loop
      vertex   -2.401624e+01 -1.797833e+01 -6.600000e+00
      vertex   -2.277690e+01 -1.952467e+01 -4.900000e+00
      vertex   -2.411967e+01 -1.783933e+01 -4.900000e+00
    endloop
  endfacet
  facet normal -8.214162e-01 -5.703194e-01 -3.343598e-03
    outer loop
      vertex   -2.401624e+01 -1.797833e+01 -6.600000e+00
      vertex   -2.411967e+01 -1.783933e+01 -4.900000e+00
      vertex   -2.523761e+01 -1.621922e+01 -6.600000e+00
    endloop
  endfacet
  facet normal -8.248212e-01 -5.653822e-01 3.600794e-03
    outer loop
      vertex   -2.523761e+01 -1.621922e+01 -6.600000e+00
      vertex   -2.411967e+01 -1.783933e+01 -4.900000e+00
      vertex   -2.533800e+01 -1.606194e+01 -4.900000e+00
    endloop
  endfacet
  facet normal -8.600087e-01 -5.102668e-01 -3.576426e-03
    outer loop
      vertex   -2.523761e+01 -1.621922e+01 -6.600000e+00
      vertex   -2.533800e+01 -1.606194e+01 -4.900000e+00
      vertex   -2.633037e+01 -1.437747e+01 -6.600000e+00
    endloop
  endfacet
  facet normal -8.632771e-01 -5.047157e-01 3.831880e-03
    outer loop
      vertex   -2.633037e+01 -1.437747e+01 -6.600000e+00
      vertex   -2.533800e+01 -1.606194e+01 -4.900000e+00
      vertex   -2.642560e+01 -1.420169e+01 -4.900000e+00
    endloop
  endfacet
  facet normal -8.942188e-01 -4.476140e-01 -3.805772e-03
    outer loop
      vertex   -2.633037e+01 -1.437747e+01 -6.600000e+00
      vertex   -2.642560e+01 -1.420169e+01 -4.900000e+00
      vertex   -2.728896e+01 -1.246245e+01 -6.600000e+00
    endloop
  endfacet
  facet normal -8.972790e-01 -4.414452e-01 4.059485e-03
    outer loop
      vertex   -2.728896e+01 -1.246245e+01 -6.600000e+00
      vertex   -2.642560e+01 -1.420169e+01 -4.900000e+00
      vertex   -2.737686e+01 -1.226816e+01 -4.900000e+00
    endloop
  endfacet
  facet normal -9.238720e-01 -3.826803e-01 -4.031635e-03
    outer loop
      vertex   -2.728896e+01 -1.246245e+01 -6.600000e+00
      vertex   -2.737686e+01 -1.226816e+01 -4.900000e+00
      vertex   -2.810849e+01 -1.048393e+01 -6.600000e+00
    endloop
  endfacet
  facet normal -9.266514e-01 -3.758973e-01 4.283607e-03
    outer loop
      vertex   -2.810849e+01 -1.048393e+01 -6.600000e+00
      vertex   -2.737686e+01 -1.226816e+01 -4.900000e+00
      vertex   -2.818687e+01 -1.027134e+01 -4.900000e+00
    endloop
  endfacet
  facet normal -9.488173e-01 -3.157967e-01 -4.254017e-03
    outer loop
      vertex   -2.810849e+01 -1.048393e+01 -6.600000e+00
      vertex   -2.818687e+01 -1.027134e+01 -4.900000e+00
      vertex   -2.878479e+01 -8.451977e+00 -6.600000e+00
    endloop
  endfacet
  facet normal -9.512428e-01 -3.084102e-01 4.504247e-03
    outer loop
      vertex   -2.878479e+01 -8.451977e+00 -6.600000e+00
      vertex   -2.818687e+01 -1.027134e+01 -4.900000e+00
      vertex   -2.885146e+01 -8.221522e+00 -4.900000e+00
    endloop
  endfacet
  facet normal -9.689276e-01 -2.473040e-01 -4.472916e-03
    outer loop
      vertex   -2.878479e+01 -8.451977e+00 -6.600000e+00
      vertex   -2.885146e+01 -8.221522e+00 -4.900000e+00
      vertex   -2.931441e+01 -6.376959e+00 -6.600000e+00
    endloop
  endfacet
  facet normal -9.709263e-01 -2.393319e-01 4.721405e-03
    outer loop
      vertex   -2.931441e+01 -6.376959e+00 -6.600000e+00
      vertex   -2.885146e+01 -8.221522e+00 -4.900000e+00
      vertex   -2.936719e+01 -6.129289e+00 -4.900000e+00
    endloop
  endfacet
  facet normal -9.841004e-01 -1.775512e-01 -4.688334e-03
    outer loop
      vertex   -2.931441e+01 -6.376959e+00 -6.600000e+00
      vertex   -2.936719e+01 -6.129289e+00 -4.900000e+00
      vertex   -2.969464e+01 -4.269445e+00 -6.600000e+00
    endloop
  endfacet
  facet normal -9.856004e-01 -1.690190e-01 4.935081e-03
    outer loop
      vertex   -2.969464e+01 -4.269445e+00 -6.600000e+00
      vertex   -2.936719e+01 -6.129289e+00 -4.900000e+00
      vertex   -2.973141e+01 -4.005433e+00 -4.900000e+00
    endloop
  endfacet
  facet normal -9.942584e-01 -1.068938e-01 -4.900268e-03
    outer loop
      vertex   -2.969464e+01 -4.269445e+00 -6.600000e+00
      vertex   -2.973141e+01 -4.005433e+00 -4.900000e+00
      vertex   -2.992356e+01 -2.140175e+00 -6.600000e+00
    endloop
  endfacet
  facet normal -9.951894e-01 -9.783422e-02 5.145274e-03
    outer loop
      vertex   -2.992356e+01 -2.140175e+00 -6.600000e+00
      vertex   -2.973141e+01 -4.005433e+00 -4.900000e+00
      vertex   -2.994223e+01 -1.860911e+00 -4.900000e+00
    endloop
  endfacet
  facet normal -9.993498e-01 -3.569187e-02 -5.108721e-03
    outer loop
      vertex   -2.992356e+01 -2.140175e+00 -6.600000e+00
      vertex   -2.994223e+01 -1.860911e+00 -4.900000e+00
      vertex   -3.000000e+01 0.000000e+00 -6.600000e+00
    endloop
  endfacet
  facet normal -9.996438e-01 -2.614482e-02 5.351985e-03
    outer loop
      vertex   -3.000000e+01 0.000000e+00 -6.600000e+00
      vertex   -2.994223e+01 -1.860911e+00 -4.900000e+00
      vertex   -2.999857e+01 2.932117e-01 -4.900000e+00
    endloop
  endfacet
  facet normal -9.993487e-01 3.569183e-02 -5.313691e-03
    outer loop
      vertex   -3.000000e+01 0.000000e+00 -6.600000e+00
      vertex   -2.999857e+01 2.932117e-01 -4.900000e+00
      vertex   -2.992356e+01 2.140175e+00 -6.600000e+00
    endloop
  endfacet
  facet normal -9.989407e-01 4.567932e-02 5.555213e-03
    outer loop
      vertex   -2.992356e+01 2.140175e+00 -6.600000e+00
      vertex   -2.999857e+01 2.932117e-01 -4.900000e+00
      vertex   -2.990013e+01 2.445822e+00 -4.900000e+00
    endloop
  endfacet
  facet normal -9.942552e-01 1.068935e-01 -5.515179e-03
    outer loop
      vertex   -2.992356e+01 2.140175e+00 -6.600000e+00
      vertex   -2.990013e+01 2.445822e+00 -4.900000e+00
      vertex   -2.969464e+01 4.269445e+00 -6.600000e+00
    endloop
  endfacet
  facet normal -9.930837e-01 1.172676e-01 5.754959e-03
    outer loop
      vertex   -2.969464e+01 4.269445e+00 -6.600000e+00
      vertex   -2.990013e+01 2.445822e+00 -4.900000e+00
      vertex   -2.964743e+01 4.585813e+00 -4.900000e+00
    endloop
  endfacet
  facet normal -9.840951e-01 1.775503e-01 -5.713184e-03
    outer loop
      vertex   -2.969464e+01 4.269445e+00 -6.600000e+00
      vertex   -2.964743e+01 4.585813e+00 -4.900000e+00
      vertex   -2.931441e+01 6.376959e+00 -6.600000e+00
    endloop
  endfacet
  facet normal -9.821030e-01 1.882507e-01 5.951223e-03
    outer loop
      vertex   -2.931441e+01 6.376959e+00 -6.600000e+00
      vertex   -2.964743e+01 4.585813e+00 -4.900000e+00
      vertex   -2.924177e+01 6.702144e+00 -4.900000e+00
    endloop
  endfacet
  facet normal -9.689204e-01 2.473022e-01 -5.907707e-03
    outer loop
      vertex   -2.931441e+01 6.376959e+00 -6.600000e+00
      vertex   -2.924177e+01 6.702144e+00 -4.900000e+00
      vertex   -2.878479e+01 8.451977e+00 -6.600000e+00
    endloop
  endfacet
  facet normal -9.660553e-01 2.582624e-01 6.144004e-03
    outer loop
      vertex   -2.878479e+01 8.451977e+00 -6.600000e+00
      vertex   -2.924177e+01 6.702144e+00 -4.900000e+00
      vertex   -2.868524e+01 8.783897e+00 -4.900000e+00
    endloop
  endfacet
  facet normal -9.488083e-01 3.157937e-01 -6.098748e-03
    outer loop
      vertex   -2.878479e+01 8.451977e+00 -6.600000e+00
      vertex   -2.868524e+01 8.783897e+00 -4.900000e+00
      vertex   -2.810849e+01 1.048393e+01 -6.600000e+00
    endloop
  endfacet
  facet normal -9.450234e-01 3.269415e-01 6.333303e-03
    outer loop
      vertex   -2.810849e+01 1.048393e+01 -6.600000e+00
      vertex   -2.868524e+01 8.783897e+00 -4.900000e+00
      vertex   -2.798072e+01 1.082033e+01 -4.900000e+00
    endloop
  endfacet
  facet normal -9.238613e-01 3.826759e-01 -6.286306e-03
    outer loop
      vertex   -2.810849e+01 1.048393e+01 -6.600000e+00
      vertex   -2.798072e+01 1.082033e+01 -4.900000e+00
      vertex   -2.728896e+01 1.246245e+01 -6.600000e+00
    endloop
  endfacet
  facet normal -9.191158e-01 3.939336e-01 6.519119e-03
    outer loop
      vertex   -2.728896e+01 1.246245e+01 -6.600000e+00
      vertex   -2.798072e+01 1.082033e+01 -4.900000e+00
      vertex   -2.713183e+01 1.280094e+01 -4.900000e+00
    endloop
  endfacet
  facet normal -8.942066e-01 4.476078e-01 -6.470381e-03
    outer loop
      vertex   -2.728896e+01 1.246245e+01 -6.600000e+00
      vertex   -2.713183e+01 1.280094e+01 -4.900000e+00
      vertex   -2.633037e+01 1.437747e+01 -6.600000e+00
    endloop
  endfacet
  facet normal -8.884662e-01 4.588931e-01 6.701453e-03
    outer loop
      vertex   -2.633037e+01 1.437747e+01 -6.600000e+00
      vertex   -2.713183e+01 1.280094e+01 -4.900000e+00
      vertex   -2.614295e+01 1.471550e+01 -4.900000e+00
    endloop
  endfacet
  facet normal -8.599952e-01 5.102587e-01 -6.650974e-03
    outer loop
      vertex   -2.633037e+01 1.437747e+01 -6.600000e+00
      vertex   -2.614295e+01 1.471550e+01 -4.900000e+00
      vertex   -2.523761e+01 1.621922e+01 -6.600000e+00
    endloop
  endfacet
  facet normal -8.532328e-01 5.214848e-01 6.880304e-03
    outer loop
      vertex   -2.523761e+01 1.621922e+01 -6.600000e+00
      vertex   -2.614295e+01 1.471550e+01 -4.900000e+00
      vertex   -2.501920e+01 1.655414e+01 -4.900000e+00
    endloop
  endfacet
  facet normal -8.214016e-01 5.703093e-01 -6.828084e-03
    outer loop
      vertex   -2.523761e+01 1.621922e+01 -6.600000e+00
      vertex   -2.501920e+01 1.655414e+01 -4.900000e+00
      vertex   -2.401624e+01 1.797833e+01 -6.600000e+00
    endloop
  endfacet
  facet normal -8.135974e-01 5.813858e-01 7.055672e-03
    outer loop
      vertex   -2.401624e+01 1.797833e+01 -6.600000e+00
      vertex   -2.501920e+01 1.655414e+01 -4.900000e+00
      vertex   -2.376636e+01 1.830737e+01 -4.900000e+00
    endloop
  endfacet
  facet normal -7.786225e-01 6.274536e-01 -7.001712e-03
    outer loop
      vertex   -2.401624e+01 1.797833e+01 -6.600000e+00
      vertex   -2.376636e+01 1.830737e+01 -4.900000e+00
      vertex   -2.267249e+01 1.964582e+01 -6.600000e+00
    endloop
  endfacet
  facet normal -7.697644e-01 6.382872e-01 7.227558e-03
    outer loop
      vertex   -2.267249e+01 1.964582e+01 -6.600000e+00
      vertex   -2.376636e+01 1.830737e+01 -4.900000e+00
      vertex   -2.239091e+01 1.996615e+01 -4.900000e+00
    endloop
  endfacet
  facet normal -7.318757e-01 6.814004e-01 -7.171857e-03
    outer loop
      vertex   -2.267249e+01 1.964582e+01 -6.600000e+00
      vertex   -2.239091e+01 1.996615e+01 -4.900000e+00
      vertex   -2.121320e+01 2.121320e+01 -6.600000e+00
    endloop
  endfacet
  facet normal -7.219601e-01 6.918952e-01 7.395962e-03
    outer loop
      vertex   -2.121320e+01 2.121320e+01 -6.600000e+00
      vertex   -2.239091e+01 1.996615e+01 -4.900000e+00
      vertex   -2.089993e+01 2.152192e+01 -4.900000e+00
    endloop
  endfacet
  facet normal -6.813996e-01 7.318748e-01 -7.338520e-03
    outer loop
      vertex   -2.121320e+01 2.121320e+01 -6.600000e+00
      vertex   -2.089993e+01 2.152192e+01 -4.900000e+00
      vertex   -1.964582e+01 2.267249e+01 -6.600000e+00
    endloop
  endfacet
  facet normal -6.704310e-01 7.419334e-01 7.560882e-03
    outer loop
      vertex   -1.964582e+01 2.267249e+01 -6.600000e+00
      vertex   -2.089993e+01 2.152192e+01 -4.900000e+00
      vertex   -1.930112e+01 2.296664e+01 -4.900000e+00
    endloop
  endfacet
  facet normal -6.274514e-01 7.786196e-01 -7.501699e-03
    outer loop
      vertex   -1.964582e+01 2.267249e+01 -6.600000e+00
      vertex   -1.930112e+01 2.296664e+01 -4.900000e+00
      vertex   -1.797833e+01 2.401624e+01 -6.600000e+00
    endloop
  endfacet
  facet normal -6.154430e-01 7.881436e-01 7.722320e-03
    outer loop
      vertex   -1.797833e+01 2.401624e+01 -6.600000e+00
      vertex   -1.930112e+01 2.296664e+01 -4.900000e+00
      vertex   -1.760273e+01 2.429287e+01 -4.900000e+00
    endloop
  endfacet
  facet normal -5.703059e-01 8.213967e-01 -7.661397e-03
    outer loop
      vertex   -1.797833e+01 2.401624e+01 -6.600000e+00
      vertex   -1.760273e+01 2.429287e+01 -4.900000e+00
      vertex   -1.621922e+01 2.523761e+01 -6.600000e+00
    endloop
  endfacet
  facet normal -5.572799e-01 8.302873e-01 7.880276e-03
    outer loop
      vertex   -1.621922e+01 2.523761e+01 -6.600000e+00
      vertex   -1.760273e+01 2.429287e+01 -4.900000e+00
      vertex   -1.581353e+01 2.549377e+01 -4.900000e+00
    endloop
  endfacet
  facet normal -5.102544e-01 8.599880e-01 -7.817611e-03
    outer loop
      vertex   -1.621922e+01 2.523761e+01 -6.600000e+00
      vertex   -1.581353e+01 2.549377e+01 -4.900000e+00
      vertex   -1.437747e+01 2.633037e+01 -6.600000e+00
    endloop
  endfacet
  facet normal -4.962418e-01 8.681472e-01 8.034749e-03
    outer loop
      vertex   -1.437747e+01 2.633037e+01 -6.600000e+00
      vertex   -1.581353e+01 2.549377e+01 -4.900000e+00
      vertex   -1.394273e+01 2.656314e+01 -4.900000e+00
    endloop
  endfacet
  facet normal -4.476030e-01 8.941969e-01 -7.970344e-03
    outer loop
      vertex   -1.437747e+01 2.633037e+01 -6.600000e+00
      vertex   -1.394273e+01 2.656314e+01 -4.900000e+00
      vertex   -1.246245e+01 2.728896e+01 -6.600000e+00
    endloop
  endfacet
  facet normal -4.326435e-01 9.015279e-01 8.185739e-03
    outer loop
      vertex   -1.246245e+01 2.728896e+01 -6.600000e+00
      vertex   -1.394273e+01 2.656314e+01 -4.900000e+00
      vertex   -1.200000e+01 2.749545e+01 -4.900000e+00
    endloop
  endfacet
  facet normal -3.826708e-01 9.238491e-01 -8.119593e-03
    outer loop
      vertex   -1.246245e+01 2.728896e+01 -6.600000e+00
      vertex   -1.200000e+01 2.749545e+01 -4.900000e+00
      vertex   -1.048393e+01 2.810849e+01 -6.600000e+00
    endloop
  endfacet
  facet normal -3.748714e-01 9.270768e-01 1.761827e-17
    outer loop
      vertex   -1.048393e+01 2.810849e+01 -6.600000e+00
      vertex   -1.200000e+01 2.749545e+01 -4.900000e+00
      vertex   -1.200000e+01 2.749545e+01 -3.900000e+00
    endloop
  endfacet
  facet normal -3.683375e-01 9.296824e-01 4.260398e-03
    outer loop
      vertex   -1.048393e+01 2.810849e+01 -6.600000e+00
      vertex   -1.200000e+01 2.749545e+01 -3.900000e+00
      vertex   -1.008746e+01 2.825320e+01 -3.900000e+00
    endloop
  endfacet
  facet normal 9.989407e-01 4.567932e-02 5.555213e-03
    outer loop
      vertex   2.999857e+01 2.932117e-01 -4.900000e+00
      vertex   2.992356e+01 2.140175e+00 -6.600000e+00
      vertex   2.990013e+01 2.445822e+00 -4.900000e+00
    endloop
  endfacet
  facet normal 9.942552e-01 1.068935e-01 -5.515179e-03
    outer loop
      vertex   2.990013e+01 2.445822e+00 -4.900000e+00
      vertex   2.992356e+01 2.140175e+00 -6.600000e+00
      vertex   2.969464e+01 4.269445e+00 -6.600000e+00
    endloop
  endfacet
  facet normal 9.930837e-01 1.172676e-01 5.754959e-03
    outer loop
      vertex   2.990013e+01 2.445822e+00 -4.900000e+00
      vertex   2.969464e+01 4.269445e+00 -6.600000e+00
      vertex   2.964743e+01 4.585813e+00 -4.900000e+00
    endloop
  endfacet
  facet normal 9.840951e-01 1.775503e-01 -5.713184e-03
    outer loop
      vertex   2.964743e+01 4.585813e+00 -4.900000e+00
      vertex   2.969464e+01 4.269445e+00 -6.600000e+00
      vertex   2.931441e+01 6.376959e+00 -6.600000e+00
    endloop
  endfacet
  facet normal 9.821030e-01 1.882507e-01 5.951223e-03
    outer loop
      vertex   2.964743e+01 4.585813e+00 -4.900000e+00
      vertex   2.931441e+01 6.376959e+00 -6.600000e+00
      vertex   2.924177e+01 6.702144e+00 -4.900000e+00
    endloop
  endfacet
  facet normal 9.689204e-01 2.473022e-01 -5.907707e-03
    outer loop
      vertex   2.924177e+01 6.702144e+00 -4.900000e+00
      vertex   2.931441e+01 6.376959e+00 -6.600000e+00
      vertex   2.878479e+01 8.451977e+00 -6.600000e+00
    endloop
  endfacet
  facet normal 9.660553e-01 2.582624e-01 6.144004e-03
    outer loop
      vertex   2.924177e+01 6.702144e+00 -4.900000e+00
      vertex   2.878479e+01 8.451977e+00 -6.600000e+00
      vertex   2.868524e+01 8.783897e+00 -4.900000e+00
    endloop
  endfacet
  facet normal 9.488083e-01 3.157937e-01 -6.098748e-03
    outer loop
      vertex   2.868524e+01 8.783897e+00 -4.900000e+00
      vertex   2.878479e+01 8.451977e+00 -6.600000e+00
      vertex   2.810849e+01 1.048393e+01 -6.600000e+00
    endloop
  endfacet
  facet normal 9.450234e-01 3.269415e-01 6.333303e-03
    outer loop
      vertex   2.868524e+01 8.783897e+00 -4.900000e+00
      vertex   2.810849e+01 1.048393e+01 -6.600000e+00
      vertex   2.798072e+01 1.082033e+01 -4.900000e+00
    endloop
  endfacet
  facet normal 9.238613e-01 3.826759e-01 -6.286306e-03
    outer loop
      vertex   2.798072e+01 1.082033e+01 -4.900000e+00
      vertex   2.810849e+01 1.048393e+01 -6.600000e+00
      vertex   2.728896e+01 1.246245e+01 -6.600000e+00
    endloop
  endfacet
  facet normal 9.191158e-01 3.939336e-01 6.519119e-03
    outer loop
      vertex   2.798072e+01 1.082033e+01 -4.900000e+00
      vertex   2.728896e+01 1.246245e+01 -6.600000e+00
      vertex   2.713183e+01 1.280094e+01 -4.900000e+00
    endloop
  endfacet
  facet normal 8.942066e-01 4.476078e-01 -6.470381e-03
    outer loop
      vertex   2.713183e+01 1.280094e+01 -4.900000e+00
      vertex   2.728896e+01 1.246245e+01 -6.600000e+00
      vertex   2.633037e+01 1.437747e+01 -6.600000e+00
    endloop
  endfacet
  facet normal 8.884662e-01 4.588931e-01 6.701453e-03
    outer loop
      vertex   2.713183e+01 1.280094e+01 -4.900000e+00
      vertex   2.633037e+01 1.437747e+01 -6.600000e+00
      vertex   2.614295e+01 1.471550e+01 -4.900000e+00
    endloop
  endfacet
  facet normal 8.599952e-01 5.102587e-01 -6.650974e-03
    outer loop
      vertex   2.614295e+01 1.471550e+01 -4.900000e+00
      vertex   2.633037e+01 1.437747e+01 -6.600000e+00
      vertex   2.523761e+01 1.621922e+01 -6.600000e+00
    endloop
  endfacet
  facet normal 8.532328e-01 5.214848e-01 6.880304e-03
    outer loop
      vertex   2.614295e+01 1.471550e+01 -4.900000e+00
      vertex   2.523761e+01 1.621922e+01 -6.600000e+00
      vertex   2.501920e+01 1.655414e+01 -4.900000e+00
    endloop
  endfacet
  facet normal 8.214016e-01 5.703093e-01 -6.828084e-03
    outer loop
      vertex   2.501920e+01 1.655414e+01 -4.900000e+00
      vertex   2.523761e+01 1.621922e+01 -6.600000e+00
      vertex   2.401624e+01 1.797833e+01 -6.600000e+00
    endloop
  endfacet
  facet normal 8.135974e-01 5.813858e-01 7.055672e-03
    outer loop
      vertex   2.501920e+01 1.655414e+01 -4.900000e+00
      vertex   2.401624e+01 1.797833e+01 -6.600000e+00
      vertex   2.376636e+01 1.830737e+01 -4.900000e+00
    endloop
  endfacet
  facet normal 7.786225e-01 6.274536e-01 -7.001712e-03
    outer loop
      vertex   2.376636e+01 1.830737e+01 -4.900000e+00
      vertex   2.401624e+01 1.797833e+01 -6.600000e+00
      vertex   2.267249e+01 1.964582e+01 -6.600000e+00
    endloop
  endfacet
  facet normal 7.697644e-01 6.382872e-01 7.227558e-03
    outer loop
      vertex   2.376636e+01 1.830737e+01 -4.900000e+00
      vertex   2.267249e+01 1.964582e+01 -6.600000e+00
      vertex   2.239091e+01 1.996615e+01 -4.900000e+00
    endloop
  endfacet
  facet normal 7.318757e-01 6.814004e-01 -7.171857e-03
    outer loop
      vertex   2.239091e+01 1.996615e+01 -4.900000e+00
      vertex   2.267249e+01 1.964582e+01 -6.600000e+00
      vertex   2.121320e+01 2.121320e+01 -6.600000e+00
    endloop
  endfacet
  facet normal 7.219601e-01 6.918952e-01 7.395962e-03
    outer loop
      vertex   2.239091e+01 1.996615e+01 -4.900000e+00
      vertex   2.121320e+01 2.121320e+01 -6.600000e+00
      vertex   2.089993e+01 2.152192e+01 -4.900000e+00
    endloop
  endfacet
  facet normal 6.813996e-01 7.318748e-01 -7.338520e-03
    outer loop
      vertex   2.089993e+01 2.152192e+01 -4.900000e+00
      vertex   2.121320e+01 2.121320e+01 -6.600000e+00
      vertex   1.964582e+01 2.267249e+01 -6.600000e+00
    endloop
  endfacet
  facet normal 6.704310e-01 7.419334e-01 7.560882e-03
    outer loop
      vertex   2.089993e+01 2.152192e+01 -4.900000e+00
      vertex   1.964582e+01 2.267249e+01 -6.600000e+00
      vertex   1.930112e+01 2.296664e+01 -4.900000e+00
    endloop
  endfacet
  facet normal 6.274514e-01 7.786196e-01 -7.501699e-03
    outer loop
      vertex   1.930112e+01 2.296664e+01 -4.900000e+00
      vertex   1.964582e+01 2.267249e+01 -6.600000e+00
      vertex   1.797833e+01 2.401624e+01 -6.600000e+00
    endloop
  endfacet
  facet normal 6.154430e-01 7.881436e-01 7.722320e-03
    outer loop
      vertex   1.930112e+01 2.296664e+01 -4.900000e+00
      vertex   1.797833e+01 2.401624e+01 -6.600000e+00
      vertex   1.760273e+01 2.429287e+01 -4.900000e+00
    endloop
  endfacet
  facet normal 5.703059e-01 8.213967e-01 -7.661397e-03
    outer loop
      vertex   1.760273e+01 2.429287e+01 -4.900000e+00
      vertex   1.797833e+01 2.401624e+01 -6.600000e+00
      vertex   1.621922e+01 2.523761e+01 -6.600000e+00
    endloop
  endfacet
  facet normal 5.572799e-01 8.302873e-01 7.880276e-03
    outer loop
      vertex   1.760273e+01 2.429287e+01 -4.900000e+00
      vertex   1.621922e+01 2.523761e+01 -6.600000e+00
      vertex   1.581353e+01 2.549377e+01 -4.900000e+00
    endloop
  endfacet
  facet normal 5.102544e-01 8.599880e-01 -7.817611e-03
    outer loop
      vertex   1.581353e+01 2.549377e+01 -4.900000e+00
      vertex   1.621922e+01 2.523761e+01 -6.600000e+00
      vertex   1.437747e+01 2.633037e+01 -6.600000e+00
    endloop
  endfacet
  facet normal 4.962418e-01 8.681472e-01 8.034749e-03
    outer loop
      vertex   1.581353e+01 2.549377e+01 -4.900000e+00
      vertex   1.437747e+01 2.633037e+01 -6.600000e+00
      vertex   1.394273e+01 2.656314e+01 -4.900000e+00
    endloop
  endfacet
  facet normal 4.476030e-01 8.941969e-01 -7.970344e-03
    outer loop
      vertex   1.394273e+01 2.656314e+01 -4.900000e+00
      vertex   1.437747e+01 2.633037e+01 -6.600000e+00
      vertex   1.246245e+01 2.728896e+01 -6.600000e+00
    endloop
  endfacet
  facet normal 4.326435e-01 9.015279e-01 8.185739e-03
    outer loop
      vertex   1.394273e+01 2.656314e+01 -4.900000e+00
      vertex   1.246245e+01 2.728896e+01 -6.600000e+00
      vertex   1.200000e+01 2.749545e+01 -4.900000e+00
    endloop
  endfacet
  facet normal 3.826708e-01 9.238491e-01 -8.119593e-03
    outer loop
      vertex   1.200000e+01 2.749545e+01 -4.900000e+00
      vertex   1.246245e+01 2.728896e+01 -6.600000e+00
      vertex   1.048393e+01 2.810849e+01 -6.600000e+00
    endloop
  endfacet
  facet normal 3.748714e-01 9.270768e-01 -0.000000e+00
    outer loop
      vertex   1.200000e+01 2.749545e+01 -4.900000e+00
      vertex   1.048393e+01 2.810849e+01 -6.600000e+00
      vertex   1.200000e+01 2.749545e+01 -3.900000e+00
    endloop
  endfacet
  facet normal 3.683375e-01 9.296824e-01 4.260398e-03
    outer loop
      vertex   1.200000e+01 2.749545e+01 -3.900000e+00
      vertex   1.048393e+01 2.810849e+01 -6.600000e+00
      vertex   1.008746e+01 2.825320e+01 -3.900000e+00
    endloop
  endfacet
  facet normal 3.157964e-01 9.488164e-01 -4.480216e-03
    outer loop
      vertex   1.008746e+01 2.825320e+01 -3.900000e+00
      vertex   1.048393e+01 2.810849e+01 -6.600000e+00
      vertex   8.451977e+00 2.878479e+01 -6.600000e+00
    endloop
  endfacet
  facet normal 3.037590e-01 9.527422e-01 3.584197e-03
    outer loop
      vertex   1.008746e+01 2.825320e+01 -3.900000e+00
      vertex   8.451977e+00 2.878479e+01 -6.600000e+00
      vertex   8.127482e+00 2.887809e+01 -3.900000e+00
    endloop
  endfacet
  facet normal 2.473048e-01 9.689305e-01 -3.760047e-03
    outer loop
      vertex   8.127482e+00 2.887809e+01 -3.900000e+00
      vertex   8.451977e+00 2.878479e+01 -6.600000e+00
      vertex   6.376959e+00 2.931441e+01 -6.600000e+00
    endloop
  endfacet
  facet normal 2.377517e-01 9.713219e-01 2.820050e-03
    outer loop
      vertex   8.127482e+00 2.887809e+01 -3.900000e+00
      vertex   6.376959e+00 2.931441e+01 -6.600000e+00
      vertex   6.129289e+00 2.936719e+01 -3.900000e+00
    endloop
  endfacet
  facet normal 1.775524e-01 9.841069e-01 -2.951933e-03
    outer loop
      vertex   6.129289e+00 2.936719e+01 -3.900000e+00
      vertex   6.376959e+00 2.931441e+01 -6.600000e+00
      vertex   4.269445e+00 2.969464e+01 -6.600000e+00
    endloop
  endfacet
  facet normal 1.706261e-01 9.853339e-01 1.967964e-03
    outer loop
      vertex   6.129289e+00 2.936719e+01 -3.900000e+00
      vertex   4.269445e+00 2.969464e+01 -6.600000e+00
      vertex   4.102275e+00 2.971820e+01 -3.900000e+00
    endloop
  endfacet
  facet normal 1.068949e-01 9.942682e-01 -2.055882e-03
    outer loop
      vertex   4.102275e+00 2.971820e+01 -3.900000e+00
      vertex   4.269445e+00 2.969464e+01 -6.600000e+00
      vertex   2.140175e+00 2.992356e+01 -6.600000e+00
    endloop
  endfacet
  facet normal 1.026978e-01 9.947121e-01 1.027944e-03
    outer loop
      vertex   4.102275e+00 2.971820e+01 -3.900000e+00
      vertex   2.140175e+00 2.992356e+01 -6.600000e+00
      vertex   2.055971e+00 2.992947e+01 -3.900000e+00
    endloop
  endfacet
  facet normal 3.569231e-02 9.993623e-01 -1.071902e-03
    outer loop
      vertex   2.055971e+00 2.992947e+01 -3.900000e+00
      vertex   2.140175e+00 2.992356e+01 -6.600000e+00
      vertex   -1.836970e-15 3.000000e+01 -6.600000e+00
    endloop
  endfacet
  facet normal 3.428635e-02 9.994121e-01 -1.652066e-18
    outer loop
      vertex   2.055971e+00 2.992947e+01 -3.900000e+00
      vertex   -1.836970e-15 3.000000e+01 -6.600000e+00
      vertex   -1.836970e-15 3.000000e+01 -3.900000e+00
    endloop
  endfacet
  facet normal -3.428635e-02 9.994121e-01 0.000000e+00
    outer loop
      vertex   -1.836970e-15 3.000000e+01 -3.900000e+00
      vertex   -1.836970e-15 3.000000e+01 -6.600000e+00
      vertex   -2.055971e+00 2.992947e+01 -3.900000e+00
    endloop
  endfacet
  facet normal -3.569231e-02 9.993623e-01 -1.071902e-03
    outer loop
      vertex   -2.055971e+00 2.992947e+01 -3.900000e+00
      vertex   -1.836970e-15 3.000000e+01 -6.600000e+00
      vertex   -2.140175e+00 2.992356e+01 -6.600000e+00
    endloop
  endfacet
  facet normal -1.026978e-01 9.947121e-01 1.027944e-03
    outer loop
      vertex   -2.055971e+00 2.992947e+01 -3.900000e+00
      vertex   -2.140175e+00 2.992356e+01 -6.600000e+00
      vertex   -4.102275e+00 2.971820e+01 -3.900000e+00
    endloop
  endfacet
  facet normal -1.068949e-01 9.942682e-01 -2.055882e-03
    outer loop
      vertex   -4.102275e+00 2.971820e+01 -3.900000e+00
      vertex   -2.140175e+00 2.992356e+01 -6.600000e+00
      vertex   -4.269445e+00 2.969464e+01 -6.600000e+00
    endloop
  endfacet
  facet normal -1.706261e-01 9.853339e-01 1.967964e-03
    outer loop
      vertex   -4.102275e+00 2.971820e+01 -3.900000e+00
      vertex   -4.269445e+00 2.969464e+01 -6.600000e+00
      vertex   -6.129289e+00 2.936719e+01 -3.900000e+00
    endloop
  endfacet
  facet normal -1.775524e-01 9.841069e-01 -2.951933e-03
    outer loop
      vertex   -6.129289e+00 2.936719e+01 -3.900000e+00
      vertex   -4.269445e+00 2.969464e+01 -6.600000e+00
      vertex   -6.376959e+00 2.931441e+01 -6.600000e+00
    endloop
  endfacet
  facet normal -2.377517e-01 9.713219e-01 2.820050e-03
    outer loop
      vertex   -6.129289e+00 2.936719e+01 -3.900000e+00
      vertex   -6.376959e+00 2.931441e+01 -6.600000e+00
      vertex   -8.127482e+00 2.887809e+01 -3.900000e+00
    endloop
  endfacet
  facet normal -2.473048e-01 9.689305e-01 -3.760047e-03
    outer loop
      vertex   -8.127482e+00 2.887809e+01 -3.900000e+00
      vertex   -6.376959e+00 2.931441e+01 -6.600000e+00
      vertex   -8.451977e+00 2.878479e+01 -6.600000e+00
    endloop
  endfacet
  facet normal -3.037590e-01 9.527422e-01 3.584197e-03
    outer loop
      vertex   -8.127482e+00 2.887809e+01 -3.900000e+00
      vertex   -8.451977e+00 2.878479e+01 -6.600000e+00
      vertex   -1.008746e+01 2.825320e+01 -3.900000e+00
    endloop
  endfacet
  facet normal -3.157964e-01 9.488164e-01 -4.480216e-03
    outer loop
      vertex   -1.008746e+01 2.825320e+01 -3.900000e+00
      vertex   -8.451977e+00 2.878479e+01 -6.600000e+00
      vertex   -1.048393e+01 2.810849e+01 -6.600000e+00
    endloop
  endfacet
  facet normal -0.000000e+00 0.000000e+00 -1.000000e+00
    outer loop
      vertex   -2.792354e+01 -2.067871e+00 -6.600000e+00
      vertex   -2.992356e+01 -2.140175e+00 -6.600000e+00
      vertex   -2.800000e+01 -3.429011e-15 -6.600000e+00
    endloop
  endfacet
  facet normal -0.000000e+00 0.000000e+00 -1.000000e+00
    outer loop
      vertex   -2.800000e+01 -3.429011e-15 -6.600000e+00
      vertex   -2.992356e+01 -2.140175e+00 -6.600000e+00
      vertex   -3.000000e+01 0.000000e+00 -6.600000e+00
    endloop
  endfacet
  facet normal 0.000000e+00 0.000000e+00 -1.000000e+00
    outer loop
      vertex   -2.800000e+01 -3.429011e-15 -6.600000e+00
      vertex   -3.000000e+01 0.000000e+00 -6.600000e+00
      vertex   -2.992356e+01 2.140175e+00 -6.600000e+00
    endloop
  endfacet
  facet normal 0.000000e+00 0.000000e+00 -1.000000e+00
    outer loop
      vertex   -2.992356e+01 -2.140175e+00 -6.600000e+00
      vertex   -2.792354e+01 -2.067871e+00 -6.600000e+00
      vertex   -2.969464e+01 -4.269445e+00 -6.600000e+00
    endloop
  endfacet
  facet normal 0.000000e+00 0.000000e+00 -1.000000e+00
    outer loop
      vertex   -2.969464e+01 -4.269445e+00 -6.600000e+00
      vertex   -2.792354e+01 -2.067871e+00 -6.600000e+00
      vertex   -2.769457e+01 -4.124448e+00 -6.600000e+00
    endloop
  endfacet
  facet normal 0.000000e+00 0.000000e+00 -1.000000e+00
    outer loop
      vertex   -2.969464e+01 -4.269445e+00 -6.600000e+00
      vertex   -2.769457e+01 -4.124448e+00 -6.600000e+00
      vertex   -2.931441e+01 -6.376959e+00 -6.600000e+00
    endloop
  endfacet
  facet normal 0.000000e+00 0.000000e+00 -1.000000e+00
    outer loop
      vertex   -2.931441e+01 -6.376959e+00 -6.600000e+00
      vertex   -2.769457e+01 -4.124448e+00 -6.600000e+00
      vertex   -2.731434e+01 -6.158498e+00 -6.600000e+00
    endloop
  endfacet
  facet normal 0.000000e+00 0.000000e+00 -1.000000e+00
    outer loop
      vertex   -2.931441e+01 -6.376959e+00 -6.600000e+00
      vertex   -2.731434e+01 -6.158498e+00 -6.600000e+00
      vertex   -2.878479e+01 -8.451977e+00 -6.600000e+00
    endloop
  endfacet
  facet normal 0.000000e+00 0.000000e+00 -1.000000e+00
    outer loop
      vertex   -2.878479e+01 -8.451977e+00 -6.600000e+00
      vertex   -2.731434e+01 -6.158498e+00 -6.600000e+00
      vertex   -2.678492e+01 -8.158913e+00 -6.600000e+00
    endloop
  endfacet
  facet normal 0.000000e+00 0.000000e+00 -1.000000e+00
    outer loop
      vertex   -2.878479e+01 -8.451977e+00 -6.600000e+00
      vertex   -2.678492e+01 -8.158913e+00 -6.600000e+00
      vertex   -2.810849e+01 -1.048393e+01 -6.600000e+00
    endloop
  endfacet
  facet normal 0.000000e+00 0.000000e+00 -1.000000e+00
    outer loop
      vertex   -2.810849e+01 -1.048393e+01 -6.600000e+00
      vertex   -2.678492e+01 -8.158913e+00 -6.600000e+00
      vertex   -2.610922e+01 -1.011477e+01 -6.600000e+00
    endloop
  endfacet
  facet normal 0.000000e+00 0.000000e+00 -1.000000e+00
    outer loop
      vertex   -2.810849e+01 -1.048393e+01 -6.600000e+00
      vertex   -2.610922e+01 -1.011477e+01 -6.600000e+00
      vertex   -2.728896e+01 -1.246245e+01 -6.600000e+00
    endloop
  endfacet
  facet normal 0.000000e+00 0.000000e+00 -1.000000e+00
    outer loop
      vertex   -2.728896e+01 -1.246245e+01 -6.600000e+00
      vertex   -2.610922e+01 -1.011477e+01 -6.600000e+00
      vertex   -2.529092e+01 -1.201538e+01 -6.600000e+00
    endloop
  endfacet
  facet normal 0.000000e+00 0.000000e+00 -1.000000e+00
    outer loop
      vertex   -2.728896e+01 -1.246245e+01 -6.600000e+00
      vertex   -2.529092e+01 -1.201538e+01 -6.600000e+00
      vertex   -2.633037e+01 -1.437747e+01 -6.600000e+00
    endloop
  endfacet
  facet normal 0.000000e+00 0.000000e+00 -1.000000e+00
    outer loop
      vertex   -2.633037e+01 -1.437747e+01 -6.600000e+00
      vertex   -2.529092e+01 -1.201538e+01 -6.600000e+00
      vertex   -2.433449e+01 -1.385036e+01 -6.600000e+00
    endloop
  endfacet
  facet normal 0.000000e+00 0.000000e+00 -1.000000e+00
    outer loop
      vertex   -2.633037e+01 -1.437747e+01 -6.600000e+00
      vertex   -2.433449e+01 -1.385036e+01 -6.600000e+00
      vertex   -2.523761e+01 -1.621922e+01 -6.600000e+00
    endloop
  endfacet
  facet normal 0.000000e+00 0.000000e+00 -1.000000e+00
    outer loop
      vertex   -2.523761e+01 -1.621922e+01 -6.600000e+00
      vertex   -2.433449e+01 -1.385036e+01 -6.600000e+00
      vertex   -2.324515e+01 -1.560970e+01 -6.600000e+00
    endloop
  endfacet
  facet normal 0.000000e+00 0.000000e+00 -1.000000e+00
    outer loop
      vertex   -2.523761e+01 -1.621922e+01 -6.600000e+00
      vertex   -2.324515e+01 -1.560970e+01 -6.600000e+00
      vertex   -2.401624e+01 -1.797833e+01 -6.600000e+00
    endloop
  endfacet
  facet normal 0.000000e+00 0.000000e+00 -1.000000e+00
    outer loop
      vertex   -2.401624e+01 -1.797833e+01 -6.600000e+00
      vertex   -2.324515e+01 -1.560970e+01 -6.600000e+00
      vertex   -2.202886e+01 -1.728379e+01 -6.600000e+00
    endloop
  endfacet
  facet normal 0.000000e+00 0.000000e+00 -1.000000e+00
    outer loop
      vertex   -2.401624e+01 -1.797833e+01 -6.600000e+00
      vertex   -2.202886e+01 -1.728379e+01 -6.600000e+00
      vertex   -2.267249e+01 -1.964582e+01 -6.600000e+00
    endloop
  endfacet
  facet normal 0.000000e+00 0.000000e+00 -1.000000e+00
    outer loop
      vertex   -2.267249e+01 -1.964582e+01 -6.600000e+00
      vertex   -2.202886e+01 -1.728379e+01 -6.600000e+00
      vertex   -2.069225e+01 -1.886348e+01 -6.600000e+00
    endloop
  endfacet
  facet normal 0.000000e+00 0.000000e+00 -1.000000e+00
    outer loop
      vertex   -2.267249e+01 -1.964582e+01 -6.600000e+00
      vertex   -2.069225e+01 -1.886348e+01 -6.600000e+00
      vertex   -2.121320e+01 -2.121320e+01 -6.600000e+00
    endloop
  endfacet
  facet normal 0.000000e+00 0.000000e+00 -1.000000e+00
    outer loop
      vertex   -2.121320e+01 -2.121320e+01 -6.600000e+00
      vertex   -2.069225e+01 -1.886348e+01 -6.600000e+00
      vertex   -1.924263e+01 -2.034014e+01 -6.600000e+00
    endloop
  endfacet
  facet normal 0.000000e+00 0.000000e+00 -1.000000e+00
    outer loop
      vertex   -2.121320e+01 -2.121320e+01 -6.600000e+00
      vertex   -1.924263e+01 -2.034014e+01 -6.600000e+00
      vertex   -1.964582e+01 -2.267249e+01 -6.600000e+00
    endloop
  endfacet
  facet normal 0.000000e+00 0.000000e+00 -1.000000e+00
    outer loop
      vertex   -1.964582e+01 -2.267249e+01 -6.600000e+00
      vertex   -1.924263e+01 -2.034014e+01 -6.600000e+00
      vertex   -1.768791e+01 -2.170571e+01 -6.600000e+00
    endloop
  endfacet
  facet normal 0.000000e+00 0.000000e+00 -1.000000e+00
    outer loop
      vertex   -1.964582e+01 -2.267249e+01 -6.600000e+00
      vertex   -1.768791e+01 -2.170571e+01 -6.600000e+00
      vertex   -1.797833e+01 -2.401624e+01 -6.600000e+00
    endloop
  endfacet
  facet normal 0.000000e+00 0.000000e+00 -1.000000e+00
    outer loop
      vertex   -1.797833e+01 -2.401624e+01 -6.600000e+00
      vertex   -1.768791e+01 -2.170571e+01 -6.600000e+00
      vertex   -1.603658e+01 -2.295273e+01 -6.600000e+00
    endloop
  endfacet
  facet normal 0.000000e+00 0.000000e+00 -1.000000e+00
    outer loop
      vertex   -1.797833e+01 -2.401624e+01 -6.600000e+00
      vertex   -1.603658e+01 -2.295273e+01 -6.600000e+00
      vertex   -1.621922e+01 -2.523761e+01 -6.600000e+00
    endloop
  endfacet
  facet normal 0.000000e+00 0.000000e+00 -1.000000e+00
    outer loop
      vertex   -1.621922e+01 -2.523761e+01 -6.600000e+00
      vertex   -1.603658e+01 -2.295273e+01 -6.600000e+00
      vertex   -1.429767e+01 -2.407440e+01 -6.600000e+00
    endloop
  endfacet
  facet normal 0.000000e+00 0.000000e+00 -1.000000e+00
    outer loop
      vertex   -1.621922e+01 -2.523761e+01 -6.600000e+00
      vertex   -1.429767e+01 -2.407440e+01 -6.600000e+00
      vertex   -1.437747e+01 -2.633037e+01 -6.600000e+00
    endloop
  endfacet
  facet normal 0.000000e+00 0.000000e+00 -1.000000e+00
    outer loop
      vertex   -1.437747e+01 -2.633037e+01 -6.600000e+00
      vertex   -1.429767e+01 -2.407440e+01 -6.600000e+00
      vertex   -1.248067e+01 -2.506457e+01 -6.600000e+00
    endloop
  endfacet
  facet normal 0.000000e+00 0.000000e+00 -1.000000e+00
    outer loop
      vertex   -1.437747e+01 -2.633037e+01 -6.600000e+00
      vertex   -1.248067e+01 -2.506457e+01 -6.600000e+00
      vertex   -1.246245e+01 -2.728896e+01 -6.600000e+00
    endloop
  endfacet
  facet normal 0.000000e+00 0.000000e+00 -1.000000e+00
    outer loop
      vertex   -1.246245e+01 -2.728896e+01 -6.600000e+00
      vertex   -1.248067e+01 -2.506457e+01 -6.600000e+00
      vertex   -1.059551e+01 -2.591785e+01 -6.600000e+00
    endloop
  endfacet
  facet normal 0.000000e+00 0.000000e+00 -1.000000e+00
    outer loop
      vertex   -1.246245e+01 -2.728896e+01 -6.600000e+00
      vertex   -1.059551e+01 -2.591785e+01 -6.600000e+00
      vertex   -1.048393e+01 -2.810849e+01 -6.600000e+00
    endloop
  endfacet
  facet normal 0.000000e+00 0.000000e+00 -1.000000e+00
    outer loop
      vertex   -1.048393e+01 -2.810849e+01 -6.600000e+00
      vertex   -1.059551e+01 -2.591785e+01 -6.600000e+00
      vertex   -8.652476e+00 -2.662958e+01 -6.600000e+00
    endloop
  endfacet
  facet normal 0.000000e+00 0.000000e+00 -1.000000e+00
    outer loop
      vertex   -1.048393e+01 -2.810849e+01 -6.600000e+00
      vertex   -8.652476e+00 -2.662958e+01 -6.600000e+00
      vertex   -8.451977e+00 -2.878479e+01 -6.600000e+00
    endloop
  endfacet
  facet normal 0.000000e+00 0.000000e+00 -1.000000e+00
    outer loop
      vertex   -8.451977e+00 -2.878479e+01 -6.600000e+00
      vertex   -8.652476e+00 -2.662958e+01 -6.600000e+00
      vertex   -6.662185e+00 -2.719587e+01 -6.600000e+00
    endloop
  endfacet
  facet normal 0.000000e+00 0.000000e+00 -1.000000e+00
    outer loop
      vertex   -8.451977e+00 -2.878479e+01 -6.600000e+00
      vertex   -6.662185e+00 -2.719587e+01 -6.600000e+00
      vertex   -6.376959e+00 -2.931441e+01 -6.600000e+00
    endloop
  endfacet
  facet normal 0.000000e+00 0.000000e+00 -1.000000e+00
    outer loop
      vertex   -6.376959e+00 -2.931441e+01 -6.600000e+00
      vertex   -6.662185e+00 -2.719587e+01 -6.600000e+00
      vertex   -4.635509e+00 -2.761362e+01 -6.600000e+00
    endloop
  endfacet
  facet normal 0.000000e+00 0.000000e+00 -1.000000e+00
    outer loop
      vertex   -6.376959e+00 -2.931441e+01 -6.600000e+00
      vertex   -4.635509e+00 -2.761362e+01 -6.600000e+00
      vertex   -4.269445e+00 -2.969464e+01 -6.600000e+00
    endloop
  endfacet
  facet normal 0.000000e+00 0.000000e+00 -1.000000e+00
    outer loop
      vertex   -4.269445e+00 -2.969464e+01 -6.600000e+00
      vertex   -4.635509e+00 -2.761362e+01 -6.600000e+00
      vertex   -2.583514e+00 -2.788056e+01 -6.600000e+00
    endloop
  endfacet
  facet normal 0.000000e+00 0.000000e+00 -1.000000e+00
    outer loop
      vertex   -4.269445e+00 -2.969464e+01 -6.600000e+00
      vertex   -2.583514e+00 -2.788056e+01 -6.600000e+00
      vertex   -2.140175e+00 -2.992356e+01 -6.600000e+00
    endloop
  endfacet
  facet normal 0.000000e+00 0.000000e+00 -1.000000e+00
    outer loop
      vertex   -2.140175e+00 -2.992356e+01 -6.600000e+00
      vertex   -2.583514e+00 -2.788056e+01 -6.600000e+00
      vertex   -5.174093e-01 -2.799522e+01 -6.600000e+00
    endloop
  endfacet
  facet normal 0.000000e+00 0.000000e+00 -1.000000e+00
    outer loop
      vertex   -2.140175e+00 -2.992356e+01 -6.600000e+00
      vertex   -5.174093e-01 -2.799522e+01 -6.600000e+00
      vertex   -1.836970e-15 -3.000000e+01 -6.600000e+00
    endloop
  endfacet
  facet normal 0.000000e+00 0.000000e+00 -1.000000e+00
    outer loop
      vertex   -1.836970e-15 -3.000000e+01 -6.600000e+00
      vertex   -5.174093e-01 -2.799522e+01 -6.600000e+00
      vertex   1.551521e+00 -2.795698e+01 -6.600000e+00
    endloop
  endfacet
  facet normal 0.000000e+00 0.000000e+00 -1.000000e+00
    outer loop
      vertex   -1.836970e-15 -3.000000e+01 -6.600000e+00
      vertex   1.551521e+00 -2.795698e+01 -6.600000e+00
      vertex   2.140175e+00 -2.992356e+01 -6.600000e+00
    endloop
  endfacet
  facet normal 0.000000e+00 0.000000e+00 -1.000000e+00
    outer loop
      vertex   2.140175e+00 -2.992356e+01 -6.600000e+00
      vertex   1.551521e+00 -2.795698e+01 -6.600000e+00
      vertex   3.611978e+00 -2.776605e+01 -6.600000e+00
    endloop
  endfacet
  facet normal 0.000000e+00 0.000000e+00 -1.000000e+00
    outer loop
      vertex   2.140175e+00 -2.992356e+01 -6.600000e+00
      vertex   3.611978e+00 -2.776605e+01 -6.600000e+00
      vertex   4.269445e+00 -2.969464e+01 -6.600000e+00
    endloop
  endfacet
  facet normal 0.000000e+00 0.000000e+00 -1.000000e+00
    outer loop
      vertex   4.269445e+00 -2.969464e+01 -6.600000e+00
      vertex   3.611978e+00 -2.776605e+01 -6.600000e+00
      vertex   5.652707e+00 -2.742347e+01 -6.600000e+00
    endloop
  endfacet
  facet normal 0.000000e+00 0.000000e+00 -1.000000e+00
    outer loop
      vertex   4.269445e+00 -2.969464e+01 -6.600000e+00
      vertex   5.652707e+00 -2.742347e+01 -6.600000e+00
      vertex   6.376959e+00 -2.931441e+01 -6.600000e+00
    endloop
  endfacet
  facet normal 0.000000e+00 0.000000e+00 -1.000000e+00
    outer loop
      vertex   6.376959e+00 -2.931441e+01 -6.600000e+00
      vertex   5.652707e+00 -2.742347e+01 -6.600000e+00
      vertex   7.662564e+00 -2.693112e+01 -6.600000e+00
    endloop
  endfacet
  facet normal 0.000000e+00 0.000000e+00 -1.000000e+00
    outer loop
      vertex   6.376959e+00 -2.931441e+01 -6.600000e+00
      vertex   7.662564e+00 -2.693112e+01 -6.600000e+00
      vertex   8.451977e+00 -2.878479e+01 -6.600000e+00
    endloop
  endfacet
  facet normal 0.000000e+00 0.000000e+00 -1.000000e+00
    outer loop
      vertex   8.451977e+00 -2.878479e+01 -6.600000e+00
      vertex   7.662564e+00 -2.693112e+01 -6.600000e+00
      vertex   9.630570e+00 -2.629167e+01 -6.600000e+00
    endloop
  endfacet
  facet normal 0.000000e+00 0.000000e+00 -1.000000e+00
    outer loop
      vertex   8.451977e+00 -2.878479e+01 -6.600000e+00
      vertex   9.630570e+00 -2.629167e+01 -6.600000e+00
      vertex   1.048393e+01 -2.810849e+01 -6.600000e+00
    endloop
  endfacet
  facet normal 0.000000e+00 0.000000e+00 -1.000000e+00
    outer loop
      vertex   1.048393e+01 -2.810849e+01 -6.600000e+00
      vertex   9.630570e+00 -2.629167e+01 -6.600000e+00
      vertex   1.154598e+01 -2.550863e+01 -6.600000e+00
    endloop
  endfacet
  facet normal 0.000000e+00 0.000000e+00 -1.000000e+00
    outer loop
      vertex   1.048393e+01 -2.810849e+01 -6.600000e+00
      vertex   1.154598e+01 -2.550863e+01 -6.600000e+00
      vertex   1.246245e+01 -2.728896e+01 -6.600000e+00
    endloop
  endfacet
  facet normal 0.000000e+00 0.000000e+00 -1.000000e+00
    outer loop
      vertex   1.246245e+01 -2.728896e+01 -6.600000e+00
      vertex   1.154598e+01 -2.550863e+01 -6.600000e+00
      vertex   1.339832e+01 -2.458627e+01 -6.600000e+00
    endloop
  endfacet
  facet normal 0.000000e+00 0.000000e+00 -1.000000e+00
    outer loop
      vertex   1.246245e+01 -2.728896e+01 -6.600000e+00
      vertex   1.339832e+01 -2.458627e+01 -6.600000e+00
      vertex   1.437747e+01 -2.633037e+01 -6.600000e+00
    endloop
  endfacet
  facet normal 0.000000e+00 0.000000e+00 -1.000000e+00
    outer loop
      vertex   1.437747e+01 -2.633037e+01 -6.600000e+00
      vertex   1.339832e+01 -2.458627e+01 -6.600000e+00
      vertex   1.621922e+01 -2.523761e+01 -6.600000e+00
    endloop
  endfacet
  facet normal 0.000000e+00 0.000000e+00 -1.000000e+00
    outer loop
      vertex   1.621922e+01 -2.523761e+01 -6.600000e+00
      vertex   1.339832e+01 -2.458627e+01 -6.600000e+00
      vertex   1.517749e+01 -2.352963e+01 -6.600000e+00
    endloop
  endfacet
  facet normal 0.000000e+00 0.000000e+00 -1.000000e+00
    outer loop
      vertex   1.621922e+01 -2.523761e+01 -6.600000e+00
      vertex   1.517749e+01 -2.352963e+01 -6.600000e+00
      vertex   1.797833e+01 -2.401624e+01 -6.600000e+00
    endloop
  endfacet
  facet normal 0.000000e+00 0.000000e+00 -1.000000e+00
    outer loop
      vertex   1.797833e+01 -2.401624e+01 -6.600000e+00
      vertex   1.517749e+01 -2.352963e+01 -6.600000e+00
      vertex   1.687377e+01 -2.234448e+01 -6.600000e+00
    endloop
  endfacet
  facet normal 0.000000e+00 0.000000e+00 -1.000000e+00
    outer loop
      vertex   1.797833e+01 -2.401624e+01 -6.600000e+00
      vertex   1.687377e+01 -2.234448e+01 -6.600000e+00
      vertex   1.964582e+01 -2.267249e+01 -6.600000e+00
    endloop
  endfacet
  facet normal 0.000000e+00 0.000000e+00 -1.000000e+00
    outer loop
      vertex   1.964582e+01 -2.267249e+01 -6.600000e+00
      vertex   1.687377e+01 -2.234448e+01 -6.600000e+00
      vertex   1.847789e+01 -2.103729e+01 -6.600000e+00
    endloop
  endfacet
  facet normal 0.000000e+00 0.000000e+00 -1.000000e+00
    outer loop
      vertex   1.964582e+01 -2.267249e+01 -6.600000e+00
      vertex   1.847789e+01 -2.103729e+01 -6.600000e+00
      vertex   2.121320e+01 -2.121320e+01 -6.600000e+00
    endloop
  endfacet
  facet normal 0.000000e+00 0.000000e+00 -1.000000e+00
    outer loop
      vertex   2.121320e+01 -2.121320e+01 -6.600000e+00
      vertex   1.847789e+01 -2.103729e+01 -6.600000e+00
      vertex   1.998108e+01 -1.961521e+01 -6.600000e+00
    endloop
  endfacet
  facet normal 0.000000e+00 0.000000e+00 -1.000000e+00
    outer loop
      vertex   2.121320e+01 -2.121320e+01 -6.600000e+00
      vertex   1.998108e+01 -1.961521e+01 -6.600000e+00
      vertex   2.267249e+01 -1.964582e+01 -6.600000e+00
    endloop
  endfacet
  facet normal 0.000000e+00 0.000000e+00 -1.000000e+00
    outer loop
      vertex   2.267249e+01 -1.964582e+01 -6.600000e+00
      vertex   1.998108e+01 -1.961521e+01 -6.600000e+00
      vertex   2.137515e+01 -1.808599e+01 -6.600000e+00
    endloop
  endfacet
  facet normal 0.000000e+00 0.000000e+00 -1.000000e+00
    outer loop
      vertex   2.267249e+01 -1.964582e+01 -6.600000e+00
      vertex   2.137515e+01 -1.808599e+01 -6.600000e+00
      vertex   2.401624e+01 -1.797833e+01 -6.600000e+00
    endloop
  endfacet
  facet normal -0.000000e+00 0.000000e+00 -1.000000e+00
    outer loop
      vertex   2.401624e+01 -1.797833e+01 -6.600000e+00
      vertex   2.137515e+01 -1.808599e+01 -6.600000e+00
      vertex   2.265248e+01 -1.645799e+01 -6.600000e+00
    endloop
  endfacet
  facet normal 0.000000e+00 0.000000e+00 -1.000000e+00
    outer loop
      vertex   2.401624e+01 -1.797833e+01 -6.600000e+00
      vertex   2.265248e+01 -1.645799e+01 -6.600000e+00
      vertex   2.523761e+01 -1.621922e+01 -6.600000e+00
    endloop
  endfacet
  facet normal -0.000000e+00 0.000000e+00 -1.000000e+00
    outer loop
      vertex   2.523761e+01 -1.621922e+01 -6.600000e+00
      vertex   2.265248e+01 -1.645799e+01 -6.600000e+00
      vertex   2.380608e+01 -1.474010e+01 -6.600000e+00
    endloop
  endfacet
  facet normal 0.000000e+00 0.000000e+00 -1.000000e+00
    outer loop
      vertex   2.523761e+01 -1.621922e+01 -6.600000e+00
      vertex   2.380608e+01 -1.474010e+01 -6.600000e+00
      vertex   2.633037e+01 -1.437747e+01 -6.600000e+00
    endloop
  endfacet
  facet normal -0.000000e+00 0.000000e+00 -1.000000e+00
    outer loop
      vertex   2.633037e+01 -1.437747e+01 -6.600000e+00
      vertex   2.380608e+01 -1.474010e+01 -6.600000e+00
      vertex   2.482966e+01 -1.294171e+01 -6.600000e+00
    endloop
  endfacet
  facet normal 0.000000e+00 0.000000e+00 -1.000000e+00
    outer loop
      vertex   2.633037e+01 -1.437747e+01 -6.600000e+00
      vertex   2.482966e+01 -1.294171e+01 -6.600000e+00
      vertex   2.728896e+01 -1.246245e+01 -6.600000e+00
    endloop
  endfacet
  facet normal -0.000000e+00 0.000000e+00 -1.000000e+00
    outer loop
      vertex   2.728896e+01 -1.246245e+01 -6.600000e+00
      vertex   2.482966e+01 -1.294171e+01 -6.600000e+00
      vertex   2.571764e+01 -1.107263e+01 -6.600000e+00
    endloop
  endfacet
  facet normal 0.000000e+00 0.000000e+00 -1.000000e+00
    outer loop
      vertex   2.728896e+01 -1.246245e+01 -6.600000e+00
      vertex   2.571764e+01 -1.107263e+01 -6.600000e+00
      vertex   2.810849e+01 -1.048393e+01 -6.600000e+00
    endloop
  endfacet
  facet normal -0.000000e+00 0.000000e+00 -1.000000e+00
    outer loop
      vertex   2.810849e+01 -1.048393e+01 -6.600000e+00
      vertex   2.571764e+01 -1.107263e+01 -6.600000e+00
      vertex   2.646515e+01 -9.143084e+00 -6.600000e+00
    endloop
  endfacet
  facet normal 0.000000e+00 0.000000e+00 -1.000000e+00
    outer loop
      vertex   2.810849e+01 -1.048393e+01 -6.600000e+00
      vertex   2.646515e+01 -9.143084e+00 -6.600000e+00
      vertex   2.878479e+01 -8.451977e+00 -6.600000e+00
    endloop
  endfacet
  facet normal -0.000000e+00 0.000000e+00 -1.000000e+00
    outer loop
      vertex   2.878479e+01 -8.451977e+00 -6.600000e+00
      vertex   2.646515e+01 -9.143084e+00 -6.600000e+00
      vertex   2.706812e+01 -7.163598e+00 -6.600000e+00
    endloop
  endfacet
  facet normal 0.000000e+00 0.000000e+00 -1.000000e+00
    outer loop
      vertex   2.878479e+01 -8.451977e+00 -6.600000e+00
      vertex   2.706812e+01 -7.163598e+00 -6.600000e+00
      vertex   2.931441e+01 -6.376959e+00 -6.600000e+00
    endloop
  endfacet
  facet normal -0.000000e+00 0.000000e+00 -1.000000e+00
    outer loop
      vertex   2.931441e+01 -6.376959e+00 -6.600000e+00
      vertex   2.706812e+01 -7.163598e+00 -6.600000e+00
      vertex   2.752325e+01 -5.144986e+00 -6.600000e+00
    endloop
  endfacet
  facet normal 0.000000e+00 0.000000e+00 -1.000000e+00
    outer loop
      vertex   2.931441e+01 -6.376959e+00 -6.600000e+00
      vertex   2.752325e+01 -5.144986e+00 -6.600000e+00
      vertex   2.969464e+01 -4.269445e+00 -6.600000e+00
    endloop
  endfacet
  facet normal -0.000000e+00 0.000000e+00 -1.000000e+00
    outer loop
      vertex   2.969464e+01 -4.269445e+00 -6.600000e+00
      vertex   2.752325e+01 -5.144986e+00 -6.600000e+00
      vertex   2.782806e+01 -3.098275e+00 -6.600000e+00
    endloop
  endfacet
  facet normal 0.000000e+00 0.000000e+00 -1.000000e+00
    outer loop
      vertex   2.969464e+01 -4.269445e+00 -6.600000e+00
      vertex   2.782806e+01 -3.098275e+00 -6.600000e+00
      vertex   2.992356e+01 -2.140175e+00 -6.600000e+00
    endloop
  endfacet
  facet normal -0.000000e+00 0.000000e+00 -1.000000e+00
    outer loop
      vertex   2.992356e+01 -2.140175e+00 -6.600000e+00
      vertex   2.782806e+01 -3.098275e+00 -6.600000e+00
      vertex   2.798088e+01 -1.034642e+00 -6.600000e+00
    endloop
  endfacet
  facet normal 0.000000e+00 0.000000e+00 -1.000000e+00
    outer loop
      vertex   2.992356e+01 -2.140175e+00 -6.600000e+00
      vertex   2.798088e+01 -1.034642e+00 -6.600000e+00
      vertex   3.000000e+01 -3.673940e-15 -6.600000e+00
    endloop
  endfacet
  facet normal -0.000000e+00 0.000000e+00 -1.000000e+00
    outer loop
      vertex   3.000000e+01 -3.673940e-15 -6.600000e+00
      vertex   2.798088e+01 -1.034642e+00 -6.600000e+00
      vertex   2.798088e+01 1.034642e+00 -6.600000e+00
    endloop
  endfacet
  facet normal 0.000000e+00 0.000000e+00 -1.000000e+00
    outer loop
      vertex   3.000000e+01 -3.673940e-15 -6.600000e+00
      vertex   2.798088e+01 1.034642e+00 -6.600000e+00
      vertex   2.992356e+01 2.140175e+00 -6.600000e+00
    endloop
  endfacet
  facet normal -0.000000e+00 0.000000e+00 -1.000000e+00
    outer loop
      vertex   2.992356e+01 2.140175e+00 -6.600000e+00
      vertex   2.798088e+01 1.034642e+00 -6.600000e+00
      vertex   2.782806e+01 3.098275e+00 -6.600000e+00
    endloop
  endfacet
  facet normal 0.000000e+00 0.000000e+00 -1.000000e+00
    outer loop
      vertex   2.992356e+01 2.140175e+00 -6.600000e+00
      vertex   2.782806e+01 3.098275e+00 -6.600000e+00
      vertex   2.969464e+01 4.269445e+00 -6.600000e+00
    endloop
  endfacet
  facet normal -0.000000e+00 0.000000e+00 -1.000000e+00
    outer loop
      vertex   2.969464e+01 4.269445e+00 -6.600000e+00
      vertex   2.782806e+01 3.098275e+00 -6.600000e+00
      vertex   2.752325e+01 5.144986e+00 -6.600000e+00
    endloop
  endfacet
  facet normal 0.000000e+00 0.000000e+00 -1.000000e+00
    outer loop
      vertex   2.969464e+01 4.269445e+00 -6.600000e+00
      vertex   2.752325e+01 5.144986e+00 -6.600000e+00
      vertex   2.931441e+01 6.376959e+00 -6.600000e+00
    endloop
  endfacet
  facet normal -0.000000e+00 0.000000e+00 -1.000000e+00
    outer loop
      vertex   2.931441e+01 6.376959e+00 -6.600000e+00
      vertex   2.752325e+01 5.144986e+00 -6.600000e+00
      vertex   2.706812e+01 7.163598e+00 -6.600000e+00
    endloop
  endfacet
  facet normal 0.000000e+00 0.000000e+00 -1.000000e+00
    outer loop
      vertex   2.931441e+01 6.376959e+00 -6.600000e+00
      vertex   2.706812e+01 7.163598e+00 -6.600000e+00
      vertex   2.878479e+01 8.451977e+00 -6.600000e+00
    endloop
  endfacet
  facet normal -0.000000e+00 0.000000e+00 -1.000000e+00
    outer loop
      vertex   2.878479e+01 8.451977e+00 -6.600000e+00
      vertex   2.706812e+01 7.163598e+00 -6.600000e+00
      vertex   2.646515e+01 9.143084e+00 -6.600000e+00
    endloop
  endfacet
  facet normal 0.000000e+00 0.000000e+00 -1.000000e+00
    outer loop
      vertex   2.878479e+01 8.451977e+00 -6.600000e+00
      vertex   2.646515e+01 9.143084e+00 -6.600000e+00
      vertex   2.810849e+01 1.048393e+01 -6.600000e+00
    endloop
  endfacet
  facet normal -0.000000e+00 0.000000e+00 -1.000000e+00
    outer loop
      vertex   2.810849e+01 1.048393e+01 -6.600000e+00
      vertex   2.646515e+01 9.143084e+00 -6.600000e+00
      vertex   2.571764e+01 1.107263e+01 -6.600000e+00
    endloop
  endfacet
  facet normal 0.000000e+00 0.000000e+00 -1.000000e+00
    outer loop
      vertex   2.810849e+01 1.048393e+01 -6.600000e+00
      vertex   2.571764e+01 1.107263e+01 -6.600000e+00
      vertex   2.728896e+01 1.246245e+01 -6.600000e+00
    endloop
  endfacet
  facet normal -0.000000e+00 0.000000e+00 -1.000000e+00
    outer loop
      vertex   2.728896e+01 1.246245e+01 -6.600000e+00
      vertex   2.571764e+01 1.107263e+01 -6.600000e+00
      vertex   2.482966e+01 1.294171e+01 -6.600000e+00
    endloop
  endfacet
  facet normal 0.000000e+00 0.000000e+00 -1.000000e+00
    outer loop
      vertex   2.728896e+01 1.246245e+01 -6.600000e+00
      vertex   2.482966e+01 1.294171e+01 -6.600000e+00
      vertex   2.633037e+01 1.437747e+01 -6.600000e+00
    endloop
  endfacet
  facet normal -0.000000e+00 0.000000e+00 -1.000000e+00
    outer loop
      vertex   2.633037e+01 1.437747e+01 -6.600000e+00
      vertex   2.482966e+01 1.294171e+01 -6.600000e+00
      vertex   2.380608e+01 1.474010e+01 -6.600000e+00
    endloop
  endfacet
  facet normal 0.000000e+00 0.000000e+00 -1.000000e+00
    outer loop
      vertex   2.633037e+01 1.437747e+01 -6.600000e+00
      vertex   2.380608e+01 1.474010e+01 -6.600000e+00
      vertex   2.523761e+01 1.621922e+01 -6.600000e+00
    endloop
  endfacet
  facet normal -0.000000e+00 0.000000e+00 -1.000000e+00
    outer loop
      vertex   2.523761e+01 1.621922e+01 -6.600000e+00
      vertex   2.380608e+01 1.474010e+01 -6.600000e+00
      vertex   2.265248e+01 1.645799e+01 -6.600000e+00
    endloop
  endfacet
  facet normal 0.000000e+00 0.000000e+00 -1.000000e+00
    outer loop
      vertex   2.523761e+01 1.621922e+01 -6.600000e+00
      vertex   2.265248e+01 1.645799e+01 -6.600000e+00
      vertex   2.401624e+01 1.797833e+01 -6.600000e+00
    endloop
  endfacet
  facet normal -0.000000e+00 0.000000e+00 -1.000000e+00
    outer loop
      vertex   2.401624e+01 1.797833e+01 -6.600000e+00
      vertex   2.265248e+01 1.645799e+01 -6.600000e+00
      vertex   2.137515e+01 1.808599e+01 -6.600000e+00
    endloop
  endfacet
  facet normal 0.000000e+00 0.000000e+00 -1.000000e+00
    outer loop
      vertex   2.401624e+01 1.797833e+01 -6.600000e+00
      vertex   2.137515e+01 1.808599e+01 -6.600000e+00
      vertex   2.267249e+01 1.964582e+01 -6.600000e+00
    endloop
  endfacet
  facet normal 0.000000e+00 0.000000e+00 -1.000000e+00
    outer loop
      vertex   2.267249e+01 1.964582e+01 -6.600000e+00
      vertex   2.137515e+01 1.808599e+01 -6.600000e+00
      vertex   1.998108e+01 1.961521e+01 -6.600000e+00
    endloop
  endfacet
  facet normal -0.000000e+00 0.000000e+00 -1.000000e+00
    outer loop
      vertex   2.267249e+01 1.964582e+01 -6.600000e+00
      vertex   1.998108e+01 1.961521e+01 -6.600000e+00
      vertex   2.121320e+01 2.121320e+01 -6.600000e+00
    endloop
  endfacet
  facet normal 0.000000e+00 0.000000e+00 -1.000000e+00
    outer loop
      vertex   2.121320e+01 2.121320e+01 -6.600000e+00
      vertex   1.998108e+01 1.961521e+01 -6.600000e+00
      vertex   1.847789e+01 2.103729e+01 -6.600000e+00
    endloop
  endfacet
  facet normal -0.000000e+00 0.000000e+00 -1.000000e+00
    outer loop
      vertex   2.121320e+01 2.121320e+01 -6.600000e+00
      vertex   1.847789e+01 2.103729e+01 -6.600000e+00
      vertex   1.964582e+01 2.267249e+01 -6.600000e+00
    endloop
  endfacet
  facet normal 0.000000e+00 0.000000e+00 -1.000000e+00
    outer loop
      vertex   1.964582e+01 2.267249e+01 -6.600000e+00
      vertex   1.847789e+01 2.103729e+01 -6.600000e+00
      vertex   1.687377e+01 2.234448e+01 -6.600000e+00
    endloop
  endfacet
  facet normal -0.000000e+00 0.000000e+00 -1.000000e+00
    outer loop
      vertex   1.964582e+01 2.267249e+01 -6.600000e+00
      vertex   1.687377e+01 2.234448e+01 -6.600000e+00
      vertex   1.797833e+01 2.401624e+01 -6.600000e+00
    endloop
  endfacet
  facet normal 0.000000e+00 0.000000e+00 -1.000000e+00
    outer loop
      vertex   1.797833e+01 2.401624e+01 -6.600000e+00
      vertex   1.687377e+01 2.234448e+01 -6.600000e+00
      vertex   1.517749e+01 2.352963e+01 -6.600000e+00
    endloop
  endfacet
  facet normal -0.000000e+00 0.000000e+00 -1.000000e+00
    outer loop
      vertex   1.797833e+01 2.401624e+01 -6.600000e+00
      vertex   1.517749e+01 2.352963e+01 -6.600000e+00
      vertex   1.621922e+01 2.523761e+01 -6.600000e+00
    endloop
  endfacet
  facet normal 0.000000e+00 0.000000e+00 -1.000000e+00
    outer loop
      vertex   1.621922e+01 2.523761e+01 -6.600000e+00
      vertex   1.517749e+01 2.352963e+01 -6.600000e+00
      vertex   1.339832e+01 2.458627e+01 -6.600000e+00
    endloop
  endfacet
  facet normal -0.000000e+00 0.000000e+00 -1.000000e+00
    outer loop
      vertex   1.621922e+01 2.523761e+01 -6.600000e+00
      vertex   1.339832e+01 2.458627e+01 -6.600000e+00
      vertex   1.437747e+01 2.633037e+01 -6.600000e+00
    endloop
  endfacet
  facet normal -0.000000e+00 0.000000e+00 -1.000000e+00
    outer loop
      vertex   1.437747e+01 2.633037e+01 -6.600000e+00
      vertex   1.339832e+01 2.458627e+01 -6.600000e+00
      vertex   1.246245e+01 2.728896e+01 -6.600000e+00
    endloop
  endfacet
  facet normal 0.000000e+00 -0.000000e+00 -1.000000e+00
    outer loop
      vertex   1.246245e+01 2.728896e+01 -6.600000e+00
      vertex   1.339832e+01 2.458627e+01 -6.600000e+00
      vertex   1.154598e+01 2.550863e+01 -6.600000e+00
    endloop
  endfacet
  facet normal -0.000000e+00 0.000000e+00 -1.000000e+00
    outer loop
      vertex   1.246245e+01 2.728896e+01 -6.600000e+00
      vertex   1.154598e+01 2.550863e+01 -6.600000e+00
      vertex   1.048393e+01 2.810849e+01 -6.600000e+00
    endloop
  endfacet
  facet normal 0.000000e+00 -0.000000e+00 -1.000000e+00
    outer loop
      vertex   1.048393e+01 2.810849e+01 -6.600000e+00
      vertex   1.154598e+01 2.550863e+01 -6.600000e+00
      vertex   9.630570e+00 2.629167e+01 -6.600000e+00
    endloop
  endfacet
  facet normal -0.000000e+00 0.000000e+00 -1.000000e+00
    outer loop
      vertex   1.048393e+01 2.810849e+01 -6.600000e+00
      vertex   9.630570e+00 2.629167e+01 -6.600000e+00
      vertex   8.451977e+00 2.878479e+01 -6.600000e+00
    endloop
  endfacet
  facet normal 0.000000e+00 -0.000000e+00 -1.000000e+00
    outer loop
      vertex   8.451977e+00 2.878479e+01 -6.600000e+00
      vertex   9.630570e+00 2.629167e+01 -6.600000e+00
      vertex   7.662564e+00 2.693112e+01 -6.600000e+00
    endloop
  endfacet
  facet normal -0.000000e+00 0.000000e+00 -1.000000e+00
    outer loop
      vertex   8.451977e+00 2.878479e+01 -6.600000e+00
      vertex   7.662564e+00 2.693112e+01 -6.600000e+00
      vertex   6.376959e+00 2.931441e+01 -6.600000e+00
    endloop
  endfacet
  facet normal 0.000000e+00 -0.000000e+00 -1.000000e+00
    outer loop
      vertex   6.376959e+00 2.931441e+01 -6.600000e+00
      vertex   7.662564e+00 2.693112e+01 -6.600000e+00
      vertex   5.652707e+00 2.742347e+01 -6.600000e+00
    endloop
  endfacet
  facet normal -0.000000e+00 0.000000e+00 -1.000000e+00
    outer loop
      vertex   6.376959e+00 2.931441e+01 -6.600000e+00
      vertex   5.652707e+00 2.742347e+01 -6.600000e+00
      vertex   4.269445e+00 2.969464e+01 -6.600000e+00
    endloop
  endfacet
  facet normal 0.000000e+00 -0.000000e+00 -1.000000e+00
    outer loop
      vertex   4.269445e+00 2.969464e+01 -6.600000e+00
      vertex   5.652707e+00 2.742347e+01 -6.600000e+00
      vertex   3.611978e+00 2.776605e+01 -6.600000e+00
    endloop
  endfacet
  facet normal -0.000000e+00 0.000000e+00 -1.000000e+00
    outer loop
      vertex   4.269445e+00 2.969464e+01 -6.600000e+00
      vertex   3.611978e+00 2.776605e+01 -6.600000e+00
      vertex   2.140175e+00 2.992356e+01 -6.600000e+00
    endloop
  endfacet
  facet normal 0.000000e+00 -0.000000e+00 -1.000000e+00
    outer loop
      vertex   2.140175e+00 2.992356e+01 -6.600000e+00
      vertex   3.611978e+00 2.776605e+01 -6.600000e+00
      vertex   1.551521e+00 2.795698e+01 -6.600000e+00
    endloop
  endfacet
  facet normal -0.000000e+00 0.000000e+00 -1.000000e+00
    outer loop
      vertex   2.140175e+00 2.992356e+01 -6.600000e+00
      vertex   1.551521e+00 2.795698e+01 -6.600000e+00
      vertex   -1.836970e-15 3.000000e+01 -6.600000e+00
    endloop
  endfacet
  facet normal 0.000000e+00 -0.000000e+00 -1.000000e+00
    outer loop
      vertex   -1.836970e-15 3.000000e+01 -6.600000e+00
      vertex   1.551521e+00 2.795698e+01 -6.600000e+00
      vertex   -5.174093e-01 2.799522e+01 -6.600000e+00
    endloop
  endfacet
  facet normal 0.000000e+00 0.000000e+00 -1.000000e+00
    outer loop
      vertex   -1.836970e-15 3.000000e+01 -6.600000e+00
      vertex   -5.174093e-01 2.799522e+01 -6.600000e+00
      vertex   -2.140175e+00 2.992356e+01 -6.600000e+00
    endloop
  endfacet
  facet normal 0.000000e+00 -0.000000e+00 -1.000000e+00
    outer loop
      vertex   -2.140175e+00 2.992356e+01 -6.600000e+00
      vertex   -5.174093e-01 2.799522e+01 -6.600000e+00
      vertex   -2.583514e+00 2.788056e+01 -6.600000e+00
    endloop
  endfacet
  facet normal 0.000000e+00 0.000000e+00 -1.000000e+00
    outer loop
      vertex   -2.140175e+00 2.992356e+01 -6.600000e+00
      vertex   -2.583514e+00 2.788056e+01 -6.600000e+00
      vertex   -4.269445e+00 2.969464e+01 -6.600000e+00
    endloop
  endfacet
  facet normal 0.000000e+00 -0.000000e+00 -1.000000e+00
    outer loop
      vertex   -4.269445e+00 2.969464e+01 -6.600000e+00
      vertex   -2.583514e+00 2.788056e+01 -6.600000e+00
      vertex   -4.635509e+00 2.761362e+01 -6.600000e+00
    endloop
  endfacet
  facet normal 0.000000e+00 0.000000e+00 -1.000000e+00
    outer loop
      vertex   -4.269445e+00 2.969464e+01 -6.600000e+00
      vertex   -4.635509e+00 2.761362e+01 -6.600000e+00
      vertex   -6.376959e+00 2.931441e+01 -6.600000e+00
    endloop
  endfacet
  facet normal 0.000000e+00 -0.000000e+00 -1.000000e+00
    outer loop
      vertex   -6.376959e+00 2.931441e+01 -6.600000e+00
      vertex   -4.635509e+00 2.761362e+01 -6.600000e+00
      vertex   -6.662185e+00 2.719587e+01 -6.600000e+00
    endloop
  endfacet
  facet normal 0.000000e+00 0.000000e+00 -1.000000e+00
    outer loop
      vertex   -6.376959e+00 2.931441e+01 -6.600000e+00
      vertex   -6.662185e+00 2.719587e+01 -6.600000e+00
      vertex   -8.451977e+00 2.878479e+01 -6.600000e+00
    endloop
  endfacet
  facet normal 0.000000e+00 -0.000000e+00 -1.000000e+00
    outer loop
      vertex   -8.451977e+00 2.878479e+01 -6.600000e+00
      vertex   -6.662185e+00 2.719587e+01 -6.600000e+00
      vertex   -8.652476e+00 2.662958e+01 -6.600000e+00
    endloop
  endfacet
  facet normal 0.000000e+00 0.000000e+00 -1.000000e+00
    outer loop
      vertex   -8.451977e+00 2.878479e+01 -6.600000e+00
      vertex   -8.652476e+00 2.662958e+01 -6.600000e+00
      vertex   -1.048393e+01 2.810849e+01 -6.600000e+00
    endloop
  endfacet
  facet normal 0.000000e+00 -0.000000e+00 -1.000000e+00
    outer loop
      vertex   -1.048393e+01 2.810849e+01 -6.600000e+00
      vertex   -8.652476e+00 2.662958e+01 -6.600000e+00
      vertex   -1.059551e+01 2.591785e+01 -6.600000e+00
    endloop
  endfacet
  facet normal 0.000000e+00 0.000000e+00 -1.000000e+00
    outer loop
      vertex   -1.048393e+01 2.810849e+01 -6.600000e+00
      vertex   -1.059551e+01 2.591785e+01 -6.600000e+00
      vertex   -1.246245e+01 2.728896e+01 -6.600000e+00
    endloop
  endfacet
  facet normal 0.000000e+00 -0.000000e+00 -1.000000e+00
    outer loop
      vertex   -1.246245e+01 2.728896e+01 -6.600000e+00
      vertex   -1.059551e+01 2.591785e+01 -6.600000e+00
      vertex   -1.248067e+01 2.506457e+01 -6.600000e+00
    endloop
  endfacet
  facet normal 0.000000e+00 0.000000e+00 -1.000000e+00
    outer loop
      vertex   -1.246245e+01 2.728896e+01 -6.600000e+00
      vertex   -1.248067e+01 2.506457e+01 -6.600000e+00
      vertex   -1.437747e+01 2.633037e+01 -6.600000e+00
    endloop
  endfacet
  facet normal 0.000000e+00 0.000000e+00 -1.000000e+00
    outer loop
      vertex   -1.437747e+01 2.633037e+01 -6.600000e+00
      vertex   -1.248067e+01 2.506457e+01 -6.600000e+00
      vertex   -1.429767e+01 2.407440e+01 -6.600000e+00
    endloop
  endfacet
  facet normal 0.000000e+00 -0.000000e+00 -1.000000e+00
    outer loop
      vertex   -1.437747e+01 2.633037e+01 -6.600000e+00
      vertex   -1.429767e+01 2.407440e+01 -6.600000e+00
      vertex   -1.621922e+01 2.523761e+01 -6.600000e+00
    endloop
  endfacet
  facet normal 0.000000e+00 0.000000e+00 -1.000000e+00
    outer loop
      vertex   -1.621922e+01 2.523761e+01 -6.600000e+00
      vertex   -1.429767e+01 2.407440e+01 -6.600000e+00
      vertex   -1.603658e+01 2.295273e+01 -6.600000e+00
    endloop
  endfacet
  facet normal 0.000000e+00 -0.000000e+00 -1.000000e+00
    outer loop
      vertex   -1.621922e+01 2.523761e+01 -6.600000e+00
      vertex   -1.603658e+01 2.295273e+01 -6.600000e+00
      vertex   -1.797833e+01 2.401624e+01 -6.600000e+00
    endloop
  endfacet
  facet normal 0.000000e+00 0.000000e+00 -1.000000e+00
    outer loop
      vertex   -1.797833e+01 2.401624e+01 -6.600000e+00
      vertex   -1.603658e+01 2.295273e+01 -6.600000e+00
      vertex   -1.768791e+01 2.170571e+01 -6.600000e+00
    endloop
  endfacet
  facet normal 0.000000e+00 -0.000000e+00 -1.000000e+00
    outer loop
      vertex   -1.797833e+01 2.401624e+01 -6.600000e+00
      vertex   -1.768791e+01 2.170571e+01 -6.600000e+00
      vertex   -1.964582e+01 2.267249e+01 -6.600000e+00
    endloop
  endfacet
  facet normal 0.000000e+00 0.000000e+00 -1.000000e+00
    outer loop
      vertex   -1.964582e+01 2.267249e+01 -6.600000e+00
      vertex   -1.768791e+01 2.170571e+01 -6.600000e+00
      vertex   -1.924263e+01 2.034014e+01 -6.600000e+00
    endloop
  endfacet
  facet normal 0.000000e+00 -0.000000e+00 -1.000000e+00
    outer loop
      vertex   -1.964582e+01 2.267249e+01 -6.600000e+00
      vertex   -1.924263e+01 2.034014e+01 -6.600000e+00
      vertex   -2.121320e+01 2.121320e+01 -6.600000e+00
    endloop
  endfacet
  facet normal 0.000000e+00 0.000000e+00 -1.000000e+00
    outer loop
      vertex   -2.121320e+01 2.121320e+01 -6.600000e+00
      vertex   -1.924263e+01 2.034014e+01 -6.600000e+00
      vertex   -2.069225e+01 1.886348e+01 -6.600000e+00
    endloop
  endfacet
  facet normal 0.000000e+00 -0.000000e+00 -1.000000e+00
    outer loop
      vertex   -2.121320e+01 2.121320e+01 -6.600000e+00
      vertex   -2.069225e+01 1.886348e+01 -6.600000e+00
      vertex   -2.267249e+01 1.964582e+01 -6.600000e+00
    endloop
  endfacet
  facet normal 0.000000e+00 0.000000e+00 -1.000000e+00
    outer loop
      vertex   -2.267249e+01 1.964582e+01 -6.600000e+00
      vertex   -2.069225e+01 1.886348e+01 -6.600000e+00
      vertex   -2.202886e+01 1.728379e+01 -6.600000e+00
    endloop
  endfacet
  facet normal 0.000000e+00 -0.000000e+00 -1.000000e+00
    outer loop
      vertex   -2.267249e+01 1.964582e+01 -6.600000e+00
      vertex   -2.202886e+01 1.728379e+01 -6.600000e+00
      vertex   -2.401624e+01 1.797833e+01 -6.600000e+00
    endloop
  endfacet
  facet normal 0.000000e+00 0.000000e+00 -1.000000e+00
    outer loop
      vertex   -2.401624e+01 1.797833e+01 -6.600000e+00
      vertex   -2.202886e+01 1.728379e+01 -6.600000e+00
      vertex   -2.324515e+01 1.560970e+01 -6.600000e+00
    endloop
  endfacet
  facet normal 0.000000e+00 -0.000000e+00 -1.000000e+00
    outer loop
      vertex   -2.401624e+01 1.797833e+01 -6.600000e+00
      vertex   -2.324515e+01 1.560970e+01 -6.600000e+00
      vertex   -2.523761e+01 1.621922e+01 -6.600000e+00
    endloop
  endfacet
  facet normal 0.000000e+00 0.000000e+00 -1.000000e+00
    outer loop
      vertex   -2.523761e+01 1.621922e+01 -6.600000e+00
      vertex   -2.324515e+01 1.560970e+01 -6.600000e+00
      vertex   -2.433449e+01 1.385036e+01 -6.600000e+00
    endloop
  endfacet
  facet normal 0.000000e+00 -0.000000e+00 -1.000000e+00
    outer loop
      vertex   -2.523761e+01 1.621922e+01 -6.600000e+00
      vertex   -2.433449e+01 1.385036e+01 -6.600000e+00
      vertex   -2.633037e+01 1.437747e+01 -6.600000e+00
    endloop
  endfacet
  facet normal 0.000000e+00 0.000000e+00 -1.000000e+00
    outer loop
      vertex   -2.633037e+01 1.437747e+01 -6.600000e+00
      vertex   -2.433449e+01 1.385036e+01 -6.600000e+00
      vertex   -2.529092e+01 1.201538e+01 -6.600000e+00
    endloop
  endfacet
  facet normal 0.000000e+00 -0.000000e+00 -1.000000e+00
    outer loop
      vertex   -2.633037e+01 1.437747e+01 -6.600000e+00
      vertex   -2.529092e+01 1.201538e+01 -6.600000e+00
      vertex   -2.728896e+01 1.246245e+01 -6.600000e+00
    endloop
  endfacet
  facet normal 0.000000e+00 0.000000e+00 -1.000000e+00
    outer loop
      vertex   -2.728896e+01 1.246245e+01 -6.600000e+00
      vertex   -2.529092e+01 1.201538e+01 -6.600000e+00
      vertex   -2.610922e+01 1.011477e+01 -6.600000e+00
    endloop
  endfacet
  facet normal 0.000000e+00 -0.000000e+00 -1.000000e+00
    outer loop
      vertex   -2.728896e+01 1.246245e+01 -6.600000e+00
      vertex   -2.610922e+01 1.011477e+01 -6.600000e+00
      vertex   -2.810849e+01 1.048393e+01 -6.600000e+00
    endloop
  endfacet
  facet normal 0.000000e+00 0.000000e+00 -1.000000e+00
    outer loop
      vertex   -2.810849e+01 1.048393e+01 -6.600000e+00
      vertex   -2.610922e+01 1.011477e+01 -6.600000e+00
      vertex   -2.678492e+01 8.158913e+00 -6.600000e+00
    endloop
  endfacet
  facet normal 0.000000e+00 -0.000000e+00 -1.000000e+00
    outer loop
      vertex   -2.810849e+01 1.048393e+01 -6.600000e+00
      vertex   -2.678492e+01 8.158913e+00 -6.600000e+00
      vertex   -2.878479e+01 8.451977e+00 -6.600000e+00
    endloop
  endfacet
  facet normal 0.000000e+00 0.000000e+00 -1.000000e+00
    outer loop
      vertex   -2.878479e+01 8.451977e+00 -6.600000e+00
      vertex   -2.678492e+01 8.158913e+00 -6.600000e+00
      vertex   -2.731434e+01 6.158498e+00 -6.600000e+00
    endloop
  endfacet
  facet normal 0.000000e+00 -0.000000e+00 -1.000000e+00
    outer loop
      vertex   -2.878479e+01 8.451977e+00 -6.600000e+00
      vertex   -2.731434e+01 6.158498e+00 -6.600000e+00
      vertex   -2.931441e+01 6.376959e+00 -6.600000e+00
    endloop
  endfacet
  facet normal 0.000000e+00 0.000000e+00 -1.000000e+00
    outer loop
      vertex   -2.931441e+01 6.376959e+00 -6.600000e+00
      vertex   -2.731434e+01 6.158498e+00 -6.600000e+00
      vertex   -2.769457e+01 4.124448e+00 -6.600000e+00
    endloop
  endfacet
  facet normal 0.000000e+00 -0.000000e+00 -1.000000e+00
    outer loop
      vertex   -2.931441e+01 6.376959e+00 -6.600000e+00
      vertex   -2.769457e+01 4.124448e+00 -6.600000e+00
      vertex   -2.969464e+01 4.269445e+00 -6.600000e+00
    endloop
  endfacet
  facet normal 0.000000e+00 0.000000e+00 -1.000000e+00
    outer loop
      vertex   -2.969464e+01 4.269445e+00 -6.600000e+00
      vertex   -2.769457e+01 4.124448e+00 -6.600000e+00
      vertex   -2.792354e+01 2.067871e+00 -6.600000e+00
    endloop
  endfacet
  facet normal 0.000000e+00 -0.000000e+00 -1.000000e+00
    outer loop
      vertex   -2.969464e+01 4.269445e+00 -6.600000e+00
      vertex   -2.792354e+01 2.067871e+00 -6.600000e+00
      vertex   -2.992356e+01 2.140175e+00 -6.600000e+00
    endloop
  endfacet
  facet normal 0.000000e+00 0.000000e+00 -1.000000e+00
    outer loop
      vertex   -2.992356e+01 2.140175e+00 -6.600000e+00
      vertex   -2.792354e+01 2.067871e+00 -6.600000e+00
      vertex   -2.800000e+01 -3.429011e-15 -6.600000e+00
    endloop
  endfacet
  facet normal -1.000000e+00 0.000000e+00 0.000000e+00
    outer loop
      vertex   1.200000e+01 2.749545e+01 -3.900000e+00
      vertex   1.200000e+01 3.362276e+01 -3.900000e+00
      vertex   1.200000e+01 2.749545e+01 -4.900000e+00
    endloop
  endfacet
  facet normal -1.000000e+00 0.000000e+00 0.000000e+00
    outer loop
      vertex   1.200000e+01 2.749545e+01 -4.900000e+00
      vertex   1.200000e+01 3.362276e+01 -3.900000e+00
      vertex   1.200000e+01 3.362276e+01 -4.900000e+00
    endloop
  endfacet
  facet normal 8.426479e-16 -2.174312e-16 -1.000000e+00
    outer loop
      vertex   1.200000e+01 2.749545e+01 -3.900000e+00
      vertex   1.008746e+01 2.825320e+01 -3.900000e+00
      vertex   1.200000e+01 3.362276e+01 -3.900000e+00
    endloop
  endfacet
  facet normal 2.367944e-17 7.427073e-17 -1.000000e+00
    outer loop
      vertex   1.200000e+01 3.362276e+01 -3.900000e+00
      vertex   1.008746e+01 2.825320e+01 -3.900000e+00
      vertex   8.127482e+00 2.887809e+01 -3.900000e+00
    endloop
  endfacet
  facet normal 1.909518e-17 7.801232e-17 -1.000000e+00
    outer loop
      vertex   1.200000e+01 3.362276e+01 -3.900000e+00
      vertex   8.127482e+00 2.887809e+01 -3.900000e+00
      vertex   6.129289e+00 2.936719e+01 -3.900000e+00
    endloop
  endfacet
  facet normal 1.458620e-17 8.423261e-17 -1.000000e+00
    outer loop
      vertex   6.129289e+00 2.936719e+01 -3.900000e+00
      vertex   4.102275e+00 2.971820e+01 -3.900000e+00
      vertex   1.200000e+01 3.362276e+01 -3.900000e+00
    endloop
  endfacet
  facet normal 5.623002e-17 0.000000e+00 -1.000000e+00
    outer loop
      vertex   1.200000e+01 3.362276e+01 -3.900000e+00
      vertex   4.102275e+00 2.971820e+01 -3.900000e+00
      vertex   1.200000e+01 3.847194e+01 -3.900000e+00
    endloop
  endfacet
  facet normal 0.000000e+00 0.000000e+00 -1.000000e+00
    outer loop
      vertex   1.200000e+01 3.362276e+01 -3.900000e+00
      vertex   1.200000e+01 3.847194e+01 -3.900000e+00
      vertex   1.435023e+01 3.765848e+01 -3.900000e+00
    endloop
  endfacet
  facet normal 4.791389e-18 4.640853e-17 -1.000000e+00
    outer loop
      vertex   4.102275e+00 2.971820e+01 -3.900000e+00
      vertex   2.055971e+00 2.992947e+01 -3.900000e+00
      vertex   1.200000e+01 3.847194e+01 -3.900000e+00
    endloop
  endfacet
  facet normal 4.465888e-17 0.000000e+00 -1.000000e+00
    outer loop
      vertex   1.200000e+01 3.847194e+01 -3.900000e+00
      vertex   2.055971e+00 2.992947e+01 -3.900000e+00
      vertex   1.200000e+01 3.890000e+01 -3.900000e+00
    endloop
  endfacet
  facet normal 1.636134e-18 4.769164e-17 -1.000000e+00
    outer loop
      vertex   1.200000e+01 3.890000e+01 -3.900000e+00
      vertex   2.055971e+00 2.992947e+01 -3.900000e+00
      vertex   -1.836970e-15 3.000000e+01 -3.900000e+00
    endloop
  endfacet
  facet normal 2.954535e-32 4.989766e-17 -1.000000e+00
    outer loop
      vertex   1.200000e+01 3.890000e+01 -3.900000e+00
      vertex   -1.836970e-15 3.000000e+01 -3.900000e+00
      vertex   -1.200000e+01 3.890000e+01 -3.900000e+00
    endloop
  endfacet
  facet normal -1.636134e-18 4.769164e-17 -1.000000e+00
    outer loop
      vertex   -1.200000e+01 3.890000e+01 -3.900000e+00
      vertex   -1.836970e-15 3.000000e+01 -3.900000e+00
      vertex   -2.055971e+00 2.992947e+01 -3.900000e+00
    endloop
  endfacet
  facet normal -4.465890e-17 -1.865531e-23 -1.000000e+00
    outer loop
      vertex   -1.200000e+01 3.890000e+01 -3.900000e+00
      vertex   -2.055971e+00 2.992947e+01 -3.900000e+00
      vertex   -1.200000e+01 3.847194e+01 -3.900000e+00
    endloop
  endfacet
  facet normal -4.791389e-18 4.640853e-17 -1.000000e+00
    outer loop
      vertex   -1.200000e+01 3.847194e+01 -3.900000e+00
      vertex   -2.055971e+00 2.992947e+01 -3.900000e+00
      vertex   -4.102275e+00 2.971820e+01 -3.900000e+00
    endloop
  endfacet
  facet normal -5.623002e-17 -0.000000e+00 -1.000000e+00
    outer loop
      vertex   -1.200000e+01 3.847194e+01 -3.900000e+00
      vertex   -4.102275e+00 2.971820e+01 -3.900000e+00
      vertex   -1.200000e+01 3.362276e+01 -3.900000e+00
    endloop
  endfacet
  facet normal -1.458620e-17 8.423261e-17 -1.000000e+00
    outer loop
      vertex   -1.200000e+01 3.362276e+01 -3.900000e+00
      vertex   -4.102275e+00 2.971820e+01 -3.900000e+00
      vertex   -6.129289e+00 2.936719e+01 -3.900000e+00
    endloop
  endfacet
  facet normal -1.909518e-17 7.801232e-17 -1.000000e+00
    outer loop
      vertex   -1.200000e+01 3.362276e+01 -3.900000e+00
      vertex   -6.129289e+00 2.936719e+01 -3.900000e+00
      vertex   -8.127482e+00 2.887809e+01 -3.900000e+00
    endloop
  endfacet
  facet normal -2.367944e-17 7.427073e-17 -1.000000e+00
    outer loop
      vertex   -8.127482e+00 2.887809e+01 -3.900000e+00
      vertex   -1.008746e+01 2.825320e+01 -3.900000e+00
      vertex   -1.200000e+01 3.362276e+01 -3.900000e+00
    endloop
  endfacet
  facet normal -8.426479e-16 -2.174312e-16 -1.000000e+00
    outer loop
      vertex   -1.200000e+01 3.362276e+01 -3.900000e+00
      vertex   -1.008746e+01 2.825320e+01 -3.900000e+00
      vertex   -1.200000e+01 2.749545e+01 -3.900000e+00
    endloop
  endfacet
  facet normal 0.000000e+00 -0.000000e+00 -1.000000e+00
    outer loop
      vertex   -1.200000e+01 3.847194e+01 -3.900000e+00
      vertex   -1.200000e+01 3.362276e+01 -3.900000e+00
      vertex   -1.435023e+01 3.765848e+01 -3.900000e+00
    endloop
  endfacet
  facet normal 0.000000e+00 0.000000e+00 -1.000000e+00
    outer loop
      vertex   -1.435023e+01 3.765848e+01 -3.900000e+00
      vertex   -1.200000e+01 3.362276e+01 -3.900000e+00
      vertex   -1.418657e+01 3.276021e+01 -3.900000e+00
    endloop
  endfacet
  facet normal 0.000000e+00 -0.000000e+00 -1.000000e+00
    outer loop
      vertex   -1.435023e+01 3.765848e+01 -3.900000e+00
      vertex   -1.418657e+01 3.276021e+01 -3.900000e+00
      vertex   -1.664581e+01 3.670159e+01 -3.900000e+00
    endloop
  endfacet
  facet normal 0.000000e+00 0.000000e+00 -1.000000e+00
    outer loop
      vertex   -1.664581e+01 3.670159e+01 -3.900000e+00
      vertex   -1.418657e+01 3.276021e+01 -3.900000e+00
      vertex   -1.631165e+01 3.175563e+01 -3.900000e+00
    endloop
  endfacet
  facet normal 0.000000e+00 -0.000000e+00 -1.000000e+00
    outer loop
      vertex   -1.664581e+01 3.670159e+01 -3.900000e+00
      vertex   -1.631165e+01 3.175563e+01 -3.900000e+00
      vertex   -1.887799e+01 3.560494e+01 -3.900000e+00
    endloop
  endfacet
  facet normal 0.000000e+00 0.000000e+00 -1.000000e+00
    outer loop
      vertex   -1.887799e+01 3.560494e+01 -3.900000e+00
      vertex   -1.631165e+01 3.175563e+01 -3.900000e+00
      vertex   -1.836600e+01 3.061339e+01 -3.900000e+00
    endloop
  endfacet
  facet normal 0.000000e+00 -0.000000e+00 -1.000000e+00
    outer loop
      vertex   -1.887799e+01 3.560494e+01 -3.900000e+00
      vertex   -1.836600e+01 3.061339e+01 -3.900000e+00
      vertex   -2.103828e+01 3.437268e+01 -3.900000e+00
    endloop
  endfacet
  facet normal 0.000000e+00 0.000000e+00 -1.000000e+00
    outer loop
      vertex   -2.103828e+01 3.437268e+01 -3.900000e+00
      vertex   -1.836600e+01 3.061339e+01 -3.900000e+00
      vertex   -2.034074e+01 2.933844e+01 -3.900000e+00
    endloop
  endfacet
  facet normal 0.000000e+00 -0.000000e+00 -1.000000e+00
    outer loop
      vertex   -2.103828e+01 3.437268e+01 -3.900000e+00
      vertex   -2.034074e+01 2.933844e+01 -3.900000e+00
      vertex   -2.311844e+01 3.300951e+01 -3.900000e+00
    endloop
  endfacet
  facet normal 0.000000e+00 0.000000e+00 -1.000000e+00
    outer loop
      vertex   -2.311844e+01 3.300951e+01 -3.900000e+00
      vertex   -2.034074e+01 2.933844e+01 -3.900000e+00
      vertex   -2.222730e+01 2.793630e+01 -3.900000e+00
    endloop
  endfacet
  facet normal 0.000000e+00 -0.000000e+00 -1.000000e+00
    outer loop
      vertex   -2.311844e+01 3.300951e+01 -3.900000e+00
      vertex   -2.222730e+01 2.793630e+01 -3.900000e+00
      vertex   -2.511056e+01 3.152063e+01 -3.900000e+00
    endloop
  endfacet
  facet normal 0.000000e+00 -0.000000e+00 -1.000000e+00
    outer loop
      vertex   -2.511056e+01 3.152063e+01 -3.900000e+00
      vertex   -2.222730e+01 2.793630e+01 -3.900000e+00
      vertex   -2.700704e+01 2.991170e+01 -3.900000e+00
    endloop
  endfacet
  facet normal 0.000000e+00 0.000000e+00 -1.000000e+00
    outer loop
      vertex   -2.700704e+01 2.991170e+01 -3.900000e+00
      vertex   -2.222730e+01 2.793630e+01 -3.900000e+00
      vertex   -2.401750e+01 2.641306e+01 -3.900000e+00
    endloop
  endfacet
  facet normal 0.000000e+00 -0.000000e+00 -1.000000e+00
    outer loop
      vertex   -2.700704e+01 2.991170e+01 -3.900000e+00
      vertex   -2.401750e+01 2.641306e+01 -3.900000e+00
      vertex   -2.880067e+01 2.818885e+01 -3.900000e+00
    endloop
  endfacet
  facet normal 0.000000e+00 0.000000e+00 -1.000000e+00
    outer loop
      vertex   -2.880067e+01 2.818885e+01 -3.900000e+00
      vertex   -2.401750e+01 2.641306e+01 -3.900000e+00
      vertex   -2.570358e+01 2.477530e+01 -3.900000e+00
    endloop
  endfacet
  facet normal 0.000000e+00 -0.000000e+00 -1.000000e+00
    outer loop
      vertex   -2.880067e+01 2.818885e+01 -3.900000e+00
      vertex   -2.570358e+01 2.477530e+01 -3.900000e+00
      vertex   -3.048461e+01 2.635865e+01 -3.900000e+00
    endloop
  endfacet
  facet normal 0.000000e+00 0.000000e+00 -1.000000e+00
    outer loop
      vertex   -3.048461e+01 2.635865e+01 -3.900000e+00
      vertex   -2.570358e+01 2.477530e+01 -3.900000e+00
      vertex   -2.727824e+01 2.303015e+01 -3.900000e+00
    endloop
  endfacet
  facet normal 0.000000e+00 -0.000000e+00 -1.000000e+00
    outer loop
      vertex   -3.048461e+01 2.635865e+01 -3.900000e+00
      vertex   -2.727824e+01 2.303015e+01 -3.900000e+00
      vertex   -3.205245e+01 2.442806e+01 -3.900000e+00
    endloop
  endfacet
  facet normal 0.000000e+00 0.000000e+00 -1.000000e+00
    outer loop
      vertex   -3.205245e+01 2.442806e+01 -3.900000e+00
      vertex   -2.727824e+01 2.303015e+01 -3.900000e+00
      vertex   -2.873463e+01 2.118515e+01 -3.900000e+00
    endloop
  endfacet
  facet normal 0.000000e+00 -0.000000e+00 -1.000000e+00
    outer loop
      vertex   -3.205245e+01 2.442806e+01 -3.900000e+00
      vertex   -2.873463e+01 2.118515e+01 -3.900000e+00
      vertex   -3.349822e+01 2.240444e+01 -3.900000e+00
    endloop
  endfacet
  facet normal 0.000000e+00 0.000000e+00 -1.000000e+00
    outer loop
      vertex   -3.349822e+01 2.240444e+01 -3.900000e+00
      vertex   -2.873463e+01 2.118515e+01 -3.900000e+00
      vertex   -3.006646e+01 1.924832e+01 -3.900000e+00
    endloop
  endfacet
  facet normal 0.000000e+00 -0.000000e+00 -1.000000e+00
    outer loop
      vertex   -3.349822e+01 2.240444e+01 -3.900000e+00
      vertex   -3.006646e+01 1.924832e+01 -3.900000e+00
      vertex   -3.481642e+01 2.029549e+01 -3.900000e+00
    endloop
  endfacet
  facet normal 0.000000e+00 0.000000e+00 -1.000000e+00
    outer loop
      vertex   -3.481642e+01 2.029549e+01 -3.900000e+00
      vertex   -3.006646e+01 1.924832e+01 -3.900000e+00
      vertex   -3.126795e+01 1.722804e+01 -3.900000e+00
    endloop
  endfacet
  facet normal 0.000000e+00 -0.000000e+00 -1.000000e+00
    outer loop
      vertex   -3.481642e+01 2.029549e+01 -3.900000e+00
      vertex   -3.126795e+01 1.722804e+01 -3.900000e+00
      vertex   -3.600202e+01 1.810925e+01 -3.900000e+00
    endloop
  endfacet
  facet normal 0.000000e+00 0.000000e+00 -1.000000e+00
    outer loop
      vertex   -3.600202e+01 1.810925e+01 -3.900000e+00
      vertex   -3.126795e+01 1.722804e+01 -3.900000e+00
      vertex   -3.233388e+01 1.513307e+01 -3.900000e+00
    endloop
  endfacet
  facet normal 0.000000e+00 -0.000000e+00 -1.000000e+00
    outer loop
      vertex   -3.600202e+01 1.810925e+01 -3.900000e+00
      vertex   -3.233388e+01 1.513307e+01 -3.900000e+00
      vertex   -3.705050e+01 1.585404e+01 -3.900000e+00
    endloop
  endfacet
  facet normal 0.000000e+00 0.000000e+00 -1.000000e+00
    outer loop
      vertex   -3.705050e+01 1.585404e+01 -3.900000e+00
      vertex   -3.233388e+01 1.513307e+01 -3.900000e+00
      vertex   -3.325965e+01 1.297250e+01 -3.900000e+00
    endloop
  endfacet
  facet normal 0.000000e+00 -0.000000e+00 -1.000000e+00
    outer loop
      vertex   -3.705050e+01 1.585404e+01 -3.900000e+00
      vertex   -3.325965e+01 1.297250e+01 -3.900000e+00
      vertex   -3.795788e+01 1.353844e+01 -3.900000e+00
    endloop
  endfacet
  facet normal 0.000000e+00 0.000000e+00 -1.000000e+00
    outer loop
      vertex   -3.795788e+01 1.353844e+01 -3.900000e+00
      vertex   -3.325965e+01 1.297250e+01 -3.900000e+00
      vertex   -3.404123e+01 1.075570e+01 -3.900000e+00
    endloop
  endfacet
  facet normal 0.000000e+00 -0.000000e+00 -1.000000e+00
    outer loop
      vertex   -3.795788e+01 1.353844e+01 -3.900000e+00
      vertex   -3.404123e+01 1.075570e+01 -3.900000e+00
      vertex   -3.872070e+01 1.117129e+01 -3.900000e+00
    endloop
  endfacet
  facet normal 0.000000e+00 0.000000e+00 -1.000000e+00
    outer loop
      vertex   -3.872070e+01 1.117129e+01 -3.900000e+00
      vertex   -3.404123e+01 1.075570e+01 -3.900000e+00
      vertex   -3.467523e+01 8.492260e+00 -3.900000e+00
    endloop
  endfacet
  facet normal 0.000000e+00 -0.000000e+00 -1.000000e+00
    outer loop
      vertex   -3.872070e+01 1.117129e+01 -3.900000e+00
      vertex   -3.467523e+01 8.492260e+00 -3.900000e+00
      vertex   -3.933605e+01 8.761594e+00 -3.900000e+00
    endloop
  endfacet
  facet normal 0.000000e+00 0.000000e+00 -1.000000e+00
    outer loop
      vertex   -3.933605e+01 8.761594e+00 -3.900000e+00
      vertex   -3.467523e+01 8.492260e+00 -3.900000e+00
      vertex   -3.515891e+01 6.192010e+00 -3.900000e+00
    endloop
  endfacet
  facet normal 0.000000e+00 -0.000000e+00 -1.000000e+00
    outer loop
      vertex   -3.933605e+01 8.761594e+00 -3.900000e+00
      vertex   -3.515891e+01 6.192010e+00 -3.900000e+00
      vertex   -3.980159e+01 6.318527e+00 -3.900000e+00
    endloop
  endfacet
  facet normal 0.000000e+00 0.000000e+00 -1.000000e+00
    outer loop
      vertex   -3.980159e+01 6.318527e+00 -3.900000e+00
      vertex   -3.515891e+01 6.192010e+00 -3.900000e+00
      vertex   -3.549017e+01 3.864916e+00 -3.900000e+00
    endloop
  endfacet
  facet normal 0.000000e+00 -0.000000e+00 -1.000000e+00
    outer loop
      vertex   -3.980159e+01 6.318527e+00 -3.900000e+00
      vertex   -3.549017e+01 3.864916e+00 -3.900000e+00
      vertex   -4.011554e+01 3.851397e+00 -3.900000e+00
    endloop
  endfacet
  facet normal 0.000000e+00 0.000000e+00 -1.000000e+00
    outer loop
      vertex   -4.011554e+01 3.851397e+00 -3.900000e+00
      vertex   -3.549017e+01 3.864916e+00 -3.900000e+00
      vertex   -3.566758e+01 1.521068e+00 -3.900000e+00
    endloop
  endfacet
  facet normal 0.000000e+00 -0.000000e+00 -1.000000e+00
    outer loop
      vertex   -4.011554e+01 3.851397e+00 -3.900000e+00
      vertex   -3.566758e+01 1.521068e+00 -3.900000e+00
      vertex   -4.027672e+01 1.369599e+00 -3.900000e+00
    endloop
  endfacet
  facet normal 0.000000e+00 0.000000e+00 -1.000000e+00
    outer loop
      vertex   -4.027672e+01 1.369599e+00 -3.900000e+00
      vertex   -3.566758e+01 1.521068e+00 -3.900000e+00
      vertex   -3.569036e+01 -8.293750e-01 -3.900000e+00
    endloop
  endfacet
  facet normal 0.000000e+00 -0.000000e+00 -1.000000e+00
    outer loop
      vertex   -4.027672e+01 1.369599e+00 -3.900000e+00
      vertex   -3.569036e+01 -8.293750e-01 -3.900000e+00
      vertex   -4.028451e+01 -1.117416e+00 -3.900000e+00
    endloop
  endfacet
  facet normal 0.000000e+00 0.000000e+00 -1.000000e+00
    outer loop
      vertex   -4.028451e+01 -1.117416e+00 -3.900000e+00
      vertex   -3.569036e+01 -8.293750e-01 -3.900000e+00
      vertex   -3.555843e+01 -3.176222e+00 -3.900000e+00
    endloop
  endfacet
  facet normal 0.000000e+00 0.000000e+00 -1.000000e+00
    outer loop
      vertex   -4.028451e+01 -1.117416e+00 -3.900000e+00
      vertex   -3.555843e+01 -3.176222e+00 -3.900000e+00
      vertex   -4.013887e+01 -3.600174e+00 -3.900000e+00
    endloop
  endfacet
  facet normal 0.000000e+00 0.000000e+00 -1.000000e+00
    outer loop
      vertex   -4.013887e+01 -3.600174e+00 -3.900000e+00
      vertex   -3.555843e+01 -3.176222e+00 -3.900000e+00
      vertex   -3.984036e+01 -6.069222e+00 -3.900000e+00
    endloop
  endfacet
  facet normal 0.000000e+00 0.000000e+00 -1.000000e+00
    outer loop
      vertex   -3.984036e+01 -6.069222e+00 -3.900000e+00
      vertex   -3.555843e+01 -3.176222e+00 -3.900000e+00
      vertex   -3.527233e+01 -5.509300e+00 -3.900000e+00
    endloop
  endfacet
  facet normal 0.000000e+00 0.000000e+00 -1.000000e+00
    outer loop
      vertex   -3.984036e+01 -6.069222e+00 -3.900000e+00
      vertex   -3.527233e+01 -5.509300e+00 -3.900000e+00
      vertex   -3.939013e+01 -8.515155e+00 -3.900000e+00
    endloop
  endfacet
  facet normal 0.000000e+00 0.000000e+00 -1.000000e+00
    outer loop
      vertex   -3.939013e+01 -8.515155e+00 -3.900000e+00
      vertex   -3.527233e+01 -5.509300e+00 -3.900000e+00
      vertex   -3.483333e+01 -7.818494e+00 -3.900000e+00
    endloop
  endfacet
  facet normal 0.000000e+00 0.000000e+00 -1.000000e+00
    outer loop
      vertex   -3.939013e+01 -8.515155e+00 -3.900000e+00
      vertex   -3.483333e+01 -7.818494e+00 -3.900000e+00
      vertex   -3.878988e+01 -1.092866e+01 -3.900000e+00
    endloop
  endfacet
  facet normal 0.000000e+00 0.000000e+00 -1.000000e+00
    outer loop
      vertex   -3.878988e+01 -1.092866e+01 -3.900000e+00
      vertex   -3.483333e+01 -7.818494e+00 -3.900000e+00
      vertex   -3.424333e+01 -1.009379e+01 -3.900000e+00
    endloop
  endfacet
  facet normal 0.000000e+00 0.000000e+00 -1.000000e+00
    outer loop
      vertex   -3.878988e+01 -1.092866e+01 -3.900000e+00
      vertex   -3.424333e+01 -1.009379e+01 -3.900000e+00
      vertex   -3.804189e+01 -1.330054e+01 -3.900000e+00
    endloop
  endfacet
  facet normal 0.000000e+00 0.000000e+00 -1.000000e+00
    outer loop
      vertex   -3.804189e+01 -1.330054e+01 -3.900000e+00
      vertex   -3.424333e+01 -1.009379e+01 -3.900000e+00
      vertex   -3.350487e+01 -1.232534e+01 -3.900000e+00
    endloop
  endfacet
  facet normal 0.000000e+00 0.000000e+00 -1.000000e+00
    outer loop
      vertex   -3.804189e+01 -1.330054e+01 -3.900000e+00
      vertex   -3.350487e+01 -1.232534e+01 -3.900000e+00
      vertex   -3.714903e+01 -1.562177e+01 -3.900000e+00
    endloop
  endfacet
  facet normal 0.000000e+00 0.000000e+00 -1.000000e+00
    outer loop
      vertex   -3.714903e+01 -1.562177e+01 -3.900000e+00
      vertex   -3.350487e+01 -1.232534e+01 -3.900000e+00
      vertex   -3.262116e+01 -1.450345e+01 -3.900000e+00
    endloop
  endfacet
  facet normal 0.000000e+00 0.000000e+00 -1.000000e+00
    outer loop
      vertex   -3.714903e+01 -1.562177e+01 -3.900000e+00
      vertex   -3.262116e+01 -1.450345e+01 -3.900000e+00
      vertex   -3.611468e+01 -1.788350e+01 -3.900000e+00
    endloop
  endfacet
  facet normal 0.000000e+00 0.000000e+00 -1.000000e+00
    outer loop
      vertex   -3.611468e+01 -1.788350e+01 -3.900000e+00
      vertex   -3.262116e+01 -1.450345e+01 -3.900000e+00
      vertex   -3.159604e+01 -1.661868e+01 -3.900000e+00
    endloop
  endfacet
  facet normal 0.000000e+00 0.000000e+00 -1.000000e+00
    outer loop
      vertex   -3.611468e+01 -1.788350e+01 -3.900000e+00
      vertex   -3.159604e+01 -1.661868e+01 -3.900000e+00
      vertex   -3.494280e+01 -2.007712e+01 -3.900000e+00
    endloop
  endfacet
  facet normal 0.000000e+00 0.000000e+00 -1.000000e+00
    outer loop
      vertex   -3.494280e+01 -2.007712e+01 -3.900000e+00
      vertex   -3.159604e+01 -1.661868e+01 -3.900000e+00
      vertex   -3.043394e+01 -1.866187e+01 -3.900000e+00
    endloop
  endfacet
  facet normal 0.000000e+00 0.000000e+00 -1.000000e+00
    outer loop
      vertex   -3.494280e+01 -2.007712e+01 -3.900000e+00
      vertex   -3.043394e+01 -1.866187e+01 -3.900000e+00
      vertex   -3.363783e+01 -2.219428e+01 -3.900000e+00
    endloop
  endfacet
  facet normal 0.000000e+00 0.000000e+00 -1.000000e+00
    outer loop
      vertex   -3.363783e+01 -2.219428e+01 -3.900000e+00
      vertex   -3.043394e+01 -1.866187e+01 -3.900000e+00
      vertex   -2.913990e+01 -2.062416e+01 -3.900000e+00
    endloop
  endfacet
  facet normal 0.000000e+00 0.000000e+00 -1.000000e+00
    outer loop
      vertex   -3.363783e+01 -2.219428e+01 -3.900000e+00
      vertex   -2.913990e+01 -2.062416e+01 -3.900000e+00
      vertex   -3.220476e+01 -2.422692e+01 -3.900000e+00
    endloop
  endfacet
  facet normal 0.000000e+00 0.000000e+00 -1.000000e+00
    outer loop
      vertex   -3.220476e+01 -2.422692e+01 -3.900000e+00
      vertex   -2.913990e+01 -2.062416e+01 -3.900000e+00
      vertex   -2.771955e+01 -2.249704e+01 -3.900000e+00
    endloop
  endfacet
  facet normal 0.000000e+00 0.000000e+00 -1.000000e+00
    outer loop
      vertex   -3.220476e+01 -2.422692e+01 -3.900000e+00
      vertex   -2.771955e+01 -2.249704e+01 -3.900000e+00
      vertex   -3.064903e+01 -2.616728e+01 -3.900000e+00
    endloop
  endfacet
  facet normal 0.000000e+00 0.000000e+00 -1.000000e+00
    outer loop
      vertex   -3.064903e+01 -2.616728e+01 -3.900000e+00
      vertex   -2.771955e+01 -2.249704e+01 -3.900000e+00
      vertex   -2.617902e+01 -2.427239e+01 -3.900000e+00
    endloop
  endfacet
  facet normal 0.000000e+00 0.000000e+00 -1.000000e+00
    outer loop
      vertex   -3.064903e+01 -2.616728e+01 -3.900000e+00
      vertex   -2.617902e+01 -2.427239e+01 -3.900000e+00
      vertex   -2.897658e+01 -2.800799e+01 -3.900000e+00
    endloop
  endfacet
  facet normal 0.000000e+00 0.000000e+00 -1.000000e+00
    outer loop
      vertex   -2.897658e+01 -2.800799e+01 -3.900000e+00
      vertex   -2.617902e+01 -2.427239e+01 -3.900000e+00
      vertex   -2.452500e+01 -2.594252e+01 -3.900000e+00
    endloop
  endfacet
  facet normal 0.000000e+00 0.000000e+00 -1.000000e+00
    outer loop
      vertex   -2.897658e+01 -2.800799e+01 -3.900000e+00
      vertex   -2.452500e+01 -2.594252e+01 -3.900000e+00
      vertex   -2.719378e+01 -2.974203e+01 -3.900000e+00
    endloop
  endfacet
  facet normal 0.000000e+00 0.000000e+00 -1.000000e+00
    outer loop
      vertex   -2.719378e+01 -2.974203e+01 -3.900000e+00
      vertex   -2.452500e+01 -2.594252e+01 -3.900000e+00
      vertex   -2.276466e+01 -2.750018e+01 -3.900000e+00
    endloop
  endfacet
  facet normal 0.000000e+00 0.000000e+00 -1.000000e+00
    outer loop
      vertex   -2.719378e+01 -2.974203e+01 -3.900000e+00
      vertex   -2.276466e+01 -2.750018e+01 -3.900000e+00
      vertex   -2.530740e+01 -3.136280e+01 -3.900000e+00
    endloop
  endfacet
  facet normal 0.000000e+00 0.000000e+00 -1.000000e+00
    outer loop
      vertex   -2.530740e+01 -3.136280e+01 -3.900000e+00
      vertex   -2.276466e+01 -2.750018e+01 -3.900000e+00
      vertex   -2.090564e+01 -2.893863e+01 -3.900000e+00
    endloop
  endfacet
  facet normal 0.000000e+00 0.000000e+00 -1.000000e+00
    outer loop
      vertex   -2.530740e+01 -3.136280e+01 -3.900000e+00
      vertex   -2.090564e+01 -2.893863e+01 -3.900000e+00
      vertex   -2.332465e+01 -3.286413e+01 -3.900000e+00
    endloop
  endfacet
  facet normal 0.000000e+00 0.000000e+00 -1.000000e+00
    outer loop
      vertex   -2.332465e+01 -3.286413e+01 -3.900000e+00
      vertex   -2.090564e+01 -2.893863e+01 -3.900000e+00
      vertex   -1.895599e+01 -3.025162e+01 -3.900000e+00
    endloop
  endfacet
  facet normal 0.000000e+00 0.000000e+00 -1.000000e+00
    outer loop
      vertex   -2.332465e+01 -3.286413e+01 -3.900000e+00
      vertex   -1.895599e+01 -3.025162e+01 -3.900000e+00
      vertex   -2.125306e+01 -3.424029e+01 -3.900000e+00
    endloop
  endfacet
  facet normal 0.000000e+00 0.000000e+00 -1.000000e+00
    outer loop
      vertex   -2.125306e+01 -3.424029e+01 -3.900000e+00
      vertex   -1.895599e+01 -3.025162e+01 -3.900000e+00
      vertex   -1.692415e+01 -3.143347e+01 -3.900000e+00
    endloop
  endfacet
  facet normal 0.000000e+00 0.000000e+00 -1.000000e+00
    outer loop
      vertex   -2.125306e+01 -3.424029e+01 -3.900000e+00
      vertex   -1.692415e+01 -3.143347e+01 -3.900000e+00
      vertex   -1.910053e+01 -3.548605e+01 -3.900000e+00
    endloop
  endfacet
  facet normal 0.000000e+00 0.000000e+00 -1.000000e+00
    outer loop
      vertex   -1.910053e+01 -3.548605e+01 -3.900000e+00
      vertex   -1.692415e+01 -3.143347e+01 -3.900000e+00
      vertex   -1.687526e+01 -3.659666e+01 -3.900000e+00
    endloop
  endfacet
  facet normal 0.000000e+00 0.000000e+00 -1.000000e+00
    outer loop
      vertex   -1.687526e+01 -3.659666e+01 -3.900000e+00
      vertex   -1.692415e+01 -3.143347e+01 -3.900000e+00
      vertex   -1.481896e+01 -3.247905e+01 -3.900000e+00
    endloop
  endfacet
  facet normal 0.000000e+00 0.000000e+00 -1.000000e+00
    outer loop
      vertex   -1.687526e+01 -3.659666e+01 -3.900000e+00
      vertex   -1.481896e+01 -3.247905e+01 -3.900000e+00
      vertex   -1.458571e+01 -3.756790e+01 -3.900000e+00
    endloop
  endfacet
  facet normal 0.000000e+00 0.000000e+00 -1.000000e+00
    outer loop
      vertex   -1.458571e+01 -3.756790e+01 -3.900000e+00
      vertex   -1.481896e+01 -3.247905e+01 -3.900000e+00
      vertex   -1.264951e+01 -3.338383e+01 -3.900000e+00
    endloop
  endfacet
  facet normal 0.000000e+00 0.000000e+00 -1.000000e+00
    outer loop
      vertex   -1.458571e+01 -3.756790e+01 -3.900000e+00
      vertex   -1.264951e+01 -3.338383e+01 -3.900000e+00
      vertex   -1.224062e+01 -3.839606e+01 -3.900000e+00
    endloop
  endfacet
  facet normal 0.000000e+00 0.000000e+00 -1.000000e+00
    outer loop
      vertex   -1.224062e+01 -3.839606e+01 -3.900000e+00
      vertex   -1.264951e+01 -3.338383e+01 -3.900000e+00
      vertex   -1.042523e+01 -3.414388e+01 -3.900000e+00
    endloop
  endfacet
  facet normal 0.000000e+00 0.000000e+00 -1.000000e+00
    outer loop
      vertex   -1.224062e+01 -3.839606e+01 -3.900000e+00
      vertex   -1.042523e+01 -3.414388e+01 -3.900000e+00
      vertex   -9.848913e+00 -3.907799e+01 -3.900000e+00
    endloop
  endfacet
  facet normal 0.000000e+00 0.000000e+00 -1.000000e+00
    outer loop
      vertex   -9.848913e+00 -3.907799e+01 -3.900000e+00
      vertex   -1.042523e+01 -3.414388e+01 -3.900000e+00
      vertex   -8.155760e+00 -3.475591e+01 -3.900000e+00
    endloop
  endfacet
  facet normal 0.000000e+00 0.000000e+00 -1.000000e+00
    outer loop
      vertex   -9.848913e+00 -3.907799e+01 -3.900000e+00
      vertex   -8.155760e+00 -3.475591e+01 -3.900000e+00
      vertex   -7.419694e+00 -3.961109e+01 -3.900000e+00
    endloop
  endfacet
  facet normal 0.000000e+00 0.000000e+00 -1.000000e+00
    outer loop
      vertex   -7.419694e+00 -3.961109e+01 -3.900000e+00
      vertex   -8.155760e+00 -3.475591e+01 -3.900000e+00
      vertex   -5.850930e+00 -3.521728e+01 -3.900000e+00
    endloop
  endfacet
  facet normal 0.000000e+00 0.000000e+00 -1.000000e+00
    outer loop
      vertex   -7.419694e+00 -3.961109e+01 -3.900000e+00
      vertex   -5.850930e+00 -3.521728e+01 -3.900000e+00
      vertex   -4.962217e+00 -3.999333e+01 -3.900000e+00
    endloop
  endfacet
  facet normal 0.000000e+00 0.000000e+00 -1.000000e+00
    outer loop
      vertex   -4.962217e+00 -3.999333e+01 -3.900000e+00
      vertex   -5.850930e+00 -3.521728e+01 -3.900000e+00
      vertex   -3.520735e+00 -3.552597e+01 -3.900000e+00
    endloop
  endfacet
  facet normal 0.000000e+00 0.000000e+00 -1.000000e+00
    outer loop
      vertex   -4.962217e+00 -3.999333e+01 -3.900000e+00
      vertex   -3.520735e+00 -3.552597e+01 -3.900000e+00
      vertex   -2.485842e+00 -4.022326e+01 -3.900000e+00
    endloop
  endfacet
  facet normal 0.000000e+00 0.000000e+00 -1.000000e+00
    outer loop
      vertex   -2.485842e+00 -4.022326e+01 -3.900000e+00
      vertex   -3.520735e+00 -3.552597e+01 -3.900000e+00
      vertex   -1.175277e+00 -3.568065e+01 -3.900000e+00
    endloop
  endfacet
  facet normal 0.000000e+00 0.000000e+00 -1.000000e+00
    outer loop
      vertex   -2.485842e+00 -4.022326e+01 -3.900000e+00
      vertex   -1.175277e+00 -3.568065e+01 -3.900000e+00
      vertex   2.467663e-15 -4.030000e+01 -3.900000e+00
    endloop
  endfacet
  facet normal 0.000000e+00 0.000000e+00 -1.000000e+00
    outer loop
      vertex   2.467663e-15 -4.030000e+01 -3.900000e+00
      vertex   -1.175277e+00 -3.568065e+01 -3.900000e+00
      vertex   1.175277e+00 -3.568065e+01 -3.900000e+00
    endloop
  endfacet
  facet normal 0.000000e+00 0.000000e+00 -1.000000e+00
    outer loop
      vertex   2.467663e-15 -4.030000e+01 -3.900000e+00
      vertex   1.175277e+00 -3.568065e+01 -3.900000e+00
      vertex   2.485842e+00 -4.022326e+01 -3.900000e+00
    endloop
  endfacet
  facet normal 0.000000e+00 0.000000e+00 -1.000000e+00
    outer loop
      vertex   2.485842e+00 -4.022326e+01 -3.900000e+00
      vertex   1.175277e+00 -3.568065e+01 -3.900000e+00
      vertex   3.520735e+00 -3.552597e+01 -3.900000e+00
    endloop
  endfacet
  facet normal 0.000000e+00 0.000000e+00 -1.000000e+00
    outer loop
      vertex   2.485842e+00 -4.022326e+01 -3.900000e+00
      vertex   3.520735e+00 -3.552597e+01 -3.900000e+00
      vertex   4.962217e+00 -3.999333e+01 -3.900000e+00
    endloop
  endfacet
  facet normal 0.000000e+00 0.000000e+00 -1.000000e+00
    outer loop
      vertex   4.962217e+00 -3.999333e+01 -3.900000e+00
      vertex   3.520735e+00 -3.552597e+01 -3.900000e+00
      vertex   5.850930e+00 -3.521728e+01 -3.900000e+00
    endloop
  endfacet
  facet normal 0.000000e+00 0.000000e+00 -1.000000e+00
    outer loop
      vertex   4.962217e+00 -3.999333e+01 -3.900000e+00
      vertex   5.850930e+00 -3.521728e+01 -3.900000e+00
      vertex   7.419694e+00 -3.961109e+01 -3.900000e+00
    endloop
  endfacet
  facet normal 0.000000e+00 0.000000e+00 -1.000000e+00
    outer loop
      vertex   7.419694e+00 -3.961109e+01 -3.900000e+00
      vertex   5.850930e+00 -3.521728e+01 -3.900000e+00
      vertex   8.155760e+00 -3.475591e+01 -3.900000e+00
    endloop
  endfacet
  facet normal 0.000000e+00 0.000000e+00 -1.000000e+00
    outer loop
      vertex   7.419694e+00 -3.961109e+01 -3.900000e+00
      vertex   8.155760e+00 -3.475591e+01 -3.900000e+00
      vertex   9.848913e+00 -3.907799e+01 -3.900000e+00
    endloop
  endfacet
  facet normal 0.000000e+00 0.000000e+00 -1.000000e+00
    outer loop
      vertex   9.848913e+00 -3.907799e+01 -3.900000e+00
      vertex   8.155760e+00 -3.475591e+01 -3.900000e+00
      vertex   1.042523e+01 -3.414388e+01 -3.900000e+00
    endloop
  endfacet
  facet normal 0.000000e+00 0.000000e+00 -1.000000e+00
    outer loop
      vertex   9.848913e+00 -3.907799e+01 -3.900000e+00
      vertex   1.042523e+01 -3.414388e+01 -3.900000e+00
      vertex   1.224062e+01 -3.839606e+01 -3.900000e+00
    endloop
  endfacet
  facet normal 0.000000e+00 0.000000e+00 -1.000000e+00
    outer loop
      vertex   1.224062e+01 -3.839606e+01 -3.900000e+00
      vertex   1.042523e+01 -3.414388e+01 -3.900000e+00
      vertex   1.264951e+01 -3.338383e+01 -3.900000e+00
    endloop
  endfacet
  facet normal 0.000000e+00 0.000000e+00 -1.000000e+00
    outer loop
      vertex   1.224062e+01 -3.839606e+01 -3.900000e+00
      vertex   1.264951e+01 -3.338383e+01 -3.900000e+00
      vertex   1.458571e+01 -3.756790e+01 -3.900000e+00
    endloop
  endfacet
  facet normal 0.000000e+00 0.000000e+00 -1.000000e+00
    outer loop
      vertex   1.458571e+01 -3.756790e+01 -3.900000e+00
      vertex   1.264951e+01 -3.338383e+01 -3.900000e+00
      vertex   1.481896e+01 -3.247905e+01 -3.900000e+00
    endloop
  endfacet
  facet normal 0.000000e+00 0.000000e+00 -1.000000e+00
    outer loop
      vertex   1.458571e+01 -3.756790e+01 -3.900000e+00
      vertex   1.481896e+01 -3.247905e+01 -3.900000e+00
      vertex   1.687526e+01 -3.659666e+01 -3.900000e+00
    endloop
  endfacet
  facet normal 0.000000e+00 0.000000e+00 -1.000000e+00
    outer loop
      vertex   1.687526e+01 -3.659666e+01 -3.900000e+00
      vertex   1.481896e+01 -3.247905e+01 -3.900000e+00
      vertex   1.692415e+01 -3.143347e+01 -3.900000e+00
    endloop
  endfacet
  facet normal 0.000000e+00 0.000000e+00 -1.000000e+00
    outer loop
      vertex   1.687526e+01 -3.659666e+01 -3.900000e+00
      vertex   1.692415e+01 -3.143347e+01 -3.900000e+00
      vertex   1.910053e+01 -3.548605e+01 -3.900000e+00
    endloop
  endfacet
  facet normal 0.000000e+00 0.000000e+00 -1.000000e+00
    outer loop
      vertex   1.910053e+01 -3.548605e+01 -3.900000e+00
      vertex   1.692415e+01 -3.143347e+01 -3.900000e+00
      vertex   2.125306e+01 -3.424029e+01 -3.900000e+00
    endloop
  endfacet
  facet normal 0.000000e+00 0.000000e+00 -1.000000e+00
    outer loop
      vertex   2.125306e+01 -3.424029e+01 -3.900000e+00
      vertex   1.692415e+01 -3.143347e+01 -3.900000e+00
      vertex   1.895599e+01 -3.025162e+01 -3.900000e+00
    endloop
  endfacet
  facet normal 0.000000e+00 0.000000e+00 -1.000000e+00
    outer loop
      vertex   2.125306e+01 -3.424029e+01 -3.900000e+00
      vertex   1.895599e+01 -3.025162e+01 -3.900000e+00
      vertex   2.332465e+01 -3.286413e+01 -3.900000e+00
    endloop
  endfacet
  facet normal 0.000000e+00 0.000000e+00 -1.000000e+00
    outer loop
      vertex   2.332465e+01 -3.286413e+01 -3.900000e+00
      vertex   1.895599e+01 -3.025162e+01 -3.900000e+00
      vertex   2.090564e+01 -2.893863e+01 -3.900000e+00
    endloop
  endfacet
  facet normal 0.000000e+00 0.000000e+00 -1.000000e+00
    outer loop
      vertex   2.332465e+01 -3.286413e+01 -3.900000e+00
      vertex   2.090564e+01 -2.893863e+01 -3.900000e+00
      vertex   2.530740e+01 -3.136280e+01 -3.900000e+00
    endloop
  endfacet
  facet normal 0.000000e+00 0.000000e+00 -1.000000e+00
    outer loop
      vertex   2.530740e+01 -3.136280e+01 -3.900000e+00
      vertex   2.090564e+01 -2.893863e+01 -3.900000e+00
      vertex   2.276466e+01 -2.750018e+01 -3.900000e+00
    endloop
  endfacet
  facet normal 0.000000e+00 0.000000e+00 -1.000000e+00
    outer loop
      vertex   2.530740e+01 -3.136280e+01 -3.900000e+00
      vertex   2.276466e+01 -2.750018e+01 -3.900000e+00
      vertex   2.719378e+01 -2.974203e+01 -3.900000e+00
    endloop
  endfacet
  facet normal 0.000000e+00 0.000000e+00 -1.000000e+00
    outer loop
      vertex   2.719378e+01 -2.974203e+01 -3.900000e+00
      vertex   2.276466e+01 -2.750018e+01 -3.900000e+00
      vertex   2.452500e+01 -2.594252e+01 -3.900000e+00
    endloop
  endfacet
  facet normal 0.000000e+00 0.000000e+00 -1.000000e+00
    outer loop
      vertex   2.719378e+01 -2.974203e+01 -3.900000e+00
      vertex   2.452500e+01 -2.594252e+01 -3.900000e+00
      vertex   2.897658e+01 -2.800799e+01 -3.900000e+00
    endloop
  endfacet
  facet normal 0.000000e+00 0.000000e+00 -1.000000e+00
    outer loop
      vertex   2.897658e+01 -2.800799e+01 -3.900000e+00
      vertex   2.452500e+01 -2.594252e+01 -3.900000e+00
      vertex   2.617902e+01 -2.427239e+01 -3.900000e+00
    endloop
  endfacet
  facet normal 0.000000e+00 0.000000e+00 -1.000000e+00
    outer loop
      vertex   2.897658e+01 -2.800799e+01 -3.900000e+00
      vertex   2.617902e+01 -2.427239e+01 -3.900000e+00
      vertex   3.064903e+01 -2.616728e+01 -3.900000e+00
    endloop
  endfacet
  facet normal 0.000000e+00 0.000000e+00 -1.000000e+00
    outer loop
      vertex   3.064903e+01 -2.616728e+01 -3.900000e+00
      vertex   2.617902e+01 -2.427239e+01 -3.900000e+00
      vertex   2.771955e+01 -2.249704e+01 -3.900000e+00
    endloop
  endfacet
  facet normal 0.000000e+00 0.000000e+00 -1.000000e+00
    outer loop
      vertex   3.064903e+01 -2.616728e+01 -3.900000e+00
      vertex   2.771955e+01 -2.249704e+01 -3.900000e+00
      vertex   3.220476e+01 -2.422692e+01 -3.900000e+00
    endloop
  endfacet
  facet normal 0.000000e+00 0.000000e+00 -1.000000e+00
    outer loop
      vertex   3.220476e+01 -2.422692e+01 -3.900000e+00
      vertex   2.771955e+01 -2.249704e+01 -3.900000e+00
      vertex   2.913990e+01 -2.062416e+01 -3.900000e+00
    endloop
  endfacet
  facet normal 0.000000e+00 0.000000e+00 -1.000000e+00
    outer loop
      vertex   3.220476e+01 -2.422692e+01 -3.900000e+00
      vertex   2.913990e+01 -2.062416e+01 -3.900000e+00
      vertex   3.363783e+01 -2.219428e+01 -3.900000e+00
    endloop
  endfacet
  facet normal 0.000000e+00 0.000000e+00 -1.000000e+00
    outer loop
      vertex   3.363783e+01 -2.219428e+01 -3.900000e+00
      vertex   2.913990e+01 -2.062416e+01 -3.900000e+00
      vertex   3.043394e+01 -1.866187e+01 -3.900000e+00
    endloop
  endfacet
  facet normal 0.000000e+00 0.000000e+00 -1.000000e+00
    outer loop
      vertex   3.363783e+01 -2.219428e+01 -3.900000e+00
      vertex   3.043394e+01 -1.866187e+01 -3.900000e+00
      vertex   3.494280e+01 -2.007712e+01 -3.900000e+00
    endloop
  endfacet
  facet normal 0.000000e+00 0.000000e+00 -1.000000e+00
    outer loop
      vertex   3.494280e+01 -2.007712e+01 -3.900000e+00
      vertex   3.043394e+01 -1.866187e+01 -3.900000e+00
      vertex   3.159604e+01 -1.661868e+01 -3.900000e+00
    endloop
  endfacet
  facet normal 0.000000e+00 0.000000e+00 -1.000000e+00
    outer loop
      vertex   3.494280e+01 -2.007712e+01 -3.900000e+00
      vertex   3.159604e+01 -1.661868e+01 -3.900000e+00
      vertex   3.611468e+01 -1.788350e+01 -3.900000e+00
    endloop
  endfacet
  facet normal 0.000000e+00 0.000000e+00 -1.000000e+00
    outer loop
      vertex   3.611468e+01 -1.788350e+01 -3.900000e+00
      vertex   3.159604e+01 -1.661868e+01 -3.900000e+00
      vertex   3.262116e+01 -1.450345e+01 -3.900000e+00
    endloop
  endfacet
  facet normal 0.000000e+00 0.000000e+00 -1.000000e+00
    outer loop
      vertex   3.611468e+01 -1.788350e+01 -3.900000e+00
      vertex   3.262116e+01 -1.450345e+01 -3.900000e+00
      vertex   3.714903e+01 -1.562177e+01 -3.900000e+00
    endloop
  endfacet
  facet normal 0.000000e+00 0.000000e+00 -1.000000e+00
    outer loop
      vertex   3.714903e+01 -1.562177e+01 -3.900000e+00
      vertex   3.262116e+01 -1.450345e+01 -3.900000e+00
      vertex   3.350487e+01 -1.232534e+01 -3.900000e+00
    endloop
  endfacet
  facet normal 0.000000e+00 0.000000e+00 -1.000000e+00
    outer loop
      vertex   3.714903e+01 -1.562177e+01 -3.900000e+00
      vertex   3.350487e+01 -1.232534e+01 -3.900000e+00
      vertex   3.804189e+01 -1.330054e+01 -3.900000e+00
    endloop
  endfacet
  facet normal 0.000000e+00 0.000000e+00 -1.000000e+00
    outer loop
      vertex   3.804189e+01 -1.330054e+01 -3.900000e+00
      vertex   3.350487e+01 -1.232534e+01 -3.900000e+00
      vertex   3.424333e+01 -1.009379e+01 -3.900000e+00
    endloop
  endfacet
  facet normal 0.000000e+00 0.000000e+00 -1.000000e+00
    outer loop
      vertex   3.804189e+01 -1.330054e+01 -3.900000e+00
      vertex   3.424333e+01 -1.009379e+01 -3.900000e+00
      vertex   3.878988e+01 -1.092866e+01 -3.900000e+00
    endloop
  endfacet
  facet normal 0.000000e+00 0.000000e+00 -1.000000e+00
    outer loop
      vertex   3.878988e+01 -1.092866e+01 -3.900000e+00
      vertex   3.424333e+01 -1.009379e+01 -3.900000e+00
      vertex   3.483333e+01 -7.818494e+00 -3.900000e+00
    endloop
  endfacet
  facet normal 0.000000e+00 0.000000e+00 -1.000000e+00
    outer loop
      vertex   3.878988e+01 -1.092866e+01 -3.900000e+00
      vertex   3.483333e+01 -7.818494e+00 -3.900000e+00
      vertex   3.939013e+01 -8.515155e+00 -3.900000e+00
    endloop
  endfacet
  facet normal 0.000000e+00 0.000000e+00 -1.000000e+00
    outer loop
      vertex   3.939013e+01 -8.515155e+00 -3.900000e+00
      vertex   3.483333e+01 -7.818494e+00 -3.900000e+00
      vertex   3.527233e+01 -5.509300e+00 -3.900000e+00
    endloop
  endfacet
  facet normal 0.000000e+00 0.000000e+00 -1.000000e+00
    outer loop
      vertex   3.939013e+01 -8.515155e+00 -3.900000e+00
      vertex   3.527233e+01 -5.509300e+00 -3.900000e+00
      vertex   3.984036e+01 -6.069222e+00 -3.900000e+00
    endloop
  endfacet
  facet normal 0.000000e+00 0.000000e+00 -1.000000e+00
    outer loop
      vertex   3.984036e+01 -6.069222e+00 -3.900000e+00
      vertex   3.527233e+01 -5.509300e+00 -3.900000e+00
      vertex   3.555843e+01 -3.176222e+00 -3.900000e+00
    endloop
  endfacet
  facet normal 0.000000e+00 0.000000e+00 -1.000000e+00
    outer loop
      vertex   3.984036e+01 -6.069222e+00 -3.900000e+00
      vertex   3.555843e+01 -3.176222e+00 -3.900000e+00
      vertex   4.013887e+01 -3.600174e+00 -3.900000e+00
    endloop
  endfacet
  facet normal 0.000000e+00 0.000000e+00 -1.000000e+00
    outer loop
      vertex   4.013887e+01 -3.600174e+00 -3.900000e+00
      vertex   3.555843e+01 -3.176222e+00 -3.900000e+00
      vertex   4.028451e+01 -1.117416e+00 -3.900000e+00
    endloop
  endfacet
  facet normal -0.000000e+00 0.000000e+00 -1.000000e+00
    outer loop
      vertex   4.028451e+01 -1.117416e+00 -3.900000e+00
      vertex   3.555843e+01 -3.176222e+00 -3.900000e+00
      vertex   3.569036e+01 -8.293750e-01 -3.900000e+00
    endloop
  endfacet
  facet normal 0.000000e+00 0.000000e+00 -1.000000e+00
    outer loop
      vertex   4.028451e+01 -1.117416e+00 -3.900000e+00
      vertex   3.569036e+01 -8.293750e-01 -3.900000e+00
      vertex   4.027672e+01 1.369599e+00 -3.900000e+00
    endloop
  endfacet
  facet normal -0.000000e+00 0.000000e+00 -1.000000e+00
    outer loop
      vertex   4.027672e+01 1.369599e+00 -3.900000e+00
      vertex   3.569036e+01 -8.293750e-01 -3.900000e+00
      vertex   3.566758e+01 1.521068e+00 -3.900000e+00
    endloop
  endfacet
  facet normal 0.000000e+00 0.000000e+00 -1.000000e+00
    outer loop
      vertex   4.027672e+01 1.369599e+00 -3.900000e+00
      vertex   3.566758e+01 1.521068e+00 -3.900000e+00
      vertex   4.011554e+01 3.851397e+00 -3.900000e+00
    endloop
  endfacet
  facet normal -0.000000e+00 0.000000e+00 -1.000000e+00
    outer loop
      vertex   4.011554e+01 3.851397e+00 -3.900000e+00
      vertex   3.566758e+01 1.521068e+00 -3.900000e+00
      vertex   3.549017e+01 3.864916e+00 -3.900000e+00
    endloop
  endfacet
  facet normal 0.000000e+00 0.000000e+00 -1.000000e+00
    outer loop
      vertex   4.011554e+01 3.851397e+00 -3.900000e+00
      vertex   3.549017e+01 3.864916e+00 -3.900000e+00
      vertex   3.980159e+01 6.318527e+00 -3.900000e+00
    endloop
  endfacet
  facet normal 0.000000e+00 0.000000e+00 -1.000000e+00
    outer loop
      vertex   3.980159e+01 6.318527e+00 -3.900000e+00
      vertex   3.549017e+01 3.864916e+00 -3.900000e+00
      vertex   3.515891e+01 6.192010e+00 -3.900000e+00
    endloop
  endfacet
  facet normal -0.000000e+00 0.000000e+00 -1.000000e+00
    outer loop
      vertex   3.980159e+01 6.318527e+00 -3.900000e+00
      vertex   3.515891e+01 6.192010e+00 -3.900000e+00
      vertex   3.933605e+01 8.761594e+00 -3.900000e+00
    endloop
  endfacet
  facet normal 0.000000e+00 0.000000e+00 -1.000000e+00
    outer loop
      vertex   3.933605e+01 8.761594e+00 -3.900000e+00
      vertex   3.515891e+01 6.192010e+00 -3.900000e+00
      vertex   3.467523e+01 8.492260e+00 -3.900000e+00
    endloop
  endfacet
  facet normal -0.000000e+00 0.000000e+00 -1.000000e+00
    outer loop
      vertex   3.933605e+01 8.761594e+00 -3.900000e+00
      vertex   3.467523e+01 8.492260e+00 -3.900000e+00
      vertex   3.872070e+01 1.117129e+01 -3.900000e+00
    endloop
  endfacet
  facet normal 0.000000e+00 0.000000e+00 -1.000000e+00
    outer loop
      vertex   3.872070e+01 1.117129e+01 -3.900000e+00
      vertex   3.467523e+01 8.492260e+00 -3.900000e+00
      vertex   3.404123e+01 1.075570e+01 -3.900000e+00
    endloop
  endfacet
  facet normal -0.000000e+00 0.000000e+00 -1.000000e+00
    outer loop
      vertex   3.872070e+01 1.117129e+01 -3.900000e+00
      vertex   3.404123e+01 1.075570e+01 -3.900000e+00
      vertex   3.795788e+01 1.353844e+01 -3.900000e+00
    endloop
  endfacet
  facet normal 0.000000e+00 0.000000e+00 -1.000000e+00
    outer loop
      vertex   3.795788e+01 1.353844e+01 -3.900000e+00
      vertex   3.404123e+01 1.075570e+01 -3.900000e+00
      vertex   3.325965e+01 1.297250e+01 -3.900000e+00
    endloop
  endfacet
  facet normal -0.000000e+00 0.000000e+00 -1.000000e+00
    outer loop
      vertex   3.795788e+01 1.353844e+01 -3.900000e+00
      vertex   3.325965e+01 1.297250e+01 -3.900000e+00
      vertex   3.705050e+01 1.585404e+01 -3.900000e+00
    endloop
  endfacet
  facet normal 0.000000e+00 0.000000e+00 -1.000000e+00
    outer loop
      vertex   3.705050e+01 1.585404e+01 -3.900000e+00
      vertex   3.325965e+01 1.297250e+01 -3.900000e+00
      vertex   3.233388e+01 1.513307e+01 -3.900000e+00
    endloop
  endfacet
  facet normal -0.000000e+00 0.000000e+00 -1.000000e+00
    outer loop
      vertex   3.705050e+01 1.585404e+01 -3.900000e+00
      vertex   3.233388e+01 1.513307e+01 -3.900000e+00
      vertex   3.600202e+01 1.810925e+01 -3.900000e+00
    endloop
  endfacet
  facet normal 0.000000e+00 0.000000e+00 -1.000000e+00
    outer loop
      vertex   3.600202e+01 1.810925e+01 -3.900000e+00
      vertex   3.233388e+01 1.513307e+01 -3.900000e+00
      vertex   3.126795e+01 1.722804e+01 -3.900000e+00
    endloop
  endfacet
  facet normal -0.000000e+00 0.000000e+00 -1.000000e+00
    outer loop
      vertex   3.600202e+01 1.810925e+01 -3.900000e+00
      vertex   3.126795e+01 1.722804e+01 -3.900000e+00
      vertex   3.481642e+01 2.029549e+01 -3.900000e+00
    endloop
  endfacet
  facet normal 0.000000e+00 0.000000e+00 -1.000000e+00
    outer loop
      vertex   3.481642e+01 2.029549e+01 -3.900000e+00
      vertex   3.126795e+01 1.722804e+01 -3.900000e+00
      vertex   3.006646e+01 1.924832e+01 -3.900000e+00
    endloop
  endfacet
  facet normal -0.000000e+00 0.000000e+00 -1.000000e+00
    outer loop
      vertex   3.481642e+01 2.029549e+01 -3.900000e+00
      vertex   3.006646e+01 1.924832e+01 -3.900000e+00
      vertex   3.349822e+01 2.240444e+01 -3.900000e+00
    endloop
  endfacet
  facet normal 0.000000e+00 0.000000e+00 -1.000000e+00
    outer loop
      vertex   3.349822e+01 2.240444e+01 -3.900000e+00
      vertex   3.006646e+01 1.924832e+01 -3.900000e+00
      vertex   2.873463e+01 2.118515e+01 -3.900000e+00
    endloop
  endfacet
  facet normal -0.000000e+00 0.000000e+00 -1.000000e+00
    outer loop
      vertex   3.349822e+01 2.240444e+01 -3.900000e+00
      vertex   2.873463e+01 2.118515e+01 -3.900000e+00
      vertex   3.205245e+01 2.442806e+01 -3.900000e+00
    endloop
  endfacet
  facet normal 0.000000e+00 0.000000e+00 -1.000000e+00
    outer loop
      vertex   3.205245e+01 2.442806e+01 -3.900000e+00
      vertex   2.873463e+01 2.118515e+01 -3.900000e+00
      vertex   2.727824e+01 2.303015e+01 -3.900000e+00
    endloop
  endfacet
  facet normal -0.000000e+00 0.000000e+00 -1.000000e+00
    outer loop
      vertex   3.205245e+01 2.442806e+01 -3.900000e+00
      vertex   2.727824e+01 2.303015e+01 -3.900000e+00
      vertex   3.048461e+01 2.635865e+01 -3.900000e+00
    endloop
  endfacet
  facet normal 0.000000e+00 0.000000e+00 -1.000000e+00
    outer loop
      vertex   3.048461e+01 2.635865e+01 -3.900000e+00
      vertex   2.727824e+01 2.303015e+01 -3.900000e+00
      vertex   2.570358e+01 2.477530e+01 -3.900000e+00
    endloop
  endfacet
  facet normal -0.000000e+00 0.000000e+00 -1.000000e+00
    outer loop
      vertex   3.048461e+01 2.635865e+01 -3.900000e+00
      vertex   2.570358e+01 2.477530e+01 -3.900000e+00
      vertex   2.880067e+01 2.818885e+01 -3.900000e+00
    endloop
  endfacet
  facet normal 0.000000e+00 0.000000e+00 -1.000000e+00
    outer loop
      vertex   2.880067e+01 2.818885e+01 -3.900000e+00
      vertex   2.570358e+01 2.477530e+01 -3.900000e+00
      vertex   2.401750e+01 2.641306e+01 -3.900000e+00
    endloop
  endfacet
  facet normal -0.000000e+00 0.000000e+00 -1.000000e+00
    outer loop
      vertex   2.880067e+01 2.818885e+01 -3.900000e+00
      vertex   2.401750e+01 2.641306e+01 -3.900000e+00
      vertex   2.700704e+01 2.991170e+01 -3.900000e+00
    endloop
  endfacet
  facet normal 0.000000e+00 0.000000e+00 -1.000000e+00
    outer loop
      vertex   2.700704e+01 2.991170e+01 -3.900000e+00
      vertex   2.401750e+01 2.641306e+01 -3.900000e+00
      vertex   2.222730e+01 2.793630e+01 -3.900000e+00
    endloop
  endfacet
  facet normal -0.000000e+00 0.000000e+00 -1.000000e+00
    outer loop
      vertex   2.700704e+01 2.991170e+01 -3.900000e+00
      vertex   2.222730e+01 2.793630e+01 -3.900000e+00
      vertex   2.511056e+01 3.152063e+01 -3.900000e+00
    endloop
  endfacet
  facet normal -0.000000e+00 0.000000e+00 -1.000000e+00
    outer loop
      vertex   2.511056e+01 3.152063e+01 -3.900000e+00
      vertex   2.222730e+01 2.793630e+01 -3.900000e+00
      vertex   2.311844e+01 3.300951e+01 -3.900000e+00
    endloop
  endfacet
  facet normal 0.000000e+00 0.000000e+00 -1.000000e+00
    outer loop
      vertex   2.311844e+01 3.300951e+01 -3.900000e+00
      vertex   2.222730e+01 2.793630e+01 -3.900000e+00
      vertex   2.034074e+01 2.933844e+01 -3.900000e+00
    endloop
  endfacet
  facet normal -0.000000e+00 0.000000e+00 -1.000000e+00
    outer loop
      vertex   2.311844e+01 3.300951e+01 -3.900000e+00
      vertex   2.034074e+01 2.933844e+01 -3.900000e+00
      vertex   2.103828e+01 3.437268e+01 -3.900000e+00
    endloop
  endfacet
  facet normal 0.000000e+00 0.000000e+00 -1.000000e+00
    outer loop
      vertex   2.103828e+01 3.437268e+01 -3.900000e+00
      vertex   2.034074e+01 2.933844e+01 -3.900000e+00
      vertex   1.836600e+01 3.061339e+01 -3.900000e+00
    endloop
  endfacet
  facet normal -0.000000e+00 0.000000e+00 -1.000000e+00
    outer loop
      vertex   2.103828e+01 3.437268e+01 -3.900000e+00
      vertex   1.836600e+01 3.061339e+01 -3.900000e+00
      vertex   1.887799e+01 3.560494e+01 -3.900000e+00
    endloop
  endfacet
  facet normal 0.000000e+00 0.000000e+00 -1.000000e+00
    outer loop
      vertex   1.887799e+01 3.560494e+01 -3.900000e+00
      vertex   1.836600e+01 3.061339e+01 -3.900000e+00
      vertex   1.631165e+01 3.175563e+01 -3.900000e+00
    endloop
  endfacet
  facet normal -0.000000e+00 0.000000e+00 -1.000000e+00
    outer loop
      vertex   1.887799e+01 3.560494e+01 -3.900000e+00
      vertex   1.631165e+01 3.175563e+01 -3.900000e+00
      vertex   1.664581e+01 3.670159e+01 -3.900000e+00
    endloop
  endfacet
  facet normal 0.000000e+00 0.000000e+00 -1.000000e+00
    outer loop
      vertex   1.664581e+01 3.670159e+01 -3.900000e+00
      vertex   1.631165e+01 3.175563e+01 -3.900000e+00
      vertex   1.418657e+01 3.276021e+01 -3.900000e+00
    endloop
  endfacet
  facet normal -0.000000e+00 0.000000e+00 -1.000000e+00
    outer loop
      vertex   1.664581e+01 3.670159e+01 -3.900000e+00
      vertex   1.418657e+01 3.276021e+01 -3.900000e+00
      vertex   1.435023e+01 3.765848e+01 -3.900000e+00
    endloop
  endfacet
  facet normal 0.000000e+00 0.000000e+00 -1.000000e+00
    outer loop
      vertex   1.435023e+01 3.765848e+01 -3.900000e+00
      vertex   1.418657e+01 3.276021e+01 -3.900000e+00
      vertex   1.200000e+01 3.362276e+01 -3.900000e+00
    endloop
  endfacet
  facet normal 5.921189e-16 1.000000e+00 -0.000000e+00
    outer loop
      vertex   1.200000e+01 3.890000e+01 -3.900000e+00
      vertex   -1.200000e+01 3.890000e+01 -3.900000e+00
      vertex   1.200000e+01 3.890000e+01 -1.400000e+00
    endloop
  endfacet
  facet normal 5.921189e-16 1.000000e+00 0.000000e+00
    outer loop
      vertex   1.200000e+01 3.890000e+01 -1.400000e+00
      vertex   -1.200000e+01 3.890000e+01 -3.900000e+00
      vertex   -1.200000e+01 3.890000e+01 -1.400000e+00
    endloop
  endfacet
  facet normal 0.000000e+00 0.000000e+00 -1.000000e+00
    outer loop
      vertex   -1.200000e+01 3.890000e+01 -1.400000e+00
      vertex   -1.200000e+01 4.129165e+01 -1.400000e+00
      vertex   1.200000e+01 3.890000e+01 -1.400000e+00
    endloop
  endfacet
  facet normal 0.000000e+00 0.000000e+00 -1.000000e+00
    outer loop
      vertex   1.200000e+01 3.890000e+01 -1.400000e+00
      vertex   -1.200000e+01 4.129165e+01 -1.400000e+00
      vertex   1.200000e+01 4.129165e+01 -1.400000e+00
    endloop
  endfacet
  facet normal 0.000000e+00 0.000000e+00 -1.000000e+00
    outer loop
      vertex   1.200000e+01 4.129165e+01 -1.400000e+00
      vertex   -1.200000e+01 4.129165e+01 -1.400000e+00
      vertex   9.646389e+00 4.190402e+01 -1.400000e+00
    endloop
  endfacet
  facet normal -0.000000e+00 0.000000e+00 -1.000000e+00
    outer loop
      vertex   9.646389e+00 4.190402e+01 -1.400000e+00
      vertex   -1.200000e+01 4.129165e+01 -1.400000e+00
      vertex   -9.646389e+00 4.190402e+01 -1.400000e+00
    endloop
  endfacet
  facet normal 0.000000e+00 0.000000e+00 -1.000000e+00
    outer loop
      vertex   9.646389e+00 4.190402e+01 -1.400000e+00
      vertex   -9.646389e+00 4.190402e+01 -1.400000e+00
      vertex   7.261921e+00 4.238236e+01 -1.400000e+00
    endloop
  endfacet
  facet normal -0.000000e+00 0.000000e+00 -1.000000e+00
    outer loop
      vertex   7.261921e+00 4.238236e+01 -1.400000e+00
      vertex   -9.646389e+00 4.190402e+01 -1.400000e+00
      vertex   -7.261921e+00 4.238236e+01 -1.400000e+00
    endloop
  endfacet
  facet normal 0.000000e+00 0.000000e+00 -1.000000e+00
    outer loop
      vertex   7.261921e+00 4.238236e+01 -1.400000e+00
      vertex   -7.261921e+00 4.238236e+01 -1.400000e+00
      vertex   4.854224e+00 4.272513e+01 -1.400000e+00
    endloop
  endfacet
  facet normal -0.000000e+00 0.000000e+00 -1.000000e+00
    outer loop
      vertex   4.854224e+00 4.272513e+01 -1.400000e+00
      vertex   -7.261921e+00 4.238236e+01 -1.400000e+00
      vertex   -4.854224e+00 4.272513e+01 -1.400000e+00
    endloop
  endfacet
  facet normal 0.000000e+00 0.000000e+00 -1.000000e+00
    outer loop
      vertex   4.854224e+00 4.272513e+01 -1.400000e+00
      vertex   -4.854224e+00 4.272513e+01 -1.400000e+00
      vertex   2.431000e+00 4.293123e+01 -1.400000e+00
    endloop
  endfacet
  facet normal -0.000000e+00 0.000000e+00 -1.000000e+00
    outer loop
      vertex   2.431000e+00 4.293123e+01 -1.400000e+00
      vertex   -4.854224e+00 4.272513e+01 -1.400000e+00
      vertex   -2.431000e+00 4.293123e+01 -1.400000e+00
    endloop
  endfacet
  facet normal 0.000000e+00 0.000000e+00 -1.000000e+00
    outer loop
      vertex   2.431000e+00 4.293123e+01 -1.400000e+00
      vertex   -2.431000e+00 4.293123e+01 -1.400000e+00
      vertex   2.632991e-15 4.300000e+01 -1.400000e+00
    endloop
  endfacet
  facet normal 9.995500e-01 -2.991539e-02 2.221745e-03
    outer loop
      vertex   4.292304e+01 -2.571579e+00 3.200000e+00
      vertex   4.298931e+01 -9.587053e-01 -4.900000e+00
      vertex   4.300000e+01 5.265981e-15 3.200000e+00
    endloop
  endfacet
  facet normal 9.999696e-01 7.481421e-03 -2.205046e-03
    outer loop
      vertex   4.300000e+01 5.265981e-15 3.200000e+00
      vertex   4.298931e+01 -9.587053e-01 -4.900000e+00
      vertex   4.297015e+01 1.601824e+00 -4.900000e+00
    endloop
  endfacet
  facet normal 9.995499e-01 2.991539e-02 2.232953e-03
    outer loop
      vertex   4.300000e+01 5.265981e-15 3.200000e+00
      vertex   4.297015e+01 1.601824e+00 -4.900000e+00
      vertex   4.292304e+01 2.571579e+00 3.200000e+00
    endloop
  endfacet
  facet normal 9.977513e-01 6.698879e-02 -2.216043e-03
    outer loop
      vertex   4.292304e+01 2.571579e+00 3.200000e+00
      vertex   4.297015e+01 1.601824e+00 -4.900000e+00
      vertex   4.279862e+01 4.156673e+00 -4.900000e+00
    endloop
  endfacet
  facet normal 9.959718e-01 8.963908e-02 2.243738e-03
    outer loop
      vertex   4.292304e+01 2.571579e+00 3.200000e+00
      vertex   4.279862e+01 4.156673e+00 -4.900000e+00
      vertex   4.269242e+01 5.133952e+00 3.200000e+00
    endloop
  endfacet
  facet normal 9.919949e-01 1.262586e-01 -2.226617e-03
    outer loop
      vertex   4.269242e+01 5.133952e+00 3.200000e+00
      vertex   4.279862e+01 4.156673e+00 -4.900000e+00
      vertex   4.247532e+01 6.696782e+00 -4.900000e+00
    endloop
  endfacet
  facet normal 9.888283e-01 1.490419e-01 2.254101e-03
    outer loop
      vertex   4.269242e+01 5.133952e+00 3.200000e+00
      vertex   4.247532e+01 6.696782e+00 -4.900000e+00
      vertex   4.230897e+01 7.677946e+00 3.200000e+00
    endloop
  endfacet
  facet normal 9.827208e-01 1.850807e-01 -2.236768e-03
    outer loop
      vertex   4.230897e+01 7.677946e+00 3.200000e+00
      vertex   4.247532e+01 6.696782e+00 -4.900000e+00
      vertex   4.200140e+01 9.213143e+00 -4.900000e+00
    endloop
  endfacet
  facet normal 9.781451e-01 2.079112e-01 2.264041e-03
    outer loop
      vertex   4.230897e+01 7.677946e+00 3.200000e+00
      vertex   4.200140e+01 9.213143e+00 -4.900000e+00
      vertex   4.177407e+01 1.019446e+01 3.200000e+00
    endloop
  endfacet
  facet normal 9.699619e-01 2.432465e-01 -2.246496e-03
    outer loop
      vertex   4.177407e+01 1.019446e+01 3.200000e+00
      vertex   4.200140e+01 9.213143e+00 -4.900000e+00
      vertex   4.137855e+01 1.169683e+01 -4.900000e+00
    endloop
  endfacet
  facet normal 9.639604e-01 2.660362e-01 2.273558e-03
    outer loop
      vertex   4.177407e+01 1.019446e+01 3.200000e+00
      vertex   4.137855e+01 1.169683e+01 -4.900000e+00
      vertex   4.108963e+01 1.267447e+01 3.200000e+00
    endloop
  endfacet
  facet normal 9.537635e-01 3.005497e-01 -2.255802e-03
    outer loop
      vertex   4.108963e+01 1.267447e+01 3.200000e+00
      vertex   4.137855e+01 1.169683e+01 -4.900000e+00
      vertex   4.060896e+01 1.413905e+01 -4.900000e+00
    endloop
  endfacet
  facet normal 9.463249e-01 3.232088e-01 2.282652e-03
    outer loop
      vertex   4.108963e+01 1.267447e+01 3.200000e+00
      vertex   4.060896e+01 1.413905e+01 -4.900000e+00
      vertex   4.025810e+01 1.510912e+01 3.200000e+00
    endloop
  endfacet
  facet normal 9.341829e-01 3.567872e-01 -2.264685e-03
    outer loop
      vertex   4.025810e+01 1.510912e+01 3.200000e+00
      vertex   4.060896e+01 1.413905e+01 -4.900000e+00
      vertex   3.969536e+01 1.653112e+01 -4.900000e+00
    endloop
  endfacet
  facet normal 9.253019e-01 3.792245e-01 2.291323e-03
    outer loop
      vertex   4.025810e+01 1.510912e+01 3.200000e+00
      vertex   3.969536e+01 1.653112e+01 -4.900000e+00
      vertex   3.928245e+01 1.748968e+01 3.200000e+00
    endloop
  endfacet
  facet normal 9.112897e-01 4.117594e-01 -2.273145e-03
    outer loop
      vertex   3.928245e+01 1.748968e+01 3.200000e+00
      vertex   3.969536e+01 1.653112e+01 -4.900000e+00
      vertex   3.864101e+01 1.886458e+01 -4.900000e+00
    endloop
  endfacet
  facet normal 9.009665e-01 4.338826e-01 2.299572e-03
    outer loop
      vertex   3.928245e+01 1.748968e+01 3.200000e+00
      vertex   3.864101e+01 1.886458e+01 -4.900000e+00
      vertex   3.816619e+01 1.980763e+01 3.200000e+00
    endloop
  endfacet
  facet normal 8.851651e-01 4.652716e-01 -2.281182e-03
    outer loop
      vertex   3.816619e+01 1.980763e+01 3.200000e+00
      vertex   3.864101e+01 1.886458e+01 -4.900000e+00
      vertex   3.744963e+01 2.113114e+01 -4.900000e+00
    endloop
  endfacet
  facet normal 8.734059e-01 4.869875e-01 2.307398e-03
    outer loop
      vertex   3.816619e+01 1.980763e+01 3.200000e+00
      vertex   3.744963e+01 2.113114e+01 -4.900000e+00
      vertex   3.691330e+01 2.205467e+01 3.200000e+00
    endloop
  endfacet
  facet normal 8.559015e-01 5.171338e-01 -2.288797e-03
    outer loop
      vertex   3.691330e+01 2.205467e+01 3.200000e+00
      vertex   3.744963e+01 2.113114e+01 -4.900000e+00
      vertex   3.612546e+01 2.332277e+01 -4.900000e+00
    endloop
  endfacet
  facet normal 8.427187e-01 5.383492e-01 2.314801e-03
    outer loop
      vertex   3.691330e+01 2.205467e+01 3.200000e+00
      vertex   3.612546e+01 2.332277e+01 -4.900000e+00
      vertex   3.552827e+01 2.422276e+01 3.200000e+00
    endloop
  endfacet
  facet normal 8.236029e-01 5.671623e-01 -2.295988e-03
    outer loop
      vertex   3.552827e+01 2.422276e+01 3.200000e+00
      vertex   3.612546e+01 2.332277e+01 -4.900000e+00
      vertex   3.467318e+01 2.543169e+01 -4.900000e+00
    endloop
  endfacet
  facet normal 8.090148e-01 5.877837e-01 2.321781e-03
    outer loop
      vertex   3.552827e+01 2.422276e+01 3.200000e+00
      vertex   3.467318e+01 2.543169e+01 -4.900000e+00
      vertex   3.401605e+01 2.630414e+01 3.200000e+00
    endloop
  endfacet
  facet normal 7.883837e-01 6.151795e-01 -2.302757e-03
    outer loop
      vertex   3.401605e+01 2.630414e+01 3.200000e+00
      vertex   3.467318e+01 2.543169e+01 -4.900000e+00
      vertex   3.309794e+01 2.745043e+01 -4.900000e+00
    endloop
  endfacet
  facet normal 7.724149e-01 6.351140e-01 2.328339e-03
    outer loop
      vertex   3.401605e+01 2.630414e+01 3.200000e+00
      vertex   3.309794e+01 2.745043e+01 -4.900000e+00
      vertex   3.238207e+01 2.829137e+01 3.200000e+00
    endloop
  endfacet
  facet normal 7.503689e-01 6.610153e-01 -2.309104e-03
    outer loop
      vertex   3.238207e+01 2.829137e+01 3.200000e+00
      vertex   3.309794e+01 2.745043e+01 -4.900000e+00
      vertex   3.140534e+01 2.937183e+01 -4.900000e+00
    endloop
  endfacet
  facet normal 7.330499e-01 6.801709e-01 2.334474e-03
    outer loop
      vertex   3.238207e+01 2.829137e+01 3.200000e+00
      vertex   3.140534e+01 2.937183e+01 -4.900000e+00
      vertex   3.063217e+01 3.017731e+01 3.200000e+00
    endloop
  endfacet
  facet normal 7.096932e-01 7.045071e-01 -2.315027e-03
    outer loop
      vertex   3.063217e+01 3.017731e+01 3.200000e+00
      vertex   3.140534e+01 2.937183e+01 -4.900000e+00
      vertex   2.960138e+01 3.118908e+01 -4.900000e+00
    endloop
  endfacet
  facet normal 6.910608e-01 7.227929e-01 2.340186e-03
    outer loop
      vertex   3.063217e+01 3.017731e+01 3.200000e+00
      vertex   2.960138e+01 3.118908e+01 -4.900000e+00
      vertex   2.877262e+01 3.195523e+01 3.200000e+00
    endloop
  endfacet
  facet normal 6.665009e-01 7.455006e-01 -2.320528e-03
    outer loop
      vertex   2.877262e+01 3.195523e+01 3.200000e+00
      vertex   2.960138e+01 3.118908e+01 -4.900000e+00
      vertex   2.769244e+01 3.289572e+01 -4.900000e+00
    endloop
  endfacet
  facet normal 6.465978e-01 7.628275e-01 2.345475e-03
    outer loop
      vertex   2.877262e+01 3.195523e+01 3.200000e+00
      vertex   2.769244e+01 3.289572e+01 -4.900000e+00
      vertex   2.681006e+01 3.361875e+01 3.200000e+00
    endloop
  endfacet
  facet normal 6.209451e-01 7.838506e-01 -2.325606e-03
    outer loop
      vertex   2.681006e+01 3.361875e+01 3.200000e+00
      vertex   2.769244e+01 3.289572e+01 -4.900000e+00
      vertex   2.568531e+01 3.448572e+01 -4.900000e+00
    endloop
  endfacet
  facet normal 5.998202e-01 8.001313e-01 2.350342e-03
    outer loop
      vertex   2.681006e+01 3.361875e+01 3.200000e+00
      vertex   2.568531e+01 3.448572e+01 -4.900000e+00
      vertex   2.475153e+01 3.516193e+01 3.200000e+00
    endloop
  endfacet
  facet normal 5.731874e-01 8.194210e-01 -2.330261e-03
    outer loop
      vertex   2.475153e+01 3.516193e+01 3.200000e+00
      vertex   2.568531e+01 3.448572e+01 -4.900000e+00
      vertex   2.358709e+01 3.595343e+01 -4.900000e+00
    endloop
  endfacet
  facet normal 5.508955e-01 8.345709e-01 2.354785e-03
    outer loop
      vertex   2.475153e+01 3.516193e+01 3.200000e+00
      vertex   2.358709e+01 3.595343e+01 -4.900000e+00
      vertex   2.260440e+01 3.657924e+01 3.200000e+00
    endloop
  endfacet
  facet normal 5.233972e-01 8.520856e-01 -2.334493e-03
    outer loop
      vertex   2.260440e+01 3.657924e+01 3.200000e+00
      vertex   2.358709e+01 3.595343e+01 -4.900000e+00
      vertex   2.140524e+01 3.729364e+01 -4.900000e+00
    endloop
  endfacet
  facet normal 4.999986e-01 8.660230e-01 2.358806e-03
    outer loop
      vertex   2.260440e+01 3.657924e+01 3.200000e+00
      vertex   2.140524e+01 3.729364e+01 -4.900000e+00
      vertex   2.037635e+01 3.786561e+01 3.200000e+00
    endloop
  endfacet
  facet normal 4.717510e-01 8.817287e-01 -2.338303e-03
    outer loop
      vertex   2.037635e+01 3.786561e+01 3.200000e+00
      vertex   2.140524e+01 3.729364e+01 -4.900000e+00
      vertex   1.914747e+01 3.850161e+01 -4.900000e+00
    endloop
  endfacet
  facet normal 4.473119e-01 8.943749e-01 2.362405e-03
    outer loop
      vertex   2.037635e+01 3.786561e+01 3.200000e+00
      vertex   1.914747e+01 3.850161e+01 -4.900000e+00
      vertex   1.807536e+01 3.901642e+01 3.200000e+00
    endloop
  endfacet
  facet normal 4.184319e-01 9.082452e-01 -2.341690e-03
    outer loop
      vertex   1.807536e+01 3.901642e+01 3.200000e+00
      vertex   1.914747e+01 3.850161e+01 -4.900000e+00
      vertex   1.682181e+01 3.957305e+01 -4.900000e+00
    endloop
  endfacet
  facet normal 3.930239e-01 9.195252e-01 2.365580e-03
    outer loop
      vertex   1.807536e+01 3.901642e+01 3.200000e+00
      vertex   1.682181e+01 3.957305e+01 -4.900000e+00
      vertex   1.570966e+01 4.002757e+01 3.200000e+00
    endloop
  endfacet
  facet normal 3.636290e-01 9.315409e-01 -2.344654e-03
    outer loop
      vertex   1.570966e+01 4.002757e+01 3.200000e+00
      vertex   1.682181e+01 3.957305e+01 -4.900000e+00
      vertex   1.443650e+01 4.050416e+01 -4.900000e+00
    endloop
  endfacet
  facet normal 3.373290e-01 9.413838e-01 2.368333e-03
    outer loop
      vertex   1.570966e+01 4.002757e+01 3.200000e+00
      vertex   1.443650e+01 4.050416e+01 -4.900000e+00
      vertex   1.328773e+01 4.089543e+01 3.200000e+00
    endloop
  endfacet
  facet normal 3.075367e-01 9.515333e-01 -2.347195e-03
    outer loop
      vertex   1.328773e+01 4.089543e+01 3.200000e+00
      vertex   1.443650e+01 4.050416e+01 -4.900000e+00
      vertex   1.200000e+01 4.129165e+01 -4.900000e+00
    endloop
  endfacet
  facet normal 2.940795e-01 9.557810e-01 1.489473e-16
    outer loop
      vertex   1.328773e+01 4.089543e+01 3.200000e+00
      vertex   1.200000e+01 4.129165e+01 -4.900000e+00
      vertex   1.200000e+01 4.129165e+01 -1.400000e+00
    endloop
  endfacet
  facet normal 9.986419e-01 -5.205249e-02 -2.193627e-03
    outer loop
      vertex   4.298931e+01 -9.587053e-01 -4.900000e+00
      vertex   4.292304e+01 -2.571579e+00 3.200000e+00
      vertex   4.285603e+01 -3.515835e+00 -4.900000e+00
    endloop
  endfacet
  facet normal 9.959719e-01 -8.963909e-02 2.210114e-03
    outer loop
      vertex   4.285603e+01 -3.515835e+00 -4.900000e+00
      vertex   4.292304e+01 -2.571579e+00 3.200000e+00
      vertex   4.269242e+01 -5.133952e+00 3.200000e+00
    endloop
  endfacet
  facet normal 9.937731e-01 -1.114018e-01 -2.181784e-03
    outer loop
      vertex   4.285603e+01 -3.515835e+00 -4.900000e+00
      vertex   4.269242e+01 -5.133952e+00 3.200000e+00
      vertex   4.257077e+01 -6.060497e+00 -4.900000e+00
    endloop
  endfacet
  facet normal 9.888284e-01 -1.490419e-01 2.198060e-03
    outer loop
      vertex   4.257077e+01 -6.060497e+00 -4.900000e+00
      vertex   4.269242e+01 -5.133952e+00 3.200000e+00
      vertex   4.230897e+01 -7.677946e+00 3.200000e+00
    endloop
  endfacet
  facet normal 9.853802e-01 -1.703561e-01 -2.169519e-03
    outer loop
      vertex   4.257077e+01 -6.060497e+00 -4.900000e+00
      vertex   4.230897e+01 -7.677946e+00 3.200000e+00
      vertex   4.213455e+01 -8.583668e+00 -4.900000e+00
    endloop
  endfacet
  facet normal 9.781453e-01 -2.079112e-01 2.185584e-03
    outer loop
      vertex   4.213455e+01 -8.583668e+00 -4.900000e+00
      vertex   4.230897e+01 -7.677946e+00 3.200000e+00
      vertex   4.177407e+01 -1.019446e+01 3.200000e+00
    endloop
  endfacet
  facet normal 9.734931e-01 -2.287063e-01 -2.156832e-03
    outer loop
      vertex   4.213455e+01 -8.583668e+00 -4.900000e+00
      vertex   4.177407e+01 -1.019446e+01 3.200000e+00
      vertex   4.154893e+01 -1.107640e+01 -4.900000e+00
    endloop
  endfacet
  facet normal 9.639606e-01 -2.660362e-01 2.172685e-03
    outer loop
      vertex   4.154893e+01 -1.107640e+01 -4.900000e+00
      vertex   4.177407e+01 -1.019446e+01 3.200000e+00
      vertex   4.108963e+01 -1.267447e+01 3.200000e+00
    endloop
  endfacet
  facet normal 9.581539e-01 -2.862455e-01 -2.143721e-03
    outer loop
      vertex   4.154893e+01 -1.107640e+01 -4.900000e+00
      vertex   4.108963e+01 -1.267447e+01 3.200000e+00
      vertex   4.081597e+01 -1.352986e+01 -4.900000e+00
    endloop
  endfacet
  facet normal 9.463252e-01 -3.232089e-01 2.159363e-03
    outer loop
      vertex   4.081597e+01 -1.352986e+01 -4.900000e+00
      vertex   4.108963e+01 -1.267447e+01 3.200000e+00
      vertex   4.025810e+01 -1.510912e+01 3.200000e+00
    endloop
  endfacet
  facet normal 9.394171e-01 -3.427697e-01 -2.130188e-03
    outer loop
      vertex   4.081597e+01 -1.352986e+01 -4.900000e+00
      vertex   4.025810e+01 -1.510912e+01 3.200000e+00
      vertex   3.993827e+01 -1.593533e+01 -4.900000e+00
    endloop
  endfacet
  facet normal 9.253022e-01 -3.792246e-01 2.145618e-03
    outer loop
      vertex   3.993827e+01 -1.593533e+01 -4.900000e+00
      vertex   4.025810e+01 -1.510912e+01 3.200000e+00
      vertex   3.928245e+01 -1.748968e+01 3.200000e+00
    endloop
  endfacet
  facet normal 9.173490e-01 -3.980783e-01 -2.116232e-03
    outer loop
      vertex   3.993827e+01 -1.593533e+01 -4.900000e+00
      vertex   3.928245e+01 -1.748968e+01 3.200000e+00
      vertex   3.891894e+01 -1.828430e+01 -4.900000e+00
    endloop
  endfacet
  facet normal 9.009668e-01 -4.338828e-01 2.131451e-03
    outer loop
      vertex   3.891894e+01 -1.828430e+01 -4.900000e+00
      vertex   3.928245e+01 -1.748968e+01 3.200000e+00
      vertex   3.816619e+01 -1.980763e+01 3.200000e+00
    endloop
  endfacet
  facet normal 8.920279e-01 -4.519754e-01 -2.101853e-03
    outer loop
      vertex   3.891894e+01 -1.828430e+01 -4.900000e+00
      vertex   3.816619e+01 -1.980763e+01 3.200000e+00
      vertex   3.776161e+01 -2.056843e+01 -4.900000e+00
    endloop
  endfacet
  facet normal 8.734062e-01 -4.869877e-01 2.116861e-03
    outer loop
      vertex   3.776161e+01 -2.056843e+01 -4.900000e+00
      vertex   3.816619e+01 -1.980763e+01 3.200000e+00
      vertex   3.691330e+01 -2.205467e+01 3.200000e+00
    endloop
  endfacet
  facet normal 8.635437e-01 -5.042697e-01 -2.087051e-03
    outer loop
      vertex   3.776161e+01 -2.056843e+01 -4.900000e+00
      vertex   3.691330e+01 -2.205467e+01 3.200000e+00
      vertex   3.647038e+01 -2.277963e+01 -4.900000e+00
    endloop
  endfacet
  facet normal 8.427191e-01 -5.383494e-01 2.101848e-03
    outer loop
      vertex   3.647038e+01 -2.277963e+01 -4.900000e+00
      vertex   3.691330e+01 -2.205467e+01 3.200000e+00
      vertex   3.552827e+01 -2.422276e+01 3.200000e+00
    endloop
  endfacet
  facet normal 8.319972e-01 -5.547759e-01 -2.071827e-03
    outer loop
      vertex   3.647038e+01 -2.277963e+01 -4.900000e+00
      vertex   3.552827e+01 -2.422276e+01 3.200000e+00
      vertex   3.504982e+01 -2.491005e+01 -4.900000e+00
    endloop
  endfacet
  facet normal 8.090152e-01 -5.877840e-01 2.086412e-03
    outer loop
      vertex   3.504982e+01 -2.491005e+01 -4.900000e+00
      vertex   3.552827e+01 -2.422276e+01 3.200000e+00
      vertex   3.401605e+01 -2.630414e+01 3.200000e+00
    endloop
  endfacet
  facet normal 7.975005e-01 -6.033148e-01 -2.056180e-03
    outer loop
      vertex   3.504982e+01 -2.491005e+01 -4.900000e+00
      vertex   3.401605e+01 -2.630414e+01 3.200000e+00
      vertex   3.350496e+01 -2.695213e+01 -4.900000e+00
    endloop
  endfacet
  facet normal 7.724153e-01 -6.351144e-01 2.070553e-03
    outer loop
      vertex   3.350496e+01 -2.695213e+01 -4.900000e+00
      vertex   3.401605e+01 -2.630414e+01 3.200000e+00
      vertex   3.238207e+01 -2.829137e+01 3.200000e+00
    endloop
  endfacet
  facet normal 7.601757e-01 -6.497143e-01 -2.040110e-03
    outer loop
      vertex   3.350496e+01 -2.695213e+01 -4.900000e+00
      vertex   3.238207e+01 -2.829137e+01 3.200000e+00
      vertex   3.184130e+01 -2.889864e+01 -4.900000e+00
    endloop
  endfacet
  facet normal 7.330503e-01 -6.801713e-01 2.054272e-03
    outer loop
      vertex   3.184130e+01 -2.889864e+01 -4.900000e+00
      vertex   3.238207e+01 -2.829137e+01 3.200000e+00
      vertex   3.063217e+01 -3.017731e+01 3.200000e+00
    endloop
  endfacet
  facet normal 7.201554e-01 -6.938099e-01 -2.023617e-03
    outer loop
      vertex   3.184130e+01 -2.889864e+01 -4.900000e+00
      vertex   3.063217e+01 -3.017731e+01 3.200000e+00
      vertex   3.006473e+01 -3.074268e+01 -4.900000e+00
    endloop
  endfacet
  facet normal 6.910612e-01 -7.227934e-01 2.037568e-03
    outer loop
      vertex   3.006473e+01 -3.074268e+01 -4.900000e+00
      vertex   3.063217e+01 -3.017731e+01 3.200000e+00
      vertex   2.877262e+01 -3.195523e+01 3.200000e+00
    endloop
  endfacet
  facet normal 6.775813e-01 -7.354452e-01 -2.006702e-03
    outer loop
      vertex   3.006473e+01 -3.074268e+01 -4.900000e+00
      vertex   2.877262e+01 -3.195523e+01 3.200000e+00
      vertex   2.818154e+01 -3.247770e+01 -4.900000e+00
    endloop
  endfacet
  facet normal 6.465983e-01 -7.628280e-01 2.020442e-03
    outer loop
      vertex   2.818154e+01 -3.247770e+01 -4.900000e+00
      vertex   2.877262e+01 -3.195523e+01 3.200000e+00
      vertex   2.681006e+01 -3.361875e+01 3.200000e+00
    endloop
  endfacet
  facet normal 6.326044e-01 -7.744725e-01 -1.989364e-03
    outer loop
      vertex   2.818154e+01 -3.247770e+01 -4.900000e+00
      vertex   2.681006e+01 -3.361875e+01 3.200000e+00
      vertex   2.619842e+01 -3.409755e+01 -4.900000e+00
    endloop
  endfacet
  facet normal 5.998207e-01 -8.001319e-01 2.002892e-03
    outer loop
      vertex   2.619842e+01 -3.409755e+01 -4.900000e+00
      vertex   2.681006e+01 -3.361875e+01 3.200000e+00
      vertex   2.475153e+01 -3.516193e+01 3.200000e+00
    endloop
  endfacet
  facet normal 5.853843e-01 -8.107536e-01 -1.971603e-03
    outer loop
      vertex   2.619842e+01 -3.409755e+01 -4.900000e+00
      vertex   2.475153e+01 -3.516193e+01 3.200000e+00
      vertex   2.412240e+01 -3.559648e+01 -4.900000e+00
    endloop
  endfacet
  facet normal 5.508959e-01 -8.345716e-01 1.984920e-03
    outer loop
      vertex   2.412240e+01 -3.559648e+01 -4.900000e+00
      vertex   2.475153e+01 -3.516193e+01 3.200000e+00
      vertex   2.260440e+01 -3.657924e+01 3.200000e+00
    endloop
  endfacet
  facet normal 5.360884e-01 -8.441596e-01 -1.953420e-03
    outer loop
      vertex   2.412240e+01 -3.559648e+01 -4.900000e+00
      vertex   2.260440e+01 -3.657924e+01 3.200000e+00
      vertex   2.196084e+01 -3.696919e+01 -4.900000e+00
    endloop
  endfacet
  facet normal 4.999990e-01 -8.660237e-01 1.966525e-03
    outer loop
      vertex   2.196084e+01 -3.696919e+01 -4.900000e+00
      vertex   2.260440e+01 -3.657924e+01 3.200000e+00
      vertex   2.037635e+01 -3.786561e+01 3.200000e+00
    endloop
  endfacet
  facet normal 4.848914e-01 -8.745722e-01 -1.934813e-03
    outer loop
      vertex   2.196084e+01 -3.696919e+01 -4.900000e+00
      vertex   2.037635e+01 -3.786561e+01 3.200000e+00
      vertex   1.972141e+01 -3.821081e+01 -4.900000e+00
    endloop
  endfacet
  facet normal 4.473123e-01 -8.943757e-01 1.947707e-03
    outer loop
      vertex   1.972141e+01 -3.821081e+01 -4.900000e+00
      vertex   2.037635e+01 -3.786561e+01 3.200000e+00
      vertex   1.807536e+01 -3.901642e+01 3.200000e+00
    endloop
  endfacet
  facet normal 4.319750e-01 -9.018835e-01 -1.915784e-03
    outer loop
      vertex   1.972141e+01 -3.821081e+01 -4.900000e+00
      vertex   1.807536e+01 -3.901642e+01 3.200000e+00
      vertex   1.741204e+01 -3.931693e+01 -4.900000e+00
    endloop
  endfacet
  facet normal 3.930243e-01 -9.195261e-01 1.928467e-03
    outer loop
      vertex   1.741204e+01 -3.931693e+01 -4.900000e+00
      vertex   1.807536e+01 -3.901642e+01 3.200000e+00
      vertex   1.570966e+01 -4.002757e+01 3.200000e+00
    endloop
  endfacet
  facet normal 3.775268e-01 -9.259967e-01 -1.896332e-03
    outer loop
      vertex   1.741204e+01 -3.931693e+01 -4.900000e+00
      vertex   1.570966e+01 -4.002757e+01 3.200000e+00
      vertex   1.504093e+01 -4.028363e+01 -4.900000e+00
    endloop
  endfacet
  facet normal 3.373294e-01 -9.413848e-01 1.908803e-03
    outer loop
      vertex   1.504093e+01 -4.028363e+01 -4.900000e+00
      vertex   1.570966e+01 -4.002757e+01 3.200000e+00
      vertex   1.328773e+01 -4.089543e+01 3.200000e+00
    endloop
  endfacet
  facet normal 3.217399e-01 -9.468262e-01 -1.876458e-03
    outer loop
      vertex   1.504093e+01 -4.028363e+01 -4.900000e+00
      vertex   1.328773e+01 -4.089543e+01 3.200000e+00
      vertex   1.261648e+01 -4.110747e+01 -4.900000e+00
    endloop
  endfacet
  facet normal 2.804269e-01 -9.598735e-01 1.888717e-03
    outer loop
      vertex   1.261648e+01 -4.110747e+01 -4.900000e+00
      vertex   1.328773e+01 -4.089543e+01 3.200000e+00
      vertex   1.081823e+01 -4.161689e+01 3.200000e+00
    endloop
  endfacet
  facet normal 2.648120e-01 -9.642983e-01 -1.856160e-03
    outer loop
      vertex   1.261648e+01 -4.110747e+01 -4.900000e+00
      vertex   1.081823e+01 -4.161689e+01 3.200000e+00
      vertex   1.014729e+01 -4.178555e+01 -4.900000e+00
    endloop
  endfacet
  facet normal 2.225205e-01 -9.749262e-01 1.868209e-03
    outer loop
      vertex   1.014729e+01 -4.178555e+01 -4.900000e+00
      vertex   1.081823e+01 -4.161689e+01 3.200000e+00
      vertex   8.310004e+00 -4.218938e+01 3.200000e+00
    endloop
  endfacet
  facet normal 2.069451e-01 -9.783508e-01 -1.835440e-03
    outer loop
      vertex   1.014729e+01 -4.178555e+01 -4.900000e+00
      vertex   8.310004e+00 -4.218938e+01 3.200000e+00
      vertex   7.642124e+00 -4.231546e+01 -4.900000e+00
    endloop
  endfacet
  facet normal 1.638176e-01 -9.864889e-01 1.847277e-03
    outer loop
      vertex   7.642124e+00 -4.231546e+01 -4.900000e+00
      vertex   8.310004e+00 -4.218938e+01 3.200000e+00
      vertex   5.772030e+00 -4.261084e+01 3.200000e+00
    endloop
  endfacet
  facet normal 1.483444e-01 -9.889341e-01 -1.814297e-03
    outer loop
      vertex   7.642124e+00 -4.231546e+01 -4.900000e+00
      vertex   5.772030e+00 -4.261084e+01 3.200000e+00
      vertex   5.109855e+00 -4.269531e+01 -4.900000e+00
    endloop
  endfacet
  facet normal 1.045283e-01 -9.945202e-01 1.825923e-03
    outer loop
      vertex   5.109855e+00 -4.269531e+01 -4.900000e+00
      vertex   5.772030e+00 -4.261084e+01 3.200000e+00
      vertex   3.213394e+00 -4.287976e+01 3.200000e+00
    endloop
  endfacet
  facet normal 8.921755e-02 -9.960105e-01 -1.792732e-03
    outer loop
      vertex   5.109855e+00 -4.269531e+01 -4.900000e+00
      vertex   3.213394e+00 -4.287976e+01 3.200000e+00
      vertex   2.559465e+00 -4.292376e+01 -4.900000e+00
    endloop
  endfacet
  facet normal 4.486476e-02 -9.989914e-01 1.804146e-03
    outer loop
      vertex   2.559465e+00 -4.292376e+01 -4.900000e+00
      vertex   3.213394e+00 -4.287976e+01 3.200000e+00
      vertex   6.432545e-01 -4.299519e+01 3.200000e+00
    endloop
  endfacet
  facet normal 2.977438e-02 -9.995551e-01 -1.770743e-03
    outer loop
      vertex   2.559465e+00 -4.292376e+01 -4.900000e+00
      vertex   6.432545e-01 -4.299519e+01 3.200000e+00
      vertex   -7.898972e-15 -4.300000e+01 -4.900000e+00
    endloop
  endfacet
  facet normal -1.495938e-02 -9.998865e-01 1.781947e-03
    outer loop
      vertex   -7.898972e-15 -4.300000e+01 -4.900000e+00
      vertex   6.432545e-01 -4.299519e+01 3.200000e+00
      vertex   -1.929188e+00 -4.295670e+01 3.200000e+00
    endloop
  endfacet
  facet normal -2.977438e-02 -9.995551e-01 -1.748332e-03
    outer loop
      vertex   -7.898972e-15 -4.300000e+01 -4.900000e+00
      vertex   -1.929188e+00 -4.295670e+01 3.200000e+00
      vertex   -2.559465e+00 -4.292376e+01 -4.900000e+00
    endloop
  endfacet
  facet normal -7.472998e-02 -9.972023e-01 1.759324e-03
    outer loop
      vertex   -2.559465e+00 -4.292376e+01 -4.900000e+00
      vertex   -1.929188e+00 -4.295670e+01 3.200000e+00
      vertex   -4.494724e+00 -4.276444e+01 3.200000e+00
    endloop
  endfacet
  facet normal -8.921756e-02 -9.960107e-01 -1.725499e-03
    outer loop
      vertex   -2.559465e+00 -4.292376e+01 -4.900000e+00
      vertex   -4.494724e+00 -4.276444e+01 3.200000e+00
      vertex   -5.109855e+00 -4.269531e+01 -4.900000e+00
    endloop
  endfacet
  facet normal -1.342331e-01 -9.909483e-01 1.736279e-03
    outer loop
      vertex   -5.109855e+00 -4.269531e+01 -4.900000e+00
      vertex   -4.494724e+00 -4.276444e+01 3.200000e+00
      vertex   -7.044170e+00 -4.241910e+01 3.200000e+00
    endloop
  endfacet
  facet normal -1.483444e-01 -9.889343e-01 -1.702242e-03
    outer loop
      vertex   -5.109855e+00 -4.269531e+01 -4.900000e+00
      vertex   -7.044170e+00 -4.241910e+01 3.200000e+00
      vertex   -7.642124e+00 -4.231546e+01 -4.900000e+00
    endloop
  endfacet
  facet normal -1.932556e-01 -9.811469e-01 1.712811e-03
    outer loop
      vertex   -7.642124e+00 -4.231546e+01 -4.900000e+00
      vertex   -7.044170e+00 -4.241910e+01 3.200000e+00
      vertex   -9.568400e+00 -4.192190e+01 3.200000e+00
    endloop
  endfacet
  facet normal -2.069452e-01 -9.783511e-01 -1.678563e-03
    outer loop
      vertex   -7.642124e+00 -4.231546e+01 -4.900000e+00
      vertex   -9.568400e+00 -4.192190e+01 3.200000e+00
      vertex   -1.014729e+01 -4.178555e+01 -4.900000e+00
    endloop
  endfacet
  facet normal -2.515864e-01 -9.678334e-01 1.688921e-03
    outer loop
      vertex   -1.014729e+01 -4.178555e+01 -4.900000e+00
      vertex   -9.568400e+00 -4.192190e+01 3.200000e+00
      vertex   -1.205838e+01 -4.127464e+01 3.200000e+00
    endloop
  endfacet
  facet normal -2.648121e-01 -9.642986e-01 -1.654461e-03
    outer loop
      vertex   -1.014729e+01 -4.178555e+01 -4.900000e+00
      vertex   -1.205838e+01 -4.127464e+01 3.200000e+00
      vertex   -1.261648e+01 -4.110747e+01 -4.900000e+00
    endloop
  endfacet
  facet normal -3.090166e-01 -9.510552e-01 1.664607e-03
    outer loop
      vertex   -1.261648e+01 -4.110747e+01 -4.900000e+00
      vertex   -1.205838e+01 -4.127464e+01 3.200000e+00
      vertex   -1.450519e+01 -4.047962e+01 3.200000e+00
    endloop
  endfacet
  facet normal -3.217400e-01 -9.468267e-01 -1.629936e-03
    outer loop
      vertex   -1.261648e+01 -4.110747e+01 -4.900000e+00
      vertex   -1.450519e+01 -4.047962e+01 3.200000e+00
      vertex   -1.504093e+01 -4.028363e+01 -4.900000e+00
    endloop
  endfacet
  facet normal -3.653405e-01 -9.308725e-01 1.639871e-03
    outer loop
      vertex   -1.504093e+01 -4.028363e+01 -4.900000e+00
      vertex   -1.450519e+01 -4.047962e+01 3.200000e+00
      vertex   -1.690008e+01 -3.953969e+01 3.200000e+00
    endloop
  endfacet
  facet normal -3.775270e-01 -9.259972e-01 -1.604989e-03
    outer loop
      vertex   -1.504093e+01 -4.028363e+01 -4.900000e+00
      vertex   -1.690008e+01 -3.953969e+01 3.200000e+00
      vertex   -1.741204e+01 -3.931693e+01 -4.900000e+00
    endloop
  endfacet
  facet normal -4.203567e-01 -9.073575e-01 1.614712e-03
    outer loop
      vertex   -1.741204e+01 -3.931693e+01 -4.900000e+00
      vertex   -1.690008e+01 -3.953969e+01 3.200000e+00
      vertex   -1.923447e+01 -3.845823e+01 3.200000e+00
    endloop
  endfacet
  facet normal -4.319753e-01 -9.018841e-01 -1.579619e-03
    outer loop
      vertex   -1.741204e+01 -3.931693e+01 -4.900000e+00
      vertex   -1.923447e+01 -3.845823e+01 3.200000e+00
      vertex   -1.972141e+01 -3.821081e+01 -4.900000e+00
    endloop
  endfacet
  facet normal -4.738681e-01 -8.805944e-01 1.589131e-03
    outer loop
      vertex   -1.972141e+01 -3.821081e+01 -4.900000e+00
      vertex   -1.923447e+01 -3.845823e+01 3.200000e+00
      vertex   -2.150000e+01 -3.723909e+01 3.200000e+00
    endloop
  endfacet
  facet normal -4.848918e-01 -8.745728e-01 -1.553826e-03
    outer loop
      vertex   -1.972141e+01 -3.821081e+01 -4.900000e+00
      vertex   -2.150000e+01 -3.723909e+01 3.200000e+00
      vertex   -2.196084e+01 -3.696919e+01 -4.900000e+00
    endloop
  endfacet
  facet normal -5.256831e-01 -8.506790e-01 1.563127e-03
    outer loop
      vertex   -2.196084e+01 -3.696919e+01 -4.900000e+00
      vertex   -2.150000e+01 -3.723909e+01 3.200000e+00
      vertex   -2.368857e+01 -3.588665e+01 3.200000e+00
    endloop
  endfacet
  facet normal -5.360888e-01 -8.441602e-01 -1.527610e-03
    outer loop
      vertex   -2.196084e+01 -3.696919e+01 -4.900000e+00
      vertex   -2.368857e+01 -3.588665e+01 3.200000e+00
      vertex   -2.412240e+01 -3.559648e+01 -4.900000e+00
    endloop
  endfacet
  facet normal -5.756164e-01 -8.177184e-01 1.536700e-03
    outer loop
      vertex   -2.412240e+01 -3.559648e+01 -4.900000e+00
      vertex   -2.368857e+01 -3.588665e+01 3.200000e+00
      vertex   -2.579234e+01 -3.440574e+01 3.200000e+00
    endloop
  endfacet
  facet normal -5.853848e-01 -8.107542e-01 -1.500972e-03
    outer loop
      vertex   -2.412240e+01 -3.559648e+01 -4.900000e+00
      vertex   -2.579234e+01 -3.440574e+01 3.200000e+00
      vertex   -2.619842e+01 -3.409755e+01 -4.900000e+00
    endloop
  endfacet
  facet normal -6.234891e-01 -7.818306e-01 1.509850e-03
    outer loop
      vertex   -2.619842e+01 -3.409755e+01 -4.900000e+00
      vertex   -2.579234e+01 -3.440574e+01 3.200000e+00
      vertex   -2.780378e+01 -3.280167e+01 3.200000e+00
    endloop
  endfacet
  facet normal -6.326050e-01 -7.744732e-01 -1.473911e-03
    outer loop
      vertex   -2.619842e+01 -3.409755e+01 -4.900000e+00
      vertex   -2.780378e+01 -3.280167e+01 3.200000e+00
      vertex   -2.818154e+01 -3.247770e+01 -4.900000e+00
    endloop
  endfacet
  facet normal -6.691299e-01 -7.431440e-01 1.482578e-03
    outer loop
      vertex   -2.818154e+01 -3.247770e+01 -4.900000e+00
      vertex   -2.780378e+01 -3.280167e+01 3.200000e+00
      vertex   -2.971569e+01 -3.108018e+01 3.200000e+00
    endloop
  endfacet
  facet normal -6.775819e-01 -7.354459e-01 -1.446427e-03
    outer loop
      vertex   -2.818154e+01 -3.247770e+01 -4.900000e+00
      vertex   -2.971569e+01 -3.108018e+01 3.200000e+00
      vertex   -3.006473e+01 -3.074268e+01 -4.900000e+00
    endloop
  endfacet
  facet normal -7.123753e-01 -7.017972e-01 1.454883e-03
    outer loop
      vertex   -3.006473e+01 -3.074268e+01 -4.900000e+00
      vertex   -2.971569e+01 -3.108018e+01 3.200000e+00
      vertex   -3.152123e+01 -2.924743e+01 3.200000e+00
    endloop
  endfacet
  facet normal -7.201561e-01 -6.938106e-01 -1.418521e-03
    outer loop
      vertex   -3.006473e+01 -3.074268e+01 -4.900000e+00
      vertex   -3.152123e+01 -2.924743e+01 3.200000e+00
      vertex   -3.184130e+01 -2.889864e+01 -4.900000e+00
    endloop
  endfacet
  facet normal -7.530707e-01 -6.579381e-01 1.426765e-03
    outer loop
      vertex   -3.184130e+01 -2.889864e+01 -4.900000e+00
      vertex   -3.152123e+01 -2.924743e+01 3.200000e+00
      vertex   -3.321393e+01 -2.730998e+01 3.200000e+00
    endloop
  endfacet
  facet normal -7.601766e-01 -6.497150e-01 -1.390192e-03
    outer loop
      vertex   -3.184130e+01 -2.889864e+01 -4.900000e+00
      vertex   -3.321393e+01 -2.730998e+01 3.200000e+00
      vertex   -3.350496e+01 -2.695213e+01 -4.900000e+00
    endloop
  endfacet
  facet normal -7.910703e-01 -6.117237e-01 1.398224e-03
    outer loop
      vertex   -3.350496e+01 -2.695213e+01 -4.900000e+00
      vertex   -3.321393e+01 -2.730998e+01 3.200000e+00
      vertex   -3.478773e+01 -2.527477e+01 3.200000e+00
    endloop
  endfacet
  facet normal -7.975014e-01 -6.033155e-01 -1.361440e-03
    outer loop
      vertex   -3.350496e+01 -2.695213e+01 -4.900000e+00
      vertex   -3.478773e+01 -2.527477e+01 3.200000e+00
      vertex   -3.504982e+01 -2.491005e+01 -4.900000e+00
    endloop
  endfacet
  facet normal -8.262380e-01 -5.633195e-01 1.369261e-03
    outer loop
      vertex   -3.504982e+01 -2.491005e+01 -4.900000e+00
      vertex   -3.478773e+01 -2.527477e+01 3.200000e+00
      vertex   -3.623700e+01 -2.314908e+01 3.200000e+00
    endloop
  endfacet
  facet normal -8.319983e-01 -5.547766e-01 -1.332265e-03
    outer loop
      vertex   -3.504982e+01 -2.491005e+01 -4.900000e+00
      vertex   -3.623700e+01 -2.314908e+01 3.200000e+00
      vertex   -3.647038e+01 -2.277963e+01 -4.900000e+00
    endloop
  endfacet
  facet normal -8.584480e-01 -5.128988e-01 1.339875e-03
    outer loop
      vertex   -3.647038e+01 -2.277963e+01 -4.900000e+00
      vertex   -3.623700e+01 -2.314908e+01 3.200000e+00
      vertex   -3.755655e+01 -2.094052e+01 3.200000e+00
    endloop
  endfacet
  facet normal -8.635448e-01 -5.042704e-01 -1.302668e-03
    outer loop
      vertex   -3.647038e+01 -2.277963e+01 -4.900000e+00
      vertex   -3.755655e+01 -2.094052e+01 3.200000e+00
      vertex   -3.776161e+01 -2.056843e+01 -4.900000e+00
    endloop
  endfacet
  facet normal -8.875850e-01 -4.606421e-01 1.310067e-03
    outer loop
      vertex   -3.776161e+01 -2.056843e+01 -4.900000e+00
      vertex   -3.755655e+01 -2.094052e+01 3.200000e+00
      vertex   -3.874166e+01 -1.865700e+01 3.200000e+00
    endloop
  endfacet
  facet normal -8.920292e-01 -4.519760e-01 -1.272648e-03
    outer loop
      vertex   -3.776161e+01 -2.056843e+01 -4.900000e+00
      vertex   -3.874166e+01 -1.865700e+01 3.200000e+00
      vertex   -3.891894e+01 -1.828430e+01 -4.900000e+00
    endloop
  endfacet
  facet normal -9.135447e-01 -4.067363e-01 1.279835e-03
    outer loop
      vertex   -3.891894e+01 -1.828430e+01 -4.900000e+00
      vertex   -3.874166e+01 -1.865700e+01 3.200000e+00
      vertex   -3.978808e+01 -1.630669e+01 3.200000e+00
    endloop
  endfacet
  facet normal -9.173503e-01 -3.980789e-01 -1.242206e-03
    outer loop
      vertex   -3.891894e+01 -1.828430e+01 -4.900000e+00
      vertex   -3.978808e+01 -1.630669e+01 3.200000e+00
      vertex   -3.993827e+01 -1.593533e+01 -4.900000e+00
    endloop
  endfacet
  facet normal -9.362341e-01 -3.513745e-01 1.249181e-03
    outer loop
      vertex   -3.993827e+01 -1.593533e+01 -4.900000e+00
      vertex   -3.978808e+01 -1.630669e+01 3.200000e+00
      vertex   -4.069208e+01 -1.389802e+01 3.200000e+00
    endloop
  endfacet
  facet normal -9.394185e-01 -3.427702e-01 -1.211340e-03
    outer loop
      vertex   -3.993827e+01 -1.593533e+01 -4.900000e+00
      vertex   -4.069208e+01 -1.389802e+01 3.200000e+00
      vertex   -4.081597e+01 -1.352986e+01 -4.900000e+00
    endloop
  endfacet
  facet normal -9.555721e-01 -2.947550e-01 1.218105e-03
    outer loop
      vertex   -4.081597e+01 -1.352986e+01 -4.900000e+00
      vertex   -4.069208e+01 -1.389802e+01 3.200000e+00
      vertex   -4.145040e+01 -1.143958e+01 3.200000e+00
    endloop
  endfacet
  facet normal -9.581554e-01 -2.862460e-01 -1.180052e-03
    outer loop
      vertex   -4.081597e+01 -1.352986e+01 -4.900000e+00
      vertex   -4.145040e+01 -1.143958e+01 3.200000e+00
      vertex   -4.154893e+01 -1.107640e+01 -4.900000e+00
    endloop
  endfacet
  facet normal -9.714894e-01 -2.370802e-01 1.186605e-03
    outer loop
      vertex   -4.154893e+01 -1.107640e+01 -4.900000e+00
      vertex   -4.145040e+01 -1.143958e+01 3.200000e+00
      vertex   -4.206035e+01 -8.940203e+00 3.200000e+00
    endloop
  endfacet
  facet normal -9.734947e-01 -2.287067e-01 -1.148341e-03
    outer loop
      vertex   -4.154893e+01 -1.107640e+01 -4.900000e+00
      vertex   -4.206035e+01 -8.940203e+00 3.200000e+00
      vertex   -4.213455e+01 -8.583668e+00 -4.900000e+00
    endloop
  endfacet
  facet normal -9.839289e-01 -1.785568e-01 1.154683e-03
    outer loop
      vertex   -4.213455e+01 -8.583668e+00 -4.900000e+00
      vertex   -4.206035e+01 -8.940203e+00 3.200000e+00
      vertex   -4.251973e+01 -6.408817e+00 3.200000e+00
    endloop
  endfacet
  facet normal -9.853819e-01 -1.703564e-01 -1.116208e-03
    outer loop
      vertex   -4.213455e+01 -8.583668e+00 -4.900000e+00
      vertex   -4.251973e+01 -6.408817e+00 3.200000e+00
      vertex   -4.257077e+01 -6.060497e+00 -4.900000e+00
    endloop
  endfacet
  facet normal -9.928463e-01 -1.193941e-01 1.122339e-03
    outer loop
      vertex   -4.257077e+01 -6.060497e+00 -4.900000e+00
      vertex   -4.251973e+01 -6.408817e+00 3.200000e+00
      vertex   -4.282689e+01 -3.854490e+00 3.200000e+00
    endloop
  endfacet
  facet normal -9.937748e-01 -1.114020e-01 -1.083652e-03
    outer loop
      vertex   -4.257077e+01 -6.060497e+00 -4.900000e+00
      vertex   -4.282689e+01 -3.854490e+00 3.200000e+00
      vertex   -4.285603e+01 -3.515835e+00 -4.900000e+00
    endloop
  endfacet
  facet normal -9.982095e-01 -5.980412e-02 1.089571e-03
    outer loop
      vertex   -4.285603e+01 -3.515835e+00 -4.900000e+00
      vertex   -4.282689e+01 -3.854490e+00 3.200000e+00
      vertex   -4.298075e+01 -1.286365e+00 3.200000e+00
    endloop
  endfacet
  facet normal -9.986438e-01 -5.205258e-02 -1.050673e-03
    outer loop
      vertex   -4.285603e+01 -3.515835e+00 -4.900000e+00
      vertex   -4.298075e+01 -1.286365e+00 3.200000e+00
      vertex   -4.298931e+01 -9.587053e-01 -4.900000e+00
    endloop
  endfacet
  facet normal -9.999994e-01 1.839384e-19 1.056381e-03
    outer loop
      vertex   -4.298931e+01 -9.587053e-01 -4.900000e+00
      vertex   -4.298075e+01 -1.286365e+00 3.200000e+00
      vertex   -4.298075e+01 1.286365e+00 3.200000e+00
    endloop
  endfacet
  facet normal -9.999715e-01 7.481435e-03 -1.017272e-03
    outer loop
      vertex   -4.298931e+01 -9.587053e-01 -4.900000e+00
      vertex   -4.298075e+01 1.286365e+00 3.200000e+00
      vertex   -4.297015e+01 1.601824e+00 -4.900000e+00
    endloop
  endfacet
  facet normal -9.982096e-01 5.980412e-02 1.022768e-03
    outer loop
      vertex   -4.297015e+01 1.601824e+00 -4.900000e+00
      vertex   -4.298075e+01 1.286365e+00 3.200000e+00
      vertex   -4.282689e+01 3.854490e+00 3.200000e+00
    endloop
  endfacet
  facet normal -9.977532e-01 6.698893e-02 -9.834475e-04
    outer loop
      vertex   -4.297015e+01 1.601824e+00 -4.900000e+00
      vertex   -4.282689e+01 3.854490e+00 3.200000e+00
      vertex   -4.279862e+01 4.156673e+00 -4.900000e+00
    endloop
  endfacet
  facet normal -9.928464e-01 1.193942e-01 9.887327e-04
    outer loop
      vertex   -4.279862e+01 4.156673e+00 -4.900000e+00
      vertex   -4.282689e+01 3.854490e+00 3.200000e+00
      vertex   -4.251973e+01 6.408817e+00 3.200000e+00
    endloop
  endfacet
  facet normal -9.919969e-01 1.262589e-01 -9.492007e-04
    outer loop
      vertex   -4.279862e+01 4.156673e+00 -4.900000e+00
      vertex   -4.251973e+01 6.408817e+00 3.200000e+00
      vertex   -4.247532e+01 6.696782e+00 -4.900000e+00
    endloop
  endfacet
  facet normal -9.839291e-01 1.785568e-01 9.542746e-04
    outer loop
      vertex   -4.247532e+01 6.696782e+00 -4.900000e+00
      vertex   -4.251973e+01 6.408817e+00 3.200000e+00
      vertex   -4.206035e+01 8.940203e+00 3.200000e+00
    endloop
  endfacet
  facet normal -9.827228e-01 1.850811e-01 -9.145312e-04
    outer loop
      vertex   -4.247532e+01 6.696782e+00 -4.900000e+00
      vertex   -4.206035e+01 8.940203e+00 3.200000e+00
      vertex   -4.200140e+01 9.213143e+00 -4.900000e+00
    endloop
  endfacet
  facet normal -9.714896e-01 2.370803e-01 9.193937e-04
    outer loop
      vertex   -4.200140e+01 9.213143e+00 -4.900000e+00
      vertex   -4.206035e+01 8.940203e+00 3.200000e+00
      vertex   -4.145040e+01 1.143958e+01 3.200000e+00
    endloop
  endfacet
  facet normal -9.699640e-01 2.432470e-01 -8.794391e-04
    outer loop
      vertex   -4.200140e+01 9.213143e+00 -4.900000e+00
      vertex   -4.145040e+01 1.143958e+01 3.200000e+00
      vertex   -4.137855e+01 1.169683e+01 -4.900000e+00
    endloop
  endfacet
  facet normal -9.555724e-01 2.947551e-01 8.840903e-04
    outer loop
      vertex   -4.137855e+01 1.169683e+01 -4.900000e+00
      vertex   -4.145040e+01 1.143958e+01 3.200000e+00
      vertex   -4.069208e+01 1.389802e+01 3.200000e+00
    endloop
  endfacet
  facet normal -9.537656e-01 3.005504e-01 -8.439242e-04
    outer loop
      vertex   -4.137855e+01 1.169683e+01 -4.900000e+00
      vertex   -4.069208e+01 1.389802e+01 3.200000e+00
      vertex   -4.060896e+01 1.413905e+01 -4.900000e+00
    endloop
  endfacet
  facet normal -9.362345e-01 3.513747e-01 8.483641e-04
    outer loop
      vertex   -4.060896e+01 1.413905e+01 -4.900000e+00
      vertex   -4.069208e+01 1.389802e+01 3.200000e+00
      vertex   -3.978808e+01 1.630669e+01 3.200000e+00
    endloop
  endfacet
  facet normal -9.341850e-01 3.567880e-01 -8.079867e-04
    outer loop
      vertex   -4.060896e+01 1.413905e+01 -4.900000e+00
      vertex   -3.978808e+01 1.630669e+01 3.200000e+00
      vertex   -3.969536e+01 1.653112e+01 -4.900000e+00
    endloop
  endfacet
  facet normal -9.135452e-01 4.067365e-01 8.122153e-04
    outer loop
      vertex   -3.969536e+01 1.653112e+01 -4.900000e+00
      vertex   -3.978808e+01 1.630669e+01 3.200000e+00
      vertex   -3.874166e+01 1.865700e+01 3.200000e+00
    endloop
  endfacet
  facet normal -9.112918e-01 4.117604e-01 -7.716266e-04
    outer loop
      vertex   -3.969536e+01 1.653112e+01 -4.900000e+00
      vertex   -3.874166e+01 1.865700e+01 3.200000e+00
      vertex   -3.864101e+01 1.886458e+01 -4.900000e+00
    endloop
  endfacet
  facet normal -8.875855e-01 4.606423e-01 7.756438e-04
    outer loop
      vertex   -3.864101e+01 1.886458e+01 -4.900000e+00
      vertex   -3.874166e+01 1.865700e+01 3.200000e+00
      vertex   -3.755655e+01 2.094052e+01 3.200000e+00
    endloop
  endfacet
  facet normal -8.851671e-01 4.652726e-01 -7.348438e-04
    outer loop
      vertex   -3.864101e+01 1.886458e+01 -4.900000e+00
      vertex   -3.755655e+01 2.094052e+01 3.200000e+00
      vertex   -3.744963e+01 2.113114e+01 -4.900000e+00
    endloop
  endfacet
  facet normal -8.584486e-01 5.128991e-01 7.386497e-04
    outer loop
      vertex   -3.744963e+01 2.113114e+01 -4.900000e+00
      vertex   -3.755655e+01 2.094052e+01 3.200000e+00
      vertex   -3.623700e+01 2.314908e+01 3.200000e+00
    endloop
  endfacet
  facet normal -8.559035e-01 5.171350e-01 -6.976383e-04
    outer loop
      vertex   -3.744963e+01 2.113114e+01 -4.900000e+00
      vertex   -3.623700e+01 2.314908e+01 3.200000e+00
      vertex   -3.612546e+01 2.332277e+01 -4.900000e+00
    endloop
  endfacet
  facet normal -8.262386e-01 5.633199e-01 7.012329e-04
    outer loop
      vertex   -3.612546e+01 2.332277e+01 -4.900000e+00
      vertex   -3.623700e+01 2.314908e+01 3.200000e+00
      vertex   -3.478773e+01 2.527477e+01 3.200000e+00
    endloop
  endfacet
  facet normal -8.236049e-01 5.671636e-01 -6.600102e-04
    outer loop
      vertex   -3.612546e+01 2.332277e+01 -4.900000e+00
      vertex   -3.478773e+01 2.527477e+01 3.200000e+00
      vertex   -3.467318e+01 2.543169e+01 -4.900000e+00
    endloop
  endfacet
  facet normal -7.910709e-01 6.117242e-01 6.633935e-04
    outer loop
      vertex   -3.467318e+01 2.543169e+01 -4.900000e+00
      vertex   -3.478773e+01 2.527477e+01 3.200000e+00
      vertex   -3.321393e+01 2.730998e+01 3.200000e+00
    endloop
  endfacet
  facet normal -7.883856e-01 6.151810e-01 -6.219595e-04
    outer loop
      vertex   -3.467318e+01 2.543169e+01 -4.900000e+00
      vertex   -3.321393e+01 2.730998e+01 3.200000e+00
      vertex   -3.309794e+01 2.745043e+01 -4.900000e+00
    endloop
  endfacet
  facet normal -7.530713e-01 6.579386e-01 6.251314e-04
    outer loop
      vertex   -3.309794e+01 2.745043e+01 -4.900000e+00
      vertex   -3.321393e+01 2.730998e+01 3.200000e+00
      vertex   -3.152123e+01 2.924743e+01 3.200000e+00
    endloop
  endfacet
  facet normal -7.503707e-01 6.610169e-01 -5.834861e-04
    outer loop
      vertex   -3.309794e+01 2.745043e+01 -4.900000e+00
      vertex   -3.152123e+01 2.924743e+01 3.200000e+00
      vertex   -3.140534e+01 2.937183e+01 -4.900000e+00
    endloop
  endfacet
  facet normal -7.123760e-01 7.017978e-01 5.864467e-04
    outer loop
      vertex   -3.140534e+01 2.937183e+01 -4.900000e+00
      vertex   -3.152123e+01 2.924743e+01 3.200000e+00
      vertex   -2.971569e+01 3.108018e+01 3.200000e+00
    endloop
  endfacet
  facet normal -7.096950e-01 7.045089e-01 -5.445900e-04
    outer loop
      vertex   -3.140534e+01 2.937183e+01 -4.900000e+00
      vertex   -2.971569e+01 3.108018e+01 3.200000e+00
      vertex   -2.960138e+01 3.118908e+01 -4.900000e+00
    endloop
  endfacet
  facet normal -6.691305e-01 7.431447e-01 5.473393e-04
    outer loop
      vertex   -2.960138e+01 3.118908e+01 -4.900000e+00
      vertex   -2.971569e+01 3.108018e+01 3.200000e+00
      vertex   -2.780378e+01 3.280167e+01 3.200000e+00
    endloop
  endfacet
  facet normal -6.665026e-01 7.455025e-01 -5.052713e-04
    outer loop
      vertex   -2.960138e+01 3.118908e+01 -4.900000e+00
      vertex   -2.780378e+01 3.280167e+01 3.200000e+00
      vertex   -2.769244e+01 3.289572e+01 -4.900000e+00
    endloop
  endfacet
  facet normal -6.234897e-01 7.818314e-01 5.078093e-04
    outer loop
      vertex   -2.769244e+01 3.289572e+01 -4.900000e+00
      vertex   -2.780378e+01 3.280167e+01 3.200000e+00
      vertex   -2.579234e+01 3.440574e+01 3.200000e+00
    endloop
  endfacet
  facet normal -6.209467e-01 7.838526e-01 -4.655300e-04
    outer loop
      vertex   -2.769244e+01 3.289572e+01 -4.900000e+00
      vertex   -2.579234e+01 3.440574e+01 3.200000e+00
      vertex   -2.568531e+01 3.448572e+01 -4.900000e+00
    endloop
  endfacet
  facet normal -5.756170e-01 8.177193e-01 4.678566e-04
    outer loop
      vertex   -2.568531e+01 3.448572e+01 -4.900000e+00
      vertex   -2.579234e+01 3.440574e+01 3.200000e+00
      vertex   -2.368857e+01 3.588665e+01 3.200000e+00
    endloop
  endfacet
  facet normal -5.731890e-01 8.194231e-01 -4.253660e-04
    outer loop
      vertex   -2.568531e+01 3.448572e+01 -4.900000e+00
      vertex   -2.368857e+01 3.588665e+01 3.200000e+00
      vertex   -2.358709e+01 3.595343e+01 -4.900000e+00
    endloop
  endfacet
  facet normal -5.256837e-01 8.506800e-01 4.274814e-04
    outer loop
      vertex   -2.358709e+01 3.595343e+01 -4.900000e+00
      vertex   -2.368857e+01 3.588665e+01 3.200000e+00
      vertex   -2.150000e+01 3.723909e+01 3.200000e+00
    endloop
  endfacet
  facet normal -5.233986e-01 8.520879e-01 -3.847794e-04
    outer loop
      vertex   -2.358709e+01 3.595343e+01 -4.900000e+00
      vertex   -2.150000e+01 3.723909e+01 3.200000e+00
      vertex   -2.140524e+01 3.729364e+01 -4.900000e+00
    endloop
  endfacet
  facet normal -4.738686e-01 8.805955e-01 3.866835e-04
    outer loop
      vertex   -2.140524e+01 3.729364e+01 -4.900000e+00
      vertex   -2.150000e+01 3.723909e+01 3.200000e+00
      vertex   -1.923447e+01 3.845823e+01 3.200000e+00
    endloop
  endfacet
  facet normal -4.717523e-01 8.817311e-01 -3.437702e-04
    outer loop
      vertex   -2.140524e+01 3.729364e+01 -4.900000e+00
      vertex   -1.923447e+01 3.845823e+01 3.200000e+00
      vertex   -1.914747e+01 3.850161e+01 -4.900000e+00
    endloop
  endfacet
  facet normal -4.203572e-01 9.073586e-01 3.454629e-04
    outer loop
      vertex   -1.914747e+01 3.850161e+01 -4.900000e+00
      vertex   -1.923447e+01 3.845823e+01 3.200000e+00
      vertex   -1.690008e+01 3.953969e+01 3.200000e+00
    endloop
  endfacet
  facet normal -4.184330e-01 9.082476e-01 -3.023384e-04
    outer loop
      vertex   -1.914747e+01 3.850161e+01 -4.900000e+00
      vertex   -1.690008e+01 3.953969e+01 3.200000e+00
      vertex   -1.682181e+01 3.957305e+01 -4.900000e+00
    endloop
  endfacet
  facet normal -3.653410e-01 9.308737e-01 3.038198e-04
    outer loop
      vertex   -1.682181e+01 3.957305e+01 -4.900000e+00
      vertex   -1.690008e+01 3.953969e+01 3.200000e+00
      vertex   -1.450519e+01 4.047962e+01 3.200000e+00
    endloop
  endfacet
  facet normal -3.636300e-01 9.315434e-01 -2.604839e-04
    outer loop
      vertex   -1.682181e+01 3.957305e+01 -4.900000e+00
      vertex   -1.450519e+01 4.047962e+01 3.200000e+00
      vertex   -1.443650e+01 4.050416e+01 -4.900000e+00
    endloop
  endfacet
  facet normal -3.090170e-01 9.510565e-01 2.617540e-04
    outer loop
      vertex   -1.443650e+01 4.050416e+01 -4.900000e+00
      vertex   -1.450519e+01 4.047962e+01 3.200000e+00
      vertex   -1.205838e+01 4.127464e+01 3.200000e+00
    endloop
  endfacet
  facet normal -3.075375e-01 9.515359e-01 -2.182069e-04
    outer loop
      vertex   -1.443650e+01 4.050416e+01 -4.900000e+00
      vertex   -1.205838e+01 4.127464e+01 3.200000e+00
      vertex   -1.200000e+01 4.129165e+01 -4.900000e+00
    endloop
  endfacet
  facet normal -2.797486e-01 9.600733e-01 0.000000e+00
    outer loop
      vertex   -1.200000e+01 4.129165e+01 -4.900000e+00
      vertex   -1.205838e+01 4.127464e+01 3.200000e+00
      vertex   -1.200000e+01 4.129165e+01 -1.400000e+00
    endloop
  endfacet
  facet normal -2.518029e-01 9.677785e-01 3.831474e-04
    outer loop
      vertex   -1.200000e+01 4.129165e+01 -1.400000e+00
      vertex   -1.205838e+01 4.127464e+01 3.200000e+00
      vertex   -9.646389e+00 4.190402e+01 -1.400000e+00
    endloop
  endfacet
  facet normal -2.515867e-01 9.678346e-01 5.041668e-04
    outer loop
      vertex   -9.646389e+00 4.190402e+01 -1.400000e+00
      vertex   -1.205838e+01 4.127464e+01 3.200000e+00
      vertex   -9.568400e+00 4.192190e+01 3.200000e+00
    endloop
  endfacet
  facet normal -1.966869e-01 9.804662e-01 -4.756975e-04
    outer loop
      vertex   -9.646389e+00 4.190402e+01 -1.400000e+00
      vertex   -9.568400e+00 4.192190e+01 3.200000e+00
      vertex   -7.261921e+00 4.238236e+01 -1.400000e+00
    endloop
  endfacet
  facet normal -1.932558e-01 9.811475e-01 1.312904e-03
    outer loop
      vertex   -7.261921e+00 4.238236e+01 -1.400000e+00
      vertex   -9.568400e+00 4.192190e+01 3.200000e+00
      vertex   -7.044170e+00 4.241910e+01 3.200000e+00
    endloop
  endfacet
  facet normal -1.409417e-01 9.900171e-01 -1.234327e-03
    outer loop
      vertex   -7.261921e+00 4.238236e+01 -1.400000e+00
      vertex   -7.044170e+00 4.241910e+01 3.200000e+00
      vertex   -4.854224e+00 4.272513e+01 -1.400000e+00
    endloop
  endfacet
  facet normal -1.342330e-01 9.909477e-01 2.021422e-03
    outer loop
      vertex   -4.854224e+00 4.272513e+01 -1.400000e+00
      vertex   -7.044170e+00 4.241910e+01 3.200000e+00
      vertex   -4.494724e+00 4.276444e+01 3.200000e+00
    endloop
  endfacet
  facet normal -8.474566e-02 9.964008e-01 -1.892732e-03
    outer loop
      vertex   -4.854224e+00 4.272513e+01 -1.400000e+00
      vertex   -4.494724e+00 4.276444e+01 3.200000e+00
      vertex   -2.431000e+00 4.293123e+01 -1.400000e+00
    endloop
  endfacet
  facet normal -7.472984e-02 9.972003e-01 2.629710e-03
    outer loop
      vertex   -2.431000e+00 4.293123e+01 -1.400000e+00
      vertex   -4.494724e+00 4.276444e+01 3.200000e+00
      vertex   -1.929188e+00 4.295670e+01 3.200000e+00
    endloop
  endfacet
  facet normal -2.827867e-02 9.995971e-01 -2.450906e-03
    outer loop
      vertex   -2.431000e+00 4.293123e+01 -1.400000e+00
      vertex   -1.929188e+00 4.295670e+01 3.200000e+00
      vertex   2.632991e-15 4.300000e+01 -1.400000e+00
    endloop
  endfacet
  facet normal -1.495933e-02 9.998832e-01 3.137765e-03
    outer loop
      vertex   2.632991e-15 4.300000e+01 -1.400000e+00
      vertex   -1.929188e+00 4.295670e+01 3.200000e+00
      vertex   6.432545e-01 4.299519e+01 3.200000e+00
    endloop
  endfacet
  facet normal 2.827864e-02 9.995958e-01 -2.908844e-03
    outer loop
      vertex   2.632991e-15 4.300000e+01 -1.400000e+00
      vertex   6.432545e-01 4.299519e+01 3.200000e+00
      vertex   2.431000e+00 4.293123e+01 -1.400000e+00
    endloop
  endfacet
  facet normal 4.486455e-02 9.989868e-01 3.545581e-03
    outer loop
      vertex   2.431000e+00 4.293123e+01 -1.400000e+00
      vertex   6.432545e-01 4.299519e+01 3.200000e+00
      vertex   3.213394e+00 4.287976e+01 3.200000e+00
    endloop
  endfacet
  facet normal 8.474536e-02 9.963973e-01 -3.266541e-03
    outer loop
      vertex   2.431000e+00 4.293123e+01 -1.400000e+00
      vertex   3.213394e+00 4.287976e+01 3.200000e+00
      vertex   4.854224e+00 4.272513e+01 -1.400000e+00
    endloop
  endfacet
  facet normal 1.045277e-01 9.945145e-01 3.853154e-03
    outer loop
      vertex   4.854224e+00 4.272513e+01 -1.400000e+00
      vertex   3.213394e+00 4.287976e+01 3.200000e+00
      vertex   5.772030e+00 4.261084e+01 3.200000e+00
    endloop
  endfacet
  facet normal 1.409409e-01 9.900117e-01 -3.523993e-03
    outer loop
      vertex   4.854224e+00 4.272513e+01 -1.400000e+00
      vertex   5.772030e+00 4.261084e+01 3.200000e+00
      vertex   7.261921e+00 4.238236e+01 -1.400000e+00
    endloop
  endfacet
  facet normal 1.638166e-01 9.864825e-01 4.060483e-03
    outer loop
      vertex   7.261921e+00 4.238236e+01 -1.400000e+00
      vertex   5.772030e+00 4.261084e+01 3.200000e+00
      vertex   8.310004e+00 4.218938e+01 3.200000e+00
    endloop
  endfacet
  facet normal 1.966856e-01 9.804597e-01 -3.681200e-03
    outer loop
      vertex   7.261921e+00 4.238236e+01 -1.400000e+00
      vertex   8.310004e+00 4.218938e+01 3.200000e+00
      vertex   9.646389e+00 4.190402e+01 -1.400000e+00
    endloop
  endfacet
  facet normal 2.225190e-01 9.749194e-01 4.167566e-03
    outer loop
      vertex   9.646389e+00 4.190402e+01 -1.400000e+00
      vertex   8.310004e+00 4.218938e+01 3.200000e+00
      vertex   1.081823e+01 4.161689e+01 3.200000e+00
    endloop
  endfacet
  facet normal 2.518011e-01 9.677718e-01 -3.738160e-03
    outer loop
      vertex   9.646389e+00 4.190402e+01 -1.400000e+00
      vertex   1.081823e+01 4.161689e+01 3.200000e+00
      vertex   1.200000e+01 4.129165e+01 -1.400000e+00
    endloop
  endfacet
  facet normal 2.804249e-01 9.598669e-01 4.174403e-03
    outer loop
      vertex   1.200000e+01 4.129165e+01 -1.400000e+00
      vertex   1.081823e+01 4.161689e+01 3.200000e+00
      vertex   1.328773e+01 4.089543e+01 3.200000e+00
    endloop
  endfacet
  facet normal -3.669576e-01 9.302377e-01 0.000000e+00
    outer loop
      vertex   -1.200000e+01 3.362276e+01 -3.900000e+00
      vertex   -1.200000e+01 3.362276e+01 -4.900000e+00
      vertex   -1.418657e+01 3.276021e+01 -3.900000e+00
    endloop
  endfacet
  facet normal -3.669576e-01 9.302377e-01 0.000000e+00
    outer loop
      vertex   -1.418657e+01 3.276021e+01 -3.900000e+00
      vertex   -1.200000e+01 3.362276e+01 -4.900000e+00
      vertex   -1.418657e+01 3.276021e+01 -4.900000e+00
    endloop
  endfacet
  facet normal -4.273776e-01 9.040732e-01 0.000000e+00
    outer loop
      vertex   -1.418657e+01 3.276021e+01 -3.900000e+00
      vertex   -1.418657e+01 3.276021e+01 -4.900000e+00
      vertex   -1.631165e+01 3.175563e+01 -3.900000e+00
    endloop
  endfacet
  facet normal -4.273776e-01 9.040732e-01 0.000000e+00
    outer loop
      vertex   -1.631165e+01 3.175563e+01 -3.900000e+00
      vertex   -1.418657e+01 3.276021e+01 -4.900000e+00
      vertex   -1.631165e+01 3.175563e+01 -4.900000e+00
    endloop
  endfacet
  facet normal -4.859448e-01 8.739895e-01 0.000000e+00
    outer loop
      vertex   -1.631165e+01 3.175563e+01 -3.900000e+00
      vertex   -1.631165e+01 3.175563e+01 -4.900000e+00
      vertex   -1.836600e+01 3.061339e+01 -3.900000e+00
    endloop
  endfacet
  facet normal -4.859448e-01 8.739895e-01 0.000000e+00
    outer loop
      vertex   -1.836600e+01 3.061339e+01 -3.900000e+00
      vertex   -1.631165e+01 3.175563e+01 -4.900000e+00
      vertex   -1.836600e+01 3.061339e+01 -4.900000e+00
    endloop
  endfacet
  facet normal -5.424053e-01 8.401169e-01 0.000000e+00
    outer loop
      vertex   -1.836600e+01 3.061339e+01 -3.900000e+00
      vertex   -1.836600e+01 3.061339e+01 -4.900000e+00
      vertex   -2.034074e+01 2.933844e+01 -3.900000e+00
    endloop
  endfacet
  facet normal -5.424053e-01 8.401169e-01 0.000000e+00
    outer loop
      vertex   -2.034074e+01 2.933844e+01 -3.900000e+00
      vertex   -1.836600e+01 3.061339e+01 -4.900000e+00
      vertex   -2.034074e+01 2.933844e+01 -4.900000e+00
    endloop
  endfacet
  facet normal -5.965145e-01 8.026023e-01 0.000000e+00
    outer loop
      vertex   -2.034074e+01 2.933844e+01 -3.900000e+00
      vertex   -2.034074e+01 2.933844e+01 -4.900000e+00
      vertex   -2.222730e+01 2.793630e+01 -3.900000e+00
    endloop
  endfacet
  facet normal -5.965145e-01 8.026023e-01 0.000000e+00
    outer loop
      vertex   -2.222730e+01 2.793630e+01 -3.900000e+00
      vertex   -2.034074e+01 2.933844e+01 -4.900000e+00
      vertex   -2.222730e+01 2.793630e+01 -4.900000e+00
    endloop
  endfacet
  facet normal -6.480376e-01 7.616083e-01 0.000000e+00
    outer loop
      vertex   -2.222730e+01 2.793630e+01 -3.900000e+00
      vertex   -2.222730e+01 2.793630e+01 -4.900000e+00
      vertex   -2.401750e+01 2.641306e+01 -3.900000e+00
    endloop
  endfacet
  facet normal -6.480376e-01 7.616083e-01 0.000000e+00
    outer loop
      vertex   -2.401750e+01 2.641306e+01 -3.900000e+00
      vertex   -2.222730e+01 2.793630e+01 -4.900000e+00
      vertex   -2.401750e+01 2.641306e+01 -4.900000e+00
    endloop
  endfacet
  facet normal -6.967515e-01 7.173126e-01 0.000000e+00
    outer loop
      vertex   -2.401750e+01 2.641306e+01 -3.900000e+00
      vertex   -2.401750e+01 2.641306e+01 -4.900000e+00
      vertex   -2.570358e+01 2.477530e+01 -3.900000e+00
    endloop
  endfacet
  facet normal -6.967515e-01 7.173126e-01 0.000000e+00
    outer loop
      vertex   -2.570358e+01 2.477530e+01 -3.900000e+00
      vertex   -2.401750e+01 2.641306e+01 -4.900000e+00
      vertex   -2.570358e+01 2.477530e+01 -4.900000e+00
    endloop
  endfacet
  facet normal -7.424448e-01 6.699073e-01 0.000000e+00
    outer loop
      vertex   -2.570358e+01 2.477530e+01 -3.900000e+00
      vertex   -2.570358e+01 2.477530e+01 -4.900000e+00
      vertex   -2.727824e+01 2.303015e+01 -3.900000e+00
    endloop
  endfacet
  facet normal -7.424448e-01 6.699073e-01 0.000000e+00
    outer loop
      vertex   -2.727824e+01 2.303015e+01 -3.900000e+00
      vertex   -2.570358e+01 2.477530e+01 -4.900000e+00
      vertex   -2.727824e+01 2.303015e+01 -4.900000e+00
    endloop
  endfacet
  facet normal -7.849195e-01 6.195978e-01 0.000000e+00
    outer loop
      vertex   -2.727824e+01 2.303015e+01 -3.900000e+00
      vertex   -2.727824e+01 2.303015e+01 -4.900000e+00
      vertex   -2.873463e+01 2.118515e+01 -3.900000e+00
    endloop
  endfacet
  facet normal -7.849195e-01 6.195978e-01 0.000000e+00
    outer loop
      vertex   -2.873463e+01 2.118515e+01 -3.900000e+00
      vertex   -2.727824e+01 2.303015e+01 -4.900000e+00
      vertex   -2.873463e+01 2.118515e+01 -4.900000e+00
    endloop
  endfacet
  facet normal -8.239914e-01 5.666023e-01 0.000000e+00
    outer loop
      vertex   -2.873463e+01 2.118515e+01 -3.900000e+00
      vertex   -2.873463e+01 2.118515e+01 -4.900000e+00
      vertex   -3.006646e+01 1.924832e+01 -3.900000e+00
    endloop
  endfacet
  facet normal -8.239914e-01 5.666023e-01 0.000000e+00
    outer loop
      vertex   -3.006646e+01 1.924832e+01 -3.900000e+00
      vertex   -2.873463e+01 2.118515e+01 -4.900000e+00
      vertex   -3.006646e+01 1.924832e+01 -4.900000e+00
    endloop
  endfacet
  facet normal -8.594913e-01 5.111504e-01 0.000000e+00
    outer loop
      vertex   -3.006646e+01 1.924832e+01 -3.900000e+00
      vertex   -3.006646e+01 1.924832e+01 -4.900000e+00
      vertex   -3.126795e+01 1.722804e+01 -3.900000e+00
    endloop
  endfacet
  facet normal -8.594913e-01 5.111504e-01 0.000000e+00
    outer loop
      vertex   -3.126795e+01 1.722804e+01 -3.900000e+00
      vertex   -3.006646e+01 1.924832e+01 -4.900000e+00
      vertex   -3.126795e+01 1.722804e+01 -4.900000e+00
    endloop
  endfacet
  facet normal -8.912651e-01 4.534827e-01 0.000000e+00
    outer loop
      vertex   -3.126795e+01 1.722804e+01 -3.900000e+00
      vertex   -3.126795e+01 1.722804e+01 -4.900000e+00
      vertex   -3.233388e+01 1.513307e+01 -3.900000e+00
    endloop
  endfacet
  facet normal -8.912651e-01 4.534827e-01 0.000000e+00
    outer loop
      vertex   -3.233388e+01 1.513307e+01 -3.900000e+00
      vertex   -3.126795e+01 1.722804e+01 -4.900000e+00
      vertex   -3.233388e+01 1.513307e+01 -4.900000e+00
    endloop
  endfacet
  facet normal -9.191752e-01 3.938490e-01 0.000000e+00
    outer loop
      vertex   -3.233388e+01 1.513307e+01 -3.900000e+00
      vertex   -3.233388e+01 1.513307e+01 -4.900000e+00
      vertex   -3.325965e+01 1.297250e+01 -3.900000e+00
    endloop
  endfacet
  facet normal -9.191752e-01 3.938490e-01 0.000000e+00
    outer loop
      vertex   -3.325965e+01 1.297250e+01 -3.900000e+00
      vertex   -3.233388e+01 1.513307e+01 -4.900000e+00
      vertex   -3.325965e+01 1.297250e+01 -4.900000e+00
    endloop
  endfacet
  facet normal -9.431005e-01 3.325079e-01 0.000000e+00
    outer loop
      vertex   -3.325965e+01 1.297250e+01 -3.900000e+00
      vertex   -3.325965e+01 1.297250e+01 -4.900000e+00
      vertex   -3.404123e+01 1.075570e+01 -3.900000e+00
    endloop
  endfacet
  facet normal -9.431005e-01 3.325079e-01 0.000000e+00
    outer loop
      vertex   -3.404123e+01 1.075570e+01 -3.900000e+00
      vertex   -3.325965e+01 1.297250e+01 -4.900000e+00
      vertex   -3.404123e+01 1.075570e+01 -4.900000e+00
    endloop
  endfacet
  facet normal -9.629373e-01 2.697254e-01 0.000000e+00
    outer loop
      vertex   -3.404123e+01 1.075570e+01 -3.900000e+00
      vertex   -3.404123e+01 1.075570e+01 -4.900000e+00
      vertex   -3.467523e+01 8.492260e+00 -3.900000e+00
    endloop
  endfacet
  facet normal -9.629373e-01 2.697254e-01 0.000000e+00
    outer loop
      vertex   -3.467523e+01 8.492260e+00 -3.900000e+00
      vertex   -3.404123e+01 1.075570e+01 -4.900000e+00
      vertex   -3.467523e+01 8.492260e+00 -4.900000e+00
    endloop
  endfacet
  facet normal -9.785996e-01 2.057736e-01 0.000000e+00
    outer loop
      vertex   -3.467523e+01 8.492260e+00 -3.900000e+00
      vertex   -3.467523e+01 8.492260e+00 -4.900000e+00
      vertex   -3.515891e+01 6.192010e+00 -3.900000e+00
    endloop
  endfacet
  facet normal -9.785996e-01 2.057736e-01 0.000000e+00
    outer loop
      vertex   -3.515891e+01 6.192010e+00 -3.900000e+00
      vertex   -3.467523e+01 8.492260e+00 -4.900000e+00
      vertex   -3.515891e+01 6.192010e+00 -4.900000e+00
    endloop
  endfacet
  facet normal -9.900196e-01 1.409297e-01 0.000000e+00
    outer loop
      vertex   -3.515891e+01 6.192010e+00 -3.900000e+00
      vertex   -3.515891e+01 6.192010e+00 -4.900000e+00
      vertex   -3.549017e+01 3.864916e+00 -3.900000e+00
    endloop
  endfacet
  facet normal -9.900196e-01 1.409297e-01 0.000000e+00
    outer loop
      vertex   -3.549017e+01 3.864916e+00 -3.900000e+00
      vertex   -3.515891e+01 6.192010e+00 -4.900000e+00
      vertex   -3.549017e+01 3.864916e+00 -4.900000e+00
    endloop
  endfacet
  facet normal -9.971477e-01 7.547486e-02 0.000000e+00
    outer loop
      vertex   -3.549017e+01 3.864916e+00 -3.900000e+00
      vertex   -3.549017e+01 3.864916e+00 -4.900000e+00
      vertex   -3.566758e+01 1.521068e+00 -3.900000e+00
    endloop
  endfacet
  facet normal -9.971477e-01 7.547486e-02 0.000000e+00
    outer loop
      vertex   -3.566758e+01 1.521068e+00 -3.900000e+00
      vertex   -3.549017e+01 3.864916e+00 -4.900000e+00
      vertex   -3.566758e+01 1.521068e+00 -4.900000e+00
    endloop
  endfacet
  facet normal -9.999530e-01 9.692824e-03 0.000000e+00
    outer loop
      vertex   -3.566758e+01 1.521068e+00 -3.900000e+00
      vertex   -3.566758e+01 1.521068e+00 -4.900000e+00
      vertex   -3.569036e+01 -8.293750e-01 -3.900000e+00
    endloop
  endfacet
  facet normal -9.999530e-01 9.692824e-03 0.000000e+00
    outer loop
      vertex   -3.569036e+01 -8.293750e-01 -3.900000e+00
      vertex   -3.566758e+01 1.521068e+00 -4.900000e+00
      vertex   -3.569036e+01 -8.293750e-01 -4.900000e+00
    endloop
  endfacet
  facet normal -9.984234e-01 -5.613123e-02 -0.000000e+00
    outer loop
      vertex   -3.569036e+01 -8.293750e-01 -3.900000e+00
      vertex   -3.569036e+01 -8.293750e-01 -4.900000e+00
      vertex   -3.555843e+01 -3.176222e+00 -3.900000e+00
    endloop
  endfacet
  facet normal -9.984234e-01 -5.613123e-02 -0.000000e+00
    outer loop
      vertex   -3.555843e+01 -3.176222e+00 -3.900000e+00
      vertex   -3.569036e+01 -8.293750e-01 -4.900000e+00
      vertex   -3.555843e+01 -3.176222e+00 -4.900000e+00
    endloop
  endfacet
  facet normal -9.925655e-01 -1.217119e-01 -0.000000e+00
    outer loop
      vertex   -3.555843e+01 -3.176222e+00 -3.900000e+00
      vertex   -3.555843e+01 -3.176222e+00 -4.900000e+00
      vertex   -3.527233e+01 -5.509300e+00 -3.900000e+00
    endloop
  endfacet
  facet normal -9.925655e-01 -1.217119e-01 -0.000000e+00
    outer loop
      vertex   -3.527233e+01 -5.509300e+00 -3.900000e+00
      vertex   -3.555843e+01 -3.176222e+00 -4.900000e+00
      vertex   -3.527233e+01 -5.509300e+00 -4.900000e+00
    endloop
  endfacet
  facet normal -9.824046e-01 -1.867650e-01 -0.000000e+00
    outer loop
      vertex   -3.527233e+01 -5.509300e+00 -3.900000e+00
      vertex   -3.527233e+01 -5.509300e+00 -4.900000e+00
      vertex   -3.483333e+01 -7.818494e+00 -3.900000e+00
    endloop
  endfacet
  facet normal -9.824046e-01 -1.867650e-01 -0.000000e+00
    outer loop
      vertex   -3.483333e+01 -7.818494e+00 -3.900000e+00
      vertex   -3.527233e+01 -5.509300e+00 -4.900000e+00
      vertex   -3.483333e+01 -7.818494e+00 -4.900000e+00
    endloop
  endfacet
  facet normal -9.679849e-01 -2.510084e-01 -0.000000e+00
    outer loop
      vertex   -3.483333e+01 -7.818494e+00 -3.900000e+00
      vertex   -3.483333e+01 -7.818494e+00 -4.900000e+00
      vertex   -3.424333e+01 -1.009379e+01 -3.900000e+00
    endloop
  endfacet
  facet normal -9.679849e-01 -2.510084e-01 -0.000000e+00
    outer loop
      vertex   -3.424333e+01 -1.009379e+01 -3.900000e+00
      vertex   -3.483333e+01 -7.818494e+00 -4.900000e+00
      vertex   -3.424333e+01 -1.009379e+01 -4.900000e+00
    endloop
  endfacet
  facet normal -9.493688e-01 -3.141637e-01 -0.000000e+00
    outer loop
      vertex   -3.424333e+01 -1.009379e+01 -3.900000e+00
      vertex   -3.424333e+01 -1.009379e+01 -4.900000e+00
      vertex   -3.350487e+01 -1.232534e+01 -3.900000e+00
    endloop
  endfacet
  facet normal -9.493688e-01 -3.141637e-01 -0.000000e+00
    outer loop
      vertex   -3.350487e+01 -1.232534e+01 -3.900000e+00
      vertex   -3.424333e+01 -1.009379e+01 -4.900000e+00
      vertex   -3.350487e+01 -1.232534e+01 -4.900000e+00
    endloop
  endfacet
  facet normal -9.266371e-01 -3.759570e-01 -0.000000e+00
    outer loop
      vertex   -3.350487e+01 -1.232534e+01 -3.900000e+00
      vertex   -3.350487e+01 -1.232534e+01 -4.900000e+00
      vertex   -3.262116e+01 -1.450345e+01 -3.900000e+00
    endloop
  endfacet
  facet normal -9.266371e-01 -3.759570e-01 -0.000000e+00
    outer loop
      vertex   -3.262116e+01 -1.450345e+01 -3.900000e+00
      vertex   -3.350487e+01 -1.232534e+01 -4.900000e+00
      vertex   -3.262116e+01 -1.450345e+01 -4.900000e+00
    endloop
  endfacet
  facet normal -8.998883e-01 -4.361205e-01 -0.000000e+00
    outer loop
      vertex   -3.262116e+01 -1.450345e+01 -3.900000e+00
      vertex   -3.262116e+01 -1.450345e+01 -4.900000e+00
      vertex   -3.159604e+01 -1.661868e+01 -3.900000e+00
    endloop
  endfacet
  facet normal -8.998883e-01 -4.361205e-01 -0.000000e+00
    outer loop
      vertex   -3.159604e+01 -1.661868e+01 -3.900000e+00
      vertex   -3.262116e+01 -1.450345e+01 -4.900000e+00
      vertex   -3.159604e+01 -1.661868e+01 -4.900000e+00
    endloop
  endfacet
  facet normal -8.692383e-01 -4.943934e-01 -0.000000e+00
    outer loop
      vertex   -3.159604e+01 -1.661868e+01 -3.900000e+00
      vertex   -3.159604e+01 -1.661868e+01 -4.900000e+00
      vertex   -3.043394e+01 -1.866187e+01 -3.900000e+00
    endloop
  endfacet
  facet normal -8.692383e-01 -4.943934e-01 -0.000000e+00
    outer loop
      vertex   -3.043394e+01 -1.866187e+01 -3.900000e+00
      vertex   -3.159604e+01 -1.661868e+01 -4.900000e+00
      vertex   -3.043394e+01 -1.866187e+01 -4.900000e+00
    endloop
  endfacet
  facet normal -8.348200e-01 -5.505229e-01 -0.000000e+00
    outer loop
      vertex   -3.043394e+01 -1.866187e+01 -3.900000e+00
      vertex   -3.043394e+01 -1.866187e+01 -4.900000e+00
      vertex   -2.913990e+01 -2.062416e+01 -3.900000e+00
    endloop
  endfacet
  facet normal -8.348200e-01 -5.505229e-01 -0.000000e+00
    outer loop
      vertex   -2.913990e+01 -2.062416e+01 -3.900000e+00
      vertex   -3.043394e+01 -1.866187e+01 -4.900000e+00
      vertex   -2.913990e+01 -2.062416e+01 -4.900000e+00
    endloop
  endfacet
  facet normal -7.967827e-01 -6.042659e-01 -0.000000e+00
    outer loop
      vertex   -2.913990e+01 -2.062416e+01 -3.900000e+00
      vertex   -2.913990e+01 -2.062416e+01 -4.900000e+00
      vertex   -2.771955e+01 -2.249704e+01 -3.900000e+00
    endloop
  endfacet
  facet normal -7.967827e-01 -6.042659e-01 -0.000000e+00
    outer loop
      vertex   -2.771955e+01 -2.249704e+01 -3.900000e+00
      vertex   -2.913990e+01 -2.062416e+01 -4.900000e+00
      vertex   -2.771955e+01 -2.249704e+01 -4.900000e+00
    endloop
  endfacet
  facet normal -7.552912e-01 -6.553893e-01 -0.000000e+00
    outer loop
      vertex   -2.771955e+01 -2.249704e+01 -3.900000e+00
      vertex   -2.771955e+01 -2.249704e+01 -4.900000e+00
      vertex   -2.617902e+01 -2.427239e+01 -3.900000e+00
    endloop
  endfacet
  facet normal -7.552912e-01 -6.553893e-01 -0.000000e+00
    outer loop
      vertex   -2.617902e+01 -2.427239e+01 -3.900000e+00
      vertex   -2.771955e+01 -2.249704e+01 -4.900000e+00
      vertex   -2.617902e+01 -2.427239e+01 -4.900000e+00
    endloop
  endfacet
  facet normal -7.105254e-01 -7.036715e-01 -0.000000e+00
    outer loop
      vertex   -2.617902e+01 -2.427239e+01 -3.900000e+00
      vertex   -2.617902e+01 -2.427239e+01 -4.900000e+00
      vertex   -2.452500e+01 -2.594252e+01 -3.900000e+00
    endloop
  endfacet
  facet normal -7.105254e-01 -7.036715e-01 -0.000000e+00
    outer loop
      vertex   -2.452500e+01 -2.594252e+01 -3.900000e+00
      vertex   -2.617902e+01 -2.427239e+01 -4.900000e+00
      vertex   -2.452500e+01 -2.594252e+01 -4.900000e+00
    endloop
  endfacet
  facet normal -6.626794e-01 -7.489032e-01 -0.000000e+00
    outer loop
      vertex   -2.452500e+01 -2.594252e+01 -3.900000e+00
      vertex   -2.452500e+01 -2.594252e+01 -4.900000e+00
      vertex   -2.276466e+01 -2.750018e+01 -3.900000e+00
    endloop
  endfacet
  facet normal -6.626794e-01 -7.489032e-01 -0.000000e+00
    outer loop
      vertex   -2.276466e+01 -2.750018e+01 -3.900000e+00
      vertex   -2.452500e+01 -2.594252e+01 -4.900000e+00
      vertex   -2.276466e+01 -2.750018e+01 -4.900000e+00
    endloop
  endfacet
  facet normal -6.119606e-01 -7.908882e-01 -0.000000e+00
    outer loop
      vertex   -2.276466e+01 -2.750018e+01 -3.900000e+00
      vertex   -2.276466e+01 -2.750018e+01 -4.900000e+00
      vertex   -2.090564e+01 -2.893863e+01 -3.900000e+00
    endloop
  endfacet
  facet normal -6.119606e-01 -7.908882e-01 -0.000000e+00
    outer loop
      vertex   -2.090564e+01 -2.893863e+01 -3.900000e+00
      vertex   -2.276466e+01 -2.750018e+01 -4.900000e+00
      vertex   -2.090564e+01 -2.893863e+01 -4.900000e+00
    endloop
  endfacet
  facet normal -5.585888e-01 -8.294447e-01 -0.000000e+00
    outer loop
      vertex   -2.090564e+01 -2.893863e+01 -3.900000e+00
      vertex   -2.090564e+01 -2.893863e+01 -4.900000e+00
      vertex   -1.895599e+01 -3.025162e+01 -3.900000e+00
    endloop
  endfacet
  facet normal -5.585888e-01 -8.294447e-01 -0.000000e+00
    outer loop
      vertex   -1.895599e+01 -3.025162e+01 -3.900000e+00
      vertex   -2.090564e+01 -2.893863e+01 -4.900000e+00
      vertex   -1.895599e+01 -3.025162e+01 -4.900000e+00
    endloop
  endfacet
  facet normal -5.027955e-01 -8.644054e-01 -0.000000e+00
    outer loop
      vertex   -1.895599e+01 -3.025162e+01 -3.900000e+00
      vertex   -1.895599e+01 -3.025162e+01 -4.900000e+00
      vertex   -1.692415e+01 -3.143347e+01 -3.900000e+00
    endloop
  endfacet
  facet normal -5.027955e-01 -8.644054e-01 -0.000000e+00
    outer loop
      vertex   -1.692415e+01 -3.143347e+01 -3.900000e+00
      vertex   -1.895599e+01 -3.025162e+01 -4.900000e+00
      vertex   -1.692415e+01 -3.143347e+01 -4.900000e+00
    endloop
  endfacet
  facet normal -4.448225e-01 -8.956188e-01 -0.000000e+00
    outer loop
      vertex   -1.692415e+01 -3.143347e+01 -3.900000e+00
      vertex   -1.692415e+01 -3.143347e+01 -4.900000e+00
      vertex   -1.481896e+01 -3.247905e+01 -3.900000e+00
    endloop
  endfacet
  facet normal -4.448225e-01 -8.956188e-01 -0.000000e+00
    outer loop
      vertex   -1.481896e+01 -3.247905e+01 -3.900000e+00
      vertex   -1.692415e+01 -3.143347e+01 -4.900000e+00
      vertex   -1.481896e+01 -3.247905e+01 -4.900000e+00
    endloop
  endfacet
  facet normal -3.849211e-01 -9.229495e-01 -0.000000e+00
    outer loop
      vertex   -1.481896e+01 -3.247905e+01 -3.900000e+00
      vertex   -1.481896e+01 -3.247905e+01 -4.900000e+00
      vertex   -1.264951e+01 -3.338383e+01 -3.900000e+00
    endloop
  endfacet
  facet normal -3.849211e-01 -9.229495e-01 -0.000000e+00
    outer loop
      vertex   -1.264951e+01 -3.338383e+01 -3.900000e+00
      vertex   -1.481896e+01 -3.247905e+01 -4.900000e+00
      vertex   -1.264951e+01 -3.338383e+01 -4.900000e+00
    endloop
  endfacet
  facet normal -3.233510e-01 -9.462791e-01 -0.000000e+00
    outer loop
      vertex   -1.264951e+01 -3.338383e+01 -3.900000e+00
      vertex   -1.264951e+01 -3.338383e+01 -4.900000e+00
      vertex   -1.042523e+01 -3.414388e+01 -3.900000e+00
    endloop
  endfacet
  facet normal -3.233510e-01 -9.462791e-01 -0.000000e+00
    outer loop
      vertex   -1.042523e+01 -3.414388e+01 -3.900000e+00
      vertex   -1.264951e+01 -3.338383e+01 -4.900000e+00
      vertex   -1.042523e+01 -3.414388e+01 -4.900000e+00
    endloop
  endfacet
  facet normal -2.603792e-01 -9.655064e-01 -0.000000e+00
    outer loop
      vertex   -1.042523e+01 -3.414388e+01 -3.900000e+00
      vertex   -1.042523e+01 -3.414388e+01 -4.900000e+00
      vertex   -8.155760e+00 -3.475591e+01 -3.900000e+00
    endloop
  endfacet
  facet normal -2.603792e-01 -9.655064e-01 -0.000000e+00
    outer loop
      vertex   -8.155760e+00 -3.475591e+01 -3.900000e+00
      vertex   -1.042523e+01 -3.414388e+01 -4.900000e+00
      vertex   -8.155760e+00 -3.475591e+01 -4.900000e+00
    endloop
  endfacet
  facet normal -1.962785e-01 -9.805482e-01 -0.000000e+00
    outer loop
      vertex   -8.155760e+00 -3.475591e+01 -3.900000e+00
      vertex   -8.155760e+00 -3.475591e+01 -4.900000e+00
      vertex   -5.850930e+00 -3.521728e+01 -3.900000e+00
    endloop
  endfacet
  facet normal -1.962785e-01 -9.805482e-01 -0.000000e+00
    outer loop
      vertex   -5.850930e+00 -3.521728e+01 -3.900000e+00
      vertex   -8.155760e+00 -3.475591e+01 -4.900000e+00
      vertex   -5.850930e+00 -3.521728e+01 -4.900000e+00
    endloop
  endfacet
  facet normal -1.313270e-01 -9.913391e-01 -0.000000e+00
    outer loop
      vertex   -5.850930e+00 -3.521728e+01 -3.900000e+00
      vertex   -5.850930e+00 -3.521728e+01 -4.900000e+00
      vertex   -3.520735e+00 -3.552597e+01 -3.900000e+00
    endloop
  endfacet
  facet normal -1.313270e-01 -9.913391e-01 -0.000000e+00
    outer loop
      vertex   -3.520735e+00 -3.552597e+01 -3.900000e+00
      vertex   -5.850930e+00 -3.521728e+01 -4.900000e+00
      vertex   -3.520735e+00 -3.552597e+01 -4.900000e+00
    endloop
  endfacet
  facet normal -6.580613e-02 -9.978324e-01 -0.000000e+00
    outer loop
      vertex   -3.520735e+00 -3.552597e+01 -3.900000e+00
      vertex   -3.520735e+00 -3.552597e+01 -4.900000e+00
      vertex   -1.175277e+00 -3.568065e+01 -3.900000e+00
    endloop
  endfacet
  facet normal -6.580613e-02 -9.978324e-01 -0.000000e+00
    outer loop
      vertex   -1.175277e+00 -3.568065e+01 -3.900000e+00
      vertex   -3.520735e+00 -3.552597e+01 -4.900000e+00
      vertex   -1.175277e+00 -3.568065e+01 -4.900000e+00
    endloop
  endfacet
  facet normal 0.000000e+00 -1.000000e+00 0.000000e+00
    outer loop
      vertex   -1.175277e+00 -3.568065e+01 -3.900000e+00
      vertex   -1.175277e+00 -3.568065e+01 -4.900000e+00
      vertex   1.175277e+00 -3.568065e+01 -3.900000e+00
    endloop
  endfacet
  facet normal 0.000000e+00 -1.000000e+00 -0.000000e+00
    outer loop
      vertex   1.175277e+00 -3.568065e+01 -3.900000e+00
      vertex   -1.175277e+00 -3.568065e+01 -4.900000e+00
      vertex   1.175277e+00 -3.568065e+01 -4.900000e+00
    endloop
  endfacet
  facet normal 6.580613e-02 -9.978324e-01 0.000000e+00
    outer loop
      vertex   1.175277e+00 -3.568065e+01 -3.900000e+00
      vertex   1.175277e+00 -3.568065e+01 -4.900000e+00
      vertex   3.520735e+00 -3.552597e+01 -3.900000e+00
    endloop
  endfacet
  facet normal 6.580613e-02 -9.978324e-01 0.000000e+00
    outer loop
      vertex   3.520735e+00 -3.552597e+01 -3.900000e+00
      vertex   1.175277e+00 -3.568065e+01 -4.900000e+00
      vertex   3.520735e+00 -3.552597e+01 -4.900000e+00
    endloop
  endfacet
  facet normal 1.313270e-01 -9.913391e-01 0.000000e+00
    outer loop
      vertex   3.520735e+00 -3.552597e+01 -3.900000e+00
      vertex   3.520735e+00 -3.552597e+01 -4.900000e+00
      vertex   5.850930e+00 -3.521728e+01 -3.900000e+00
    endloop
  endfacet
  facet normal 1.313270e-01 -9.913391e-01 0.000000e+00
    outer loop
      vertex   5.850930e+00 -3.521728e+01 -3.900000e+00
      vertex   3.520735e+00 -3.552597e+01 -4.900000e+00
      vertex   5.850930e+00 -3.521728e+01 -4.900000e+00
    endloop
  endfacet
  facet normal 1.962785e-01 -9.805482e-01 0.000000e+00
    outer loop
      vertex   5.850930e+00 -3.521728e+01 -3.900000e+00
      vertex   5.850930e+00 -3.521728e+01 -4.900000e+00
      vertex   8.155760e+00 -3.475591e+01 -3.900000e+00
    endloop
  endfacet
  facet normal 1.962785e-01 -9.805482e-01 0.000000e+00
    outer loop
      vertex   8.155760e+00 -3.475591e+01 -3.900000e+00
      vertex   5.850930e+00 -3.521728e+01 -4.900000e+00
      vertex   8.155760e+00 -3.475591e+01 -4.900000e+00
    endloop
  endfacet
  facet normal 2.603792e-01 -9.655064e-01 0.000000e+00
    outer loop
      vertex   8.155760e+00 -3.475591e+01 -3.900000e+00
      vertex   8.155760e+00 -3.475591e+01 -4.900000e+00
      vertex   1.042523e+01 -3.414388e+01 -3.900000e+00
    endloop
  endfacet
  facet normal 2.603792e-01 -9.655064e-01 0.000000e+00
    outer loop
      vertex   1.042523e+01 -3.414388e+01 -3.900000e+00
      vertex   8.155760e+00 -3.475591e+01 -4.900000e+00
      vertex   1.042523e+01 -3.414388e+01 -4.900000e+00
    endloop
  endfacet
  facet normal 3.233510e-01 -9.462791e-01 0.000000e+00
    outer loop
      vertex   1.042523e+01 -3.414388e+01 -3.900000e+00
      vertex   1.042523e+01 -3.414388e+01 -4.900000e+00
      vertex   1.264951e+01 -3.338383e+01 -3.900000e+00
    endloop
  endfacet
  facet normal 3.233510e-01 -9.462791e-01 0.000000e+00
    outer loop
      vertex   1.264951e+01 -3.338383e+01 -3.900000e+00
      vertex   1.042523e+01 -3.414388e+01 -4.900000e+00
      vertex   1.264951e+01 -3.338383e+01 -4.900000e+00
    endloop
  endfacet
  facet normal 3.849211e-01 -9.229495e-01 0.000000e+00
    outer loop
      vertex   1.264951e+01 -3.338383e+01 -3.900000e+00
      vertex   1.264951e+01 -3.338383e+01 -4.900000e+00
      vertex   1.481896e+01 -3.247905e+01 -3.900000e+00
    endloop
  endfacet
  facet normal 3.849211e-01 -9.229495e-01 0.000000e+00
    outer loop
      vertex   1.481896e+01 -3.247905e+01 -3.900000e+00
      vertex   1.264951e+01 -3.338383e+01 -4.900000e+00
      vertex   1.481896e+01 -3.247905e+01 -4.900000e+00
    endloop
  endfacet
  facet normal 4.448225e-01 -8.956188e-01 0.000000e+00
    outer loop
      vertex   1.481896e+01 -3.247905e+01 -3.900000e+00
      vertex   1.481896e+01 -3.247905e+01 -4.900000e+00
      vertex   1.692415e+01 -3.143347e+01 -3.900000e+00
    endloop
  endfacet
  facet normal 4.448225e-01 -8.956188e-01 0.000000e+00
    outer loop
      vertex   1.692415e+01 -3.143347e+01 -3.900000e+00
      vertex   1.481896e+01 -3.247905e+01 -4.900000e+00
      vertex   1.692415e+01 -3.143347e+01 -4.900000e+00
    endloop
  endfacet
  facet normal 5.027955e-01 -8.644054e-01 0.000000e+00
    outer loop
      vertex   1.692415e+01 -3.143347e+01 -3.900000e+00
      vertex   1.692415e+01 -3.143347e+01 -4.900000e+00
      vertex   1.895599e+01 -3.025162e+01 -3.900000e+00
    endloop
  endfacet
  facet normal 5.027955e-01 -8.644054e-01 0.000000e+00
    outer loop
      vertex   1.895599e+01 -3.025162e+01 -3.900000e+00
      vertex   1.692415e+01 -3.143347e+01 -4.900000e+00
      vertex   1.895599e+01 -3.025162e+01 -4.900000e+00
    endloop
  endfacet
  facet normal 5.585888e-01 -8.294447e-01 0.000000e+00
    outer loop
      vertex   1.895599e+01 -3.025162e+01 -3.900000e+00
      vertex   1.895599e+01 -3.025162e+01 -4.900000e+00
      vertex   2.090564e+01 -2.893863e+01 -3.900000e+00
    endloop
  endfacet
  facet normal 5.585888e-01 -8.294447e-01 0.000000e+00
    outer loop
      vertex   2.090564e+01 -2.893863e+01 -3.900000e+00
      vertex   1.895599e+01 -3.025162e+01 -4.900000e+00
      vertex   2.090564e+01 -2.893863e+01 -4.900000e+00
    endloop
  endfacet
  facet normal 6.119606e-01 -7.908882e-01 0.000000e+00
    outer loop
      vertex   2.090564e+01 -2.893863e+01 -3.900000e+00
      vertex   2.090564e+01 -2.893863e+01 -4.900000e+00
      vertex   2.276466e+01 -2.750018e+01 -3.900000e+00
    endloop
  endfacet
  facet normal 6.119606e-01 -7.908882e-01 0.000000e+00
    outer loop
      vertex   2.276466e+01 -2.750018e+01 -3.900000e+00
      vertex   2.090564e+01 -2.893863e+01 -4.900000e+00
      vertex   2.276466e+01 -2.750018e+01 -4.900000e+00
    endloop
  endfacet
  facet normal 6.626794e-01 -7.489032e-01 0.000000e+00
    outer loop
      vertex   2.276466e+01 -2.750018e+01 -3.900000e+00
      vertex   2.276466e+01 -2.750018e+01 -4.900000e+00
      vertex   2.452500e+01 -2.594252e+01 -3.900000e+00
    endloop
  endfacet
  facet normal 6.626794e-01 -7.489032e-01 0.000000e+00
    outer loop
      vertex   2.452500e+01 -2.594252e+01 -3.900000e+00
      vertex   2.276466e+01 -2.750018e+01 -4.900000e+00
      vertex   2.452500e+01 -2.594252e+01 -4.900000e+00
    endloop
  endfacet
  facet normal 7.105254e-01 -7.036715e-01 0.000000e+00
    outer loop
      vertex   2.452500e+01 -2.594252e+01 -3.900000e+00
      vertex   2.452500e+01 -2.594252e+01 -4.900000e+00
      vertex   2.617902e+01 -2.427239e+01 -3.900000e+00
    endloop
  endfacet
  facet normal 7.105254e-01 -7.036715e-01 0.000000e+00
    outer loop
      vertex   2.617902e+01 -2.427239e+01 -3.900000e+00
      vertex   2.452500e+01 -2.594252e+01 -4.900000e+00
      vertex   2.617902e+01 -2.427239e+01 -4.900000e+00
    endloop
  endfacet
  facet normal 7.552912e-01 -6.553893e-01 0.000000e+00
    outer loop
      vertex   2.617902e+01 -2.427239e+01 -3.900000e+00
      vertex   2.617902e+01 -2.427239e+01 -4.900000e+00
      vertex   2.771955e+01 -2.249704e+01 -3.900000e+00
    endloop
  endfacet
  facet normal 7.552912e-01 -6.553893e-01 0.000000e+00
    outer loop
      vertex   2.771955e+01 -2.249704e+01 -3.900000e+00
      vertex   2.617902e+01 -2.427239e+01 -4.900000e+00
      vertex   2.771955e+01 -2.249704e+01 -4.900000e+00
    endloop
  endfacet
  facet normal 7.967827e-01 -6.042659e-01 0.000000e+00
    outer loop
      vertex   2.771955e+01 -2.249704e+01 -3.900000e+00
      vertex   2.771955e+01 -2.249704e+01 -4.900000e+00
      vertex   2.913990e+01 -2.062416e+01 -3.900000e+00
    endloop
  endfacet
  facet normal 7.967827e-01 -6.042659e-01 0.000000e+00
    outer loop
      vertex   2.913990e+01 -2.062416e+01 -3.900000e+00
      vertex   2.771955e+01 -2.249704e+01 -4.900000e+00
      vertex   2.913990e+01 -2.062416e+01 -4.900000e+00
    endloop
  endfacet
  facet normal 8.348200e-01 -5.505229e-01 0.000000e+00
    outer loop
      vertex   2.913990e+01 -2.062416e+01 -3.900000e+00
      vertex   2.913990e+01 -2.062416e+01 -4.900000e+00
      vertex   3.043394e+01 -1.866187e+01 -3.900000e+00
    endloop
  endfacet
  facet normal 8.348200e-01 -5.505229e-01 0.000000e+00
    outer loop
      vertex   3.043394e+01 -1.866187e+01 -3.900000e+00
      vertex   2.913990e+01 -2.062416e+01 -4.900000e+00
      vertex   3.043394e+01 -1.866187e+01 -4.900000e+00
    endloop
  endfacet
  facet normal 8.692383e-01 -4.943934e-01 0.000000e+00
    outer loop
      vertex   3.043394e+01 -1.866187e+01 -3.900000e+00
      vertex   3.043394e+01 -1.866187e+01 -4.900000e+00
      vertex   3.159604e+01 -1.661868e+01 -3.900000e+00
    endloop
  endfacet
  facet normal 8.692383e-01 -4.943934e-01 0.000000e+00
    outer loop
      vertex   3.159604e+01 -1.661868e+01 -3.900000e+00
      vertex   3.043394e+01 -1.866187e+01 -4.900000e+00
      vertex   3.159604e+01 -1.661868e+01 -4.900000e+00
    endloop
  endfacet
  facet normal 8.998883e-01 -4.361205e-01 0.000000e+00
    outer loop
      vertex   3.159604e+01 -1.661868e+01 -3.900000e+00
      vertex   3.159604e+01 -1.661868e+01 -4.900000e+00
      vertex   3.262116e+01 -1.450345e+01 -3.900000e+00
    endloop
  endfacet
  facet normal 8.998883e-01 -4.361205e-01 0.000000e+00
    outer loop
      vertex   3.262116e+01 -1.450345e+01 -3.900000e+00
      vertex   3.159604e+01 -1.661868e+01 -4.900000e+00
      vertex   3.262116e+01 -1.450345e+01 -4.900000e+00
    endloop
  endfacet
  facet normal 9.266371e-01 -3.759570e-01 0.000000e+00
    outer loop
      vertex   3.262116e+01 -1.450345e+01 -3.900000e+00
      vertex   3.262116e+01 -1.450345e+01 -4.900000e+00
      vertex   3.350487e+01 -1.232534e+01 -3.900000e+00
    endloop
  endfacet
  facet normal 9.266371e-01 -3.759570e-01 0.000000e+00
    outer loop
      vertex   3.350487e+01 -1.232534e+01 -3.900000e+00
      vertex   3.262116e+01 -1.450345e+01 -4.900000e+00
      vertex   3.350487e+01 -1.232534e+01 -4.900000e+00
    endloop
  endfacet
  facet normal 9.493688e-01 -3.141637e-01 0.000000e+00
    outer loop
      vertex   3.350487e+01 -1.232534e+01 -3.900000e+00
      vertex   3.350487e+01 -1.232534e+01 -4.900000e+00
      vertex   3.424333e+01 -1.009379e+01 -3.900000e+00
    endloop
  endfacet
  facet normal 9.493688e-01 -3.141637e-01 0.000000e+00
    outer loop
      vertex   3.424333e+01 -1.009379e+01 -3.900000e+00
      vertex   3.350487e+01 -1.232534e+01 -4.900000e+00
      vertex   3.424333e+01 -1.009379e+01 -4.900000e+00
    endloop
  endfacet
  facet normal 9.679849e-01 -2.510084e-01 0.000000e+00
    outer loop
      vertex   3.424333e+01 -1.009379e+01 -3.900000e+00
      vertex   3.424333e+01 -1.009379e+01 -4.900000e+00
      vertex   3.483333e+01 -7.818494e+00 -3.900000e+00
    endloop
  endfacet
  facet normal 9.679849e-01 -2.510084e-01 0.000000e+00
    outer loop
      vertex   3.483333e+01 -7.818494e+00 -3.900000e+00
      vertex   3.424333e+01 -1.009379e+01 -4.900000e+00
      vertex   3.483333e+01 -7.818494e+00 -4.900000e+00
    endloop
  endfacet
  facet normal 9.824046e-01 -1.867650e-01 0.000000e+00
    outer loop
      vertex   3.483333e+01 -7.818494e+00 -3.900000e+00
      vertex   3.483333e+01 -7.818494e+00 -4.900000e+00
      vertex   3.527233e+01 -5.509300e+00 -3.900000e+00
    endloop
  endfacet
  facet normal 9.824046e-01 -1.867650e-01 0.000000e+00
    outer loop
      vertex   3.527233e+01 -5.509300e+00 -3.900000e+00
      vertex   3.483333e+01 -7.818494e+00 -4.900000e+00
      vertex   3.527233e+01 -5.509300e+00 -4.900000e+00
    endloop
  endfacet
  facet normal 9.925655e-01 -1.217119e-01 0.000000e+00
    outer loop
      vertex   3.527233e+01 -5.509300e+00 -3.900000e+00
      vertex   3.527233e+01 -5.509300e+00 -4.900000e+00
      vertex   3.555843e+01 -3.176222e+00 -3.900000e+00
    endloop
  endfacet
  facet normal 9.925655e-01 -1.217119e-01 0.000000e+00
    outer loop
      vertex   3.555843e+01 -3.176222e+00 -3.900000e+00
      vertex   3.527233e+01 -5.509300e+00 -4.900000e+00
      vertex   3.555843e+01 -3.176222e+00 -4.900000e+00
    endloop
  endfacet
  facet normal 9.984234e-01 -5.613123e-02 0.000000e+00
    outer loop
      vertex   3.555843e+01 -3.176222e+00 -3.900000e+00
      vertex   3.555843e+01 -3.176222e+00 -4.900000e+00
      vertex   3.569036e+01 -8.293750e-01 -3.900000e+00
    endloop
  endfacet
  facet normal 9.984234e-01 -5.613123e-02 0.000000e+00
    outer loop
      vertex   3.569036e+01 -8.293750e-01 -3.900000e+00
      vertex   3.555843e+01 -3.176222e+00 -4.900000e+00
      vertex   3.569036e+01 -8.293750e-01 -4.900000e+00
    endloop
  endfacet
  facet normal 9.999530e-01 9.692824e-03 0.000000e+00
    outer loop
      vertex   3.569036e+01 -8.293750e-01 -3.900000e+00
      vertex   3.569036e+01 -8.293750e-01 -4.900000e+00
      vertex   3.566758e+01 1.521068e+00 -3.900000e+00
    endloop
  endfacet
  facet normal 9.999530e-01 9.692824e-03 0.000000e+00
    outer loop
      vertex   3.566758e+01 1.521068e+00 -3.900000e+00
      vertex   3.569036e+01 -8.293750e-01 -4.900000e+00
      vertex   3.566758e+01 1.521068e+00 -4.900000e+00
    endloop
  endfacet
  facet normal 9.971477e-01 7.547486e-02 0.000000e+00
    outer loop
      vertex   3.566758e+01 1.521068e+00 -3.900000e+00
      vertex   3.566758e+01 1.521068e+00 -4.900000e+00
      vertex   3.549017e+01 3.864916e+00 -3.900000e+00
    endloop
  endfacet
  facet normal 9.971477e-01 7.547486e-02 0.000000e+00
    outer loop
      vertex   3.549017e+01 3.864916e+00 -3.900000e+00
      vertex   3.566758e+01 1.521068e+00 -4.900000e+00
      vertex   3.549017e+01 3.864916e+00 -4.900000e+00
    endloop
  endfacet
  facet normal 9.900196e-01 1.409297e-01 0.000000e+00
    outer loop
      vertex   3.549017e+01 3.864916e+00 -3.900000e+00
      vertex   3.549017e+01 3.864916e+00 -4.900000e+00
      vertex   3.515891e+01 6.192010e+00 -3.900000e+00
    endloop
  endfacet
  facet normal 9.900196e-01 1.409297e-01 0.000000e+00
    outer loop
      vertex   3.515891e+01 6.192010e+00 -3.900000e+00
      vertex   3.549017e+01 3.864916e+00 -4.900000e+00
      vertex   3.515891e+01 6.192010e+00 -4.900000e+00
    endloop
  endfacet
  facet normal 9.785996e-01 2.057736e-01 0.000000e+00
    outer loop
      vertex   3.515891e+01 6.192010e+00 -3.900000e+00
      vertex   3.515891e+01 6.192010e+00 -4.900000e+00
      vertex   3.467523e+01 8.492260e+00 -3.900000e+00
    endloop
  endfacet
  facet normal 9.785996e-01 2.057736e-01 0.000000e+00
    outer loop
      vertex   3.467523e+01 8.492260e+00 -3.900000e+00
      vertex   3.515891e+01 6.192010e+00 -4.900000e+00
      vertex   3.467523e+01 8.492260e+00 -4.900000e+00
    endloop
  endfacet
  facet normal 9.629373e-01 2.697254e-01 0.000000e+00
    outer loop
      vertex   3.467523e+01 8.492260e+00 -3.900000e+00
      vertex   3.467523e+01 8.492260e+00 -4.900000e+00
      vertex   3.404123e+01 1.075570e+01 -3.900000e+00
    endloop
  endfacet
  facet normal 9.629373e-01 2.697254e-01 0.000000e+00
    outer loop
      vertex   3.404123e+01 1.075570e+01 -3.900000e+00
      vertex   3.467523e+01 8.492260e+00 -4.900000e+00
      vertex   3.404123e+01 1.075570e+01 -4.900000e+00
    endloop
  endfacet
  facet normal 9.431005e-01 3.325079e-01 0.000000e+00
    outer loop
      vertex   3.404123e+01 1.075570e+01 -3.900000e+00
      vertex   3.404123e+01 1.075570e+01 -4.900000e+00
      vertex   3.325965e+01 1.297250e+01 -3.900000e+00
    endloop
  endfacet
  facet normal 9.431005e-01 3.325079e-01 0.000000e+00
    outer loop
      vertex   3.325965e+01 1.297250e+01 -3.900000e+00
      vertex   3.404123e+01 1.075570e+01 -4.900000e+00
      vertex   3.325965e+01 1.297250e+01 -4.900000e+00
    endloop
  endfacet
  facet normal 9.191752e-01 3.938490e-01 0.000000e+00
    outer loop
      vertex   3.325965e+01 1.297250e+01 -3.900000e+00
      vertex   3.325965e+01 1.297250e+01 -4.900000e+00
      vertex   3.233388e+01 1.513307e+01 -3.900000e+00
    endloop
  endfacet
  facet normal 9.191752e-01 3.938490e-01 0.000000e+00
    outer loop
      vertex   3.233388e+01 1.513307e+01 -3.900000e+00
      vertex   3.325965e+01 1.297250e+01 -4.900000e+00
      vertex   3.233388e+01 1.513307e+01 -4.900000e+00
    endloop
  endfacet
  facet normal 8.912651e-01 4.534827e-01 0.000000e+00
    outer loop
      vertex   3.233388e+01 1.513307e+01 -3.900000e+00
      vertex   3.233388e+01 1.513307e+01 -4.900000e+00
      vertex   3.126795e+01 1.722804e+01 -3.900000e+00
    endloop
  endfacet
  facet normal 8.912651e-01 4.534827e-01 0.000000e+00
    outer loop
      vertex   3.126795e+01 1.722804e+01 -3.900000e+00
      vertex   3.233388e+01 1.513307e+01 -4.900000e+00
      vertex   3.126795e+01 1.722804e+01 -4.900000e+00
    endloop
  endfacet
  facet normal 8.594913e-01 5.111504e-01 0.000000e+00
    outer loop
      vertex   3.126795e+01 1.722804e+01 -3.900000e+00
      vertex   3.126795e+01 1.722804e+01 -4.900000e+00
      vertex   3.006646e+01 1.924832e+01 -3.900000e+00
    endloop
  endfacet
  facet normal 8.594913e-01 5.111504e-01 0.000000e+00
    outer loop
      vertex   3.006646e+01 1.924832e+01 -3.900000e+00
      vertex   3.126795e+01 1.722804e+01 -4.900000e+00
      vertex   3.006646e+01 1.924832e+01 -4.900000e+00
    endloop
  endfacet
  facet normal 8.239914e-01 5.666023e-01 0.000000e+00
    outer loop
      vertex   3.006646e+01 1.924832e+01 -3.900000e+00
      vertex   3.006646e+01 1.924832e+01 -4.900000e+00
      vertex   2.873463e+01 2.118515e+01 -3.900000e+00
    endloop
  endfacet
  facet normal 8.239914e-01 5.666023e-01 0.000000e+00
    outer loop
      vertex   2.873463e+01 2.118515e+01 -3.900000e+00
      vertex   3.006646e+01 1.924832e+01 -4.900000e+00
      vertex   2.873463e+01 2.118515e+01 -4.900000e+00
    endloop
  endfacet
  facet normal 7.849195e-01 6.195978e-01 0.000000e+00
    outer loop
      vertex   2.873463e+01 2.118515e+01 -3.900000e+00
      vertex   2.873463e+01 2.118515e+01 -4.900000e+00
      vertex   2.727824e+01 2.303015e+01 -3.900000e+00
    endloop
  endfacet
  facet normal 7.849195e-01 6.195978e-01 0.000000e+00
    outer loop
      vertex   2.727824e+01 2.303015e+01 -3.900000e+00
      vertex   2.873463e+01 2.118515e+01 -4.900000e+00
      vertex   2.727824e+01 2.303015e+01 -4.900000e+00
    endloop
  endfacet
  facet normal 7.424448e-01 6.699073e-01 0.000000e+00
    outer loop
      vertex   2.727824e+01 2.303015e+01 -3.900000e+00
      vertex   2.727824e+01 2.303015e+01 -4.900000e+00
      vertex   2.570358e+01 2.477530e+01 -3.900000e+00
    endloop
  endfacet
  facet normal 7.424448e-01 6.699073e-01 0.000000e+00
    outer loop
      vertex   2.570358e+01 2.477530e+01 -3.900000e+00
      vertex   2.727824e+01 2.303015e+01 -4.900000e+00
      vertex   2.570358e+01 2.477530e+01 -4.900000e+00
    endloop
  endfacet
  facet normal 6.967515e-01 7.173126e-01 0.000000e+00
    outer loop
      vertex   2.570358e+01 2.477530e+01 -3.900000e+00
      vertex   2.570358e+01 2.477530e+01 -4.900000e+00
      vertex   2.401750e+01 2.641306e+01 -3.900000e+00
    endloop
  endfacet
  facet normal 6.967515e-01 7.173126e-01 0.000000e+00
    outer loop
      vertex   2.401750e+01 2.641306e+01 -3.900000e+00
      vertex   2.570358e+01 2.477530e+01 -4.900000e+00
      vertex   2.401750e+01 2.641306e+01 -4.900000e+00
    endloop
  endfacet
  facet normal 6.480376e-01 7.616083e-01 0.000000e+00
    outer loop
      vertex   2.401750e+01 2.641306e+01 -3.900000e+00
      vertex   2.401750e+01 2.641306e+01 -4.900000e+00
      vertex   2.222730e+01 2.793630e+01 -3.900000e+00
    endloop
  endfacet
  facet normal 6.480376e-01 7.616083e-01 0.000000e+00
    outer loop
      vertex   2.222730e+01 2.793630e+01 -3.900000e+00
      vertex   2.401750e+01 2.641306e+01 -4.900000e+00
      vertex   2.222730e+01 2.793630e+01 -4.900000e+00
    endloop
  endfacet
  facet normal 5.965145e-01 8.026023e-01 0.000000e+00
    outer loop
      vertex   2.222730e+01 2.793630e+01 -3.900000e+00
      vertex   2.222730e+01 2.793630e+01 -4.900000e+00
      vertex   2.034074e+01 2.933844e+01 -3.900000e+00
    endloop
  endfacet
  facet normal 5.965145e-01 8.026023e-01 0.000000e+00
    outer loop
      vertex   2.034074e+01 2.933844e+01 -3.900000e+00
      vertex   2.222730e+01 2.793630e+01 -4.900000e+00
      vertex   2.034074e+01 2.933844e+01 -4.900000e+00
    endloop
  endfacet
  facet normal 5.424053e-01 8.401169e-01 0.000000e+00
    outer loop
      vertex   2.034074e+01 2.933844e+01 -3.900000e+00
      vertex   2.034074e+01 2.933844e+01 -4.900000e+00
      vertex   1.836600e+01 3.061339e+01 -3.900000e+00
    endloop
  endfacet
  facet normal 5.424053e-01 8.401169e-01 0.000000e+00
    outer loop
      vertex   1.836600e+01 3.061339e+01 -3.900000e+00
      vertex   2.034074e+01 2.933844e+01 -4.900000e+00
      vertex   1.836600e+01 3.061339e+01 -4.900000e+00
    endloop
  endfacet
  facet normal 4.859448e-01 8.739895e-01 0.000000e+00
    outer loop
      vertex   1.836600e+01 3.061339e+01 -3.900000e+00
      vertex   1.836600e+01 3.061339e+01 -4.900000e+00
      vertex   1.631165e+01 3.175563e+01 -3.900000e+00
    endloop
  endfacet
  facet normal 4.859448e-01 8.739895e-01 0.000000e+00
    outer loop
      vertex   1.631165e+01 3.175563e+01 -3.900000e+00
      vertex   1.836600e+01 3.061339e+01 -4.900000e+00
      vertex   1.631165e+01 3.175563e+01 -4.900000e+00
    endloop
  endfacet
  facet normal 4.273776e-01 9.040732e-01 0.000000e+00
    outer loop
      vertex   1.631165e+01 3.175563e+01 -3.900000e+00
      vertex   1.631165e+01 3.175563e+01 -4.900000e+00
      vertex   1.418657e+01 3.276021e+01 -3.900000e+00
    endloop
  endfacet
  facet normal 4.273776e-01 9.040732e-01 0.000000e+00
    outer loop
      vertex   1.418657e+01 3.276021e+01 -3.900000e+00
      vertex   1.631165e+01 3.175563e+01 -4.900000e+00
      vertex   1.418657e+01 3.276021e+01 -4.900000e+00
    endloop
  endfacet
  facet normal 3.669576e-01 9.302377e-01 0.000000e+00
    outer loop
      vertex   1.418657e+01 3.276021e+01 -3.900000e+00
      vertex   1.418657e+01 3.276021e+01 -4.900000e+00
      vertex   1.200000e+01 3.362276e+01 -3.900000e+00
    endloop
  endfacet
  facet normal 3.669576e-01 9.302377e-01 0.000000e+00
    outer loop
      vertex   1.200000e+01 3.362276e+01 -3.900000e+00
      vertex   1.418657e+01 3.276021e+01 -4.900000e+00
      vertex   1.200000e+01 3.362276e+01 -4.900000e+00
    endloop
  endfacet
  facet normal 3.270817e-01 -9.449961e-01 0.000000e+00
    outer loop
      vertex   -1.200000e+01 3.847194e+01 -4.900000e+00
      vertex   -1.200000e+01 3.847194e+01 -3.900000e+00
      vertex   -1.435023e+01 3.765848e+01 -4.900000e+00
    endloop
  endfacet
  facet normal 3.270817e-01 -9.449961e-01 0.000000e+00
    outer loop
      vertex   -1.435023e+01 3.765848e+01 -4.900000e+00
      vertex   -1.200000e+01 3.847194e+01 -3.900000e+00
      vertex   -1.435023e+01 3.765848e+01 -3.900000e+00
    endloop
  endfacet
  facet normal 3.847494e-01 -9.230211e-01 0.000000e+00
    outer loop
      vertex   -1.435023e+01 3.765848e+01 -4.900000e+00
      vertex   -1.435023e+01 3.765848e+01 -3.900000e+00
      vertex   -1.664581e+01 3.670159e+01 -4.900000e+00
    endloop
  endfacet
  facet normal 3.847494e-01 -9.230211e-01 0.000000e+00
    outer loop
      vertex   -1.664581e+01 3.670159e+01 -4.900000e+00
      vertex   -1.435023e+01 3.765848e+01 -3.900000e+00
      vertex   -1.664581e+01 3.670159e+01 -3.900000e+00
    endloop
  endfacet
  facet normal 4.409519e-01 -8.975307e-01 0.000000e+00
    outer loop
      vertex   -1.664581e+01 3.670159e+01 -4.900000e+00
      vertex   -1.664581e+01 3.670159e+01 -3.900000e+00
      vertex   -1.887799e+01 3.560494e+01 -4.900000e+00
    endloop
  endfacet
  facet normal 4.409519e-01 -8.975307e-01 0.000000e+00
    outer loop
      vertex   -1.887799e+01 3.560494e+01 -4.900000e+00
      vertex   -1.664581e+01 3.670159e+01 -3.900000e+00
      vertex   -1.887799e+01 3.560494e+01 -3.900000e+00
    endloop
  endfacet
  facet normal 4.954750e-01 -8.686222e-01 0.000000e+00
    outer loop
      vertex   -1.887799e+01 3.560494e+01 -4.900000e+00
      vertex   -1.887799e+01 3.560494e+01 -3.900000e+00
      vertex   -2.103828e+01 3.437268e+01 -4.900000e+00
    endloop
  endfacet
  facet normal 4.954750e-01 -8.686222e-01 0.000000e+00
    outer loop
      vertex   -2.103828e+01 3.437268e+01 -4.900000e+00
      vertex   -1.887799e+01 3.560494e+01 -3.900000e+00
      vertex   -2.103828e+01 3.437268e+01 -3.900000e+00
    endloop
  endfacet
  facet normal 5.481111e-01 -8.364055e-01 0.000000e+00
    outer loop
      vertex   -2.103828e+01 3.437268e+01 -4.900000e+00
      vertex   -2.103828e+01 3.437268e+01 -3.900000e+00
      vertex   -2.311844e+01 3.300951e+01 -4.900000e+00
    endloop
  endfacet
  facet normal 5.481111e-01 -8.364055e-01 0.000000e+00
    outer loop
      vertex   -2.311844e+01 3.300951e+01 -4.900000e+00
      vertex   -2.103828e+01 3.437268e+01 -3.900000e+00
      vertex   -2.311844e+01 3.300951e+01 -3.900000e+00
    endloop
  endfacet
  facet normal 5.986597e-01 -8.010035e-01 0.000000e+00
    outer loop
      vertex   -2.311844e+01 3.300951e+01 -4.900000e+00
      vertex   -2.311844e+01 3.300951e+01 -3.900000e+00
      vertex   -2.511056e+01 3.152063e+01 -4.900000e+00
    endloop
  endfacet
  facet normal 5.986597e-01 -8.010035e-01 0.000000e+00
    outer loop
      vertex   -2.511056e+01 3.152063e+01 -4.900000e+00
      vertex   -2.311844e+01 3.300951e+01 -3.900000e+00
      vertex   -2.511056e+01 3.152063e+01 -3.900000e+00
    endloop
  endfacet
  facet normal 6.469284e-01 -7.625508e-01 0.000000e+00
    outer loop
      vertex   -2.511056e+01 3.152063e+01 -4.900000e+00
      vertex   -2.511056e+01 3.152063e+01 -3.900000e+00
      vertex   -2.700704e+01 2.991170e+01 -4.900000e+00
    endloop
  endfacet
  facet normal 6.469284e-01 -7.625508e-01 0.000000e+00
    outer loop
      vertex   -2.700704e+01 2.991170e+01 -4.900000e+00
      vertex   -2.511056e+01 3.152063e+01 -3.900000e+00
      vertex   -2.700704e+01 2.991170e+01 -3.900000e+00
    endloop
  endfacet
  facet normal 6.927332e-01 -7.211939e-01 0.000000e+00
    outer loop
      vertex   -2.700704e+01 2.991170e+01 -4.900000e+00
      vertex   -2.700704e+01 2.991170e+01 -3.900000e+00
      vertex   -2.880067e+01 2.818885e+01 -4.900000e+00
    endloop
  endfacet
  facet normal 6.927332e-01 -7.211939e-01 0.000000e+00
    outer loop
      vertex   -2.880067e+01 2.818885e+01 -4.900000e+00
      vertex   -2.700704e+01 2.991170e+01 -3.900000e+00
      vertex   -2.880067e+01 2.818885e+01 -3.900000e+00
    endloop
  endfacet
  facet normal 7.358998e-01 -6.770905e-01 0.000000e+00
    outer loop
      vertex   -2.880067e+01 2.818885e+01 -4.900000e+00
      vertex   -2.880067e+01 2.818885e+01 -3.900000e+00
      vertex   -3.048461e+01 2.635865e+01 -4.900000e+00
    endloop
  endfacet
  facet normal 7.358998e-01 -6.770905e-01 0.000000e+00
    outer loop
      vertex   -3.048461e+01 2.635865e+01 -4.900000e+00
      vertex   -2.880067e+01 2.818885e+01 -3.900000e+00
      vertex   -3.048461e+01 2.635865e+01 -3.900000e+00
    endloop
  endfacet
  facet normal 7.762637e-01 -6.304083e-01 0.000000e+00
    outer loop
      vertex   -3.048461e+01 2.635865e+01 -4.900000e+00
      vertex   -3.048461e+01 2.635865e+01 -3.900000e+00
      vertex   -3.205245e+01 2.442806e+01 -4.900000e+00
    endloop
  endfacet
  facet normal 7.762637e-01 -6.304083e-01 0.000000e+00
    outer loop
      vertex   -3.205245e+01 2.442806e+01 -4.900000e+00
      vertex   -3.048461e+01 2.635865e+01 -3.900000e+00
      vertex   -3.205245e+01 2.442806e+01 -3.900000e+00
    endloop
  endfacet
  facet normal 8.136713e-01 -5.813252e-01 0.000000e+00
    outer loop
      vertex   -3.205245e+01 2.442806e+01 -4.900000e+00
      vertex   -3.205245e+01 2.442806e+01 -3.900000e+00
      vertex   -3.349822e+01 2.240444e+01 -4.900000e+00
    endloop
  endfacet
  facet normal 8.136713e-01 -5.813252e-01 0.000000e+00
    outer loop
      vertex   -3.349822e+01 2.240444e+01 -4.900000e+00
      vertex   -3.205245e+01 2.442806e+01 -3.900000e+00
      vertex   -3.349822e+01 2.240444e+01 -3.900000e+00
    endloop
  endfacet
  facet normal 8.479800e-01 -5.300282e-01 0.000000e+00
    outer loop
      vertex   -3.349822e+01 2.240444e+01 -4.900000e+00
      vertex   -3.349822e+01 2.240444e+01 -3.900000e+00
      vertex   -3.481642e+01 2.029549e+01 -4.900000e+00
    endloop
  endfacet
  facet normal 8.479800e-01 -5.300282e-01 0.000000e+00
    outer loop
      vertex   -3.481642e+01 2.029549e+01 -4.900000e+00
      vertex   -3.349822e+01 2.240444e+01 -3.900000e+00
      vertex   -3.481642e+01 2.029549e+01 -3.900000e+00
    endloop
  endfacet
  facet normal 8.790592e-01 -4.767126e-01 0.000000e+00
    outer loop
      vertex   -3.481642e+01 2.029549e+01 -4.900000e+00
      vertex   -3.481642e+01 2.029549e+01 -3.900000e+00
      vertex   -3.600202e+01 1.810925e+01 -4.900000e+00
    endloop
  endfacet
  facet normal 8.790592e-01 -4.767126e-01 0.000000e+00
    outer loop
      vertex   -3.600202e+01 1.810925e+01 -4.900000e+00
      vertex   -3.481642e+01 2.029549e+01 -3.900000e+00
      vertex   -3.600202e+01 1.810925e+01 -3.900000e+00
    endloop
  endfacet
  facet normal 9.067905e-01 -4.215814e-01 0.000000e+00
    outer loop
      vertex   -3.600202e+01 1.810925e+01 -4.900000e+00
      vertex   -3.600202e+01 1.810925e+01 -3.900000e+00
      vertex   -3.705050e+01 1.585404e+01 -4.900000e+00
    endloop
  endfacet
  facet normal 9.067905e-01 -4.215814e-01 0.000000e+00
    outer loop
      vertex   -3.705050e+01 1.585404e+01 -4.900000e+00
      vertex   -3.600202e+01 1.810925e+01 -3.900000e+00
      vertex   -3.705050e+01 1.585404e+01 -3.900000e+00
    endloop
  endfacet
  facet normal 9.310684e-01 -3.648447e-01 0.000000e+00
    outer loop
      vertex   -3.705050e+01 1.585404e+01 -4.900000e+00
      vertex   -3.705050e+01 1.585404e+01 -3.900000e+00
      vertex   -3.795788e+01 1.353844e+01 -4.900000e+00
    endloop
  endfacet
  facet normal 9.310684e-01 -3.648447e-01 0.000000e+00
    outer loop
      vertex   -3.795788e+01 1.353844e+01 -4.900000e+00
      vertex   -3.705050e+01 1.585404e+01 -3.900000e+00
      vertex   -3.795788e+01 1.353844e+01 -3.900000e+00
    endloop
  endfacet
  facet normal 9.518003e-01 -3.067185e-01 0.000000e+00
    outer loop
      vertex   -3.795788e+01 1.353844e+01 -4.900000e+00
      vertex   -3.795788e+01 1.353844e+01 -3.900000e+00
      vertex   -3.872070e+01 1.117129e+01 -4.900000e+00
    endloop
  endfacet
  facet normal 9.518003e-01 -3.067185e-01 0.000000e+00
    outer loop
      vertex   -3.872070e+01 1.117129e+01 -4.900000e+00
      vertex   -3.795788e+01 1.353844e+01 -3.900000e+00
      vertex   -3.872070e+01 1.117129e+01 -3.900000e+00
    endloop
  endfacet
  facet normal 9.689073e-01 -2.474241e-01 0.000000e+00
    outer loop
      vertex   -3.872070e+01 1.117129e+01 -4.900000e+00
      vertex   -3.872070e+01 1.117129e+01 -3.900000e+00
      vertex   -3.933605e+01 8.761594e+00 -4.900000e+00
    endloop
  endfacet
  facet normal 9.689073e-01 -2.474241e-01 0.000000e+00
    outer loop
      vertex   -3.933605e+01 8.761594e+00 -4.900000e+00
      vertex   -3.872070e+01 1.117129e+01 -3.900000e+00
      vertex   -3.933605e+01 8.761594e+00 -3.900000e+00
    endloop
  endfacet
  facet normal 9.823242e-01 -1.871874e-01 0.000000e+00
    outer loop
      vertex   -3.933605e+01 8.761594e+00 -4.900000e+00
      vertex   -3.933605e+01 8.761594e+00 -3.900000e+00
      vertex   -3.980159e+01 6.318527e+00 -4.900000e+00
    endloop
  endfacet
  facet normal 9.823242e-01 -1.871874e-01 0.000000e+00
    outer loop
      vertex   -3.980159e+01 6.318527e+00 -4.900000e+00
      vertex   -3.933605e+01 8.761594e+00 -3.900000e+00
      vertex   -3.980159e+01 6.318527e+00 -3.900000e+00
    endloop
  endfacet
  facet normal 9.920000e-01 -1.262378e-01 0.000000e+00
    outer loop
      vertex   -3.980159e+01 6.318527e+00 -4.900000e+00
      vertex   -3.980159e+01 6.318527e+00 -3.900000e+00
      vertex   -4.011554e+01 3.851397e+00 -4.900000e+00
    endloop
  endfacet
  facet normal 9.920000e-01 -1.262378e-01 0.000000e+00
    outer loop
      vertex   -4.011554e+01 3.851397e+00 -4.900000e+00
      vertex   -3.980159e+01 6.318527e+00 -3.900000e+00
      vertex   -4.011554e+01 3.851397e+00 -3.900000e+00
    endloop
  endfacet
  facet normal 9.978978e-01 -6.480748e-02 0.000000e+00
    outer loop
      vertex   -4.011554e+01 3.851397e+00 -4.900000e+00
      vertex   -4.011554e+01 3.851397e+00 -3.900000e+00
      vertex   -4.027672e+01 1.369599e+00 -4.900000e+00
    endloop
  endfacet
  facet normal 9.978978e-01 -6.480748e-02 0.000000e+00
    outer loop
      vertex   -4.027672e+01 1.369599e+00 -4.900000e+00
      vertex   -4.011554e+01 3.851397e+00 -3.900000e+00
      vertex   -4.027672e+01 1.369599e+00 -3.900000e+00
    endloop
  endfacet
  facet normal 9.999951e-01 -3.130314e-03 0.000000e+00
    outer loop
      vertex   -4.027672e+01 1.369599e+00 -4.900000e+00
      vertex   -4.027672e+01 1.369599e+00 -3.900000e+00
      vertex   -4.028451e+01 -1.117416e+00 -4.900000e+00
    endloop
  endfacet
  facet normal 9.999951e-01 -3.130314e-03 0.000000e+00
    outer loop
      vertex   -4.028451e+01 -1.117416e+00 -4.900000e+00
      vertex   -4.027672e+01 1.369599e+00 -3.900000e+00
      vertex   -4.028451e+01 -1.117416e+00 -3.900000e+00
    endloop
  endfacet
  facet normal 9.982840e-01 5.855878e-02 -0.000000e+00
    outer loop
      vertex   -4.028451e+01 -1.117416e+00 -4.900000e+00
      vertex   -4.028451e+01 -1.117416e+00 -3.900000e+00
      vertex   -4.013887e+01 -3.600174e+00 -4.900000e+00
    endloop
  endfacet
  facet normal 9.982840e-01 5.855878e-02 -0.000000e+00
    outer loop
      vertex   -4.013887e+01 -3.600174e+00 -4.900000e+00
      vertex   -4.028451e+01 -1.117416e+00 -3.900000e+00
      vertex   -4.013887e+01 -3.600174e+00 -3.900000e+00
    endloop
  endfacet
  facet normal 9.927709e-01 1.200248e-01 -0.000000e+00
    outer loop
      vertex   -4.013887e+01 -3.600174e+00 -4.900000e+00
      vertex   -4.013887e+01 -3.600174e+00 -3.900000e+00
      vertex   -3.984036e+01 -6.069222e+00 -4.900000e+00
    endloop
  endfacet
  facet normal 9.927709e-01 1.200248e-01 -0.000000e+00
    outer loop
      vertex   -3.984036e+01 -6.069222e+00 -4.900000e+00
      vertex   -4.013887e+01 -3.600174e+00 -3.900000e+00
      vertex   -3.984036e+01 -6.069222e+00 -3.900000e+00
    endloop
  endfacet
  facet normal 9.834769e-01 1.810338e-01 -0.000000e+00
    outer loop
      vertex   -3.984036e+01 -6.069222e+00 -4.900000e+00
      vertex   -3.984036e+01 -6.069222e+00 -3.900000e+00
      vertex   -3.939013e+01 -8.515155e+00 -4.900000e+00
    endloop
  endfacet
  facet normal 9.834769e-01 1.810338e-01 -0.000000e+00
    outer loop
      vertex   -3.939013e+01 -8.515155e+00 -4.900000e+00
      vertex   -3.984036e+01 -6.069222e+00 -3.900000e+00
      vertex   -3.939013e+01 -8.515155e+00 -3.900000e+00
    endloop
  endfacet
  facet normal 9.704373e-01 2.413533e-01 -0.000000e+00
    outer loop
      vertex   -3.939013e+01 -8.515155e+00 -4.900000e+00
      vertex   -3.939013e+01 -8.515155e+00 -3.900000e+00
      vertex   -3.878988e+01 -1.092866e+01 -4.900000e+00
    endloop
  endfacet
  facet normal 9.704373e-01 2.413533e-01 -0.000000e+00
    outer loop
      vertex   -3.878988e+01 -1.092866e+01 -4.900000e+00
      vertex   -3.939013e+01 -8.515155e+00 -3.900000e+00
      vertex   -3.878988e+01 -1.092866e+01 -3.900000e+00
    endloop
  endfacet
  facet normal 9.537019e-01 3.007536e-01 -0.000000e+00
    outer loop
      vertex   -3.878988e+01 -1.092866e+01 -4.900000e+00
      vertex   -3.878988e+01 -1.092866e+01 -3.900000e+00
      vertex   -3.804189e+01 -1.330054e+01 -4.900000e+00
    endloop
  endfacet
  facet normal 9.537019e-01 3.007536e-01 -0.000000e+00
    outer loop
      vertex   -3.804189e+01 -1.330054e+01 -4.900000e+00
      vertex   -3.878988e+01 -1.092866e+01 -3.900000e+00
      vertex   -3.804189e+01 -1.330054e+01 -3.900000e+00
    endloop
  endfacet
  facet normal 9.333343e-01 3.590085e-01 -0.000000e+00
    outer loop
      vertex   -3.804189e+01 -1.330054e+01 -4.900000e+00
      vertex   -3.804189e+01 -1.330054e+01 -3.900000e+00
      vertex   -3.714903e+01 -1.562177e+01 -4.900000e+00
    endloop
  endfacet
  facet normal 9.333343e-01 3.590085e-01 -0.000000e+00
    outer loop
      vertex   -3.714903e+01 -1.562177e+01 -4.900000e+00
      vertex   -3.804189e+01 -1.330054e+01 -3.900000e+00
      vertex   -3.714903e+01 -1.562177e+01 -3.900000e+00
    endloop
  endfacet
  facet normal 9.094121e-01 4.158961e-01 -0.000000e+00
    outer loop
      vertex   -3.714903e+01 -1.562177e+01 -4.900000e+00
      vertex   -3.714903e+01 -1.562177e+01 -3.900000e+00
      vertex   -3.611468e+01 -1.788350e+01 -4.900000e+00
    endloop
  endfacet
  facet normal 9.094121e-01 4.158961e-01 -0.000000e+00
    outer loop
      vertex   -3.611468e+01 -1.788350e+01 -4.900000e+00
      vertex   -3.714903e+01 -1.562177e+01 -3.900000e+00
      vertex   -3.611468e+01 -1.788350e+01 -3.900000e+00
    endloop
  endfacet
  facet normal 8.820265e-01 4.711998e-01 -0.000000e+00
    outer loop
      vertex   -3.611468e+01 -1.788350e+01 -4.900000e+00
      vertex   -3.611468e+01 -1.788350e+01 -3.900000e+00
      vertex   -3.494280e+01 -2.007712e+01 -4.900000e+00
    endloop
  endfacet
  facet normal 8.820265e-01 4.711998e-01 -0.000000e+00
    outer loop
      vertex   -3.494280e+01 -2.007712e+01 -4.900000e+00
      vertex   -3.611468e+01 -1.788350e+01 -3.900000e+00
      vertex   -3.494280e+01 -2.007712e+01 -3.900000e+00
    endloop
  endfacet
  facet normal 8.512817e-01 5.247090e-01 -0.000000e+00
    outer loop
      vertex   -3.494280e+01 -2.007712e+01 -4.900000e+00
      vertex   -3.494280e+01 -2.007712e+01 -3.900000e+00
      vertex   -3.363783e+01 -2.219428e+01 -4.900000e+00
    endloop
  endfacet
  facet normal 8.512817e-01 5.247090e-01 -0.000000e+00
    outer loop
      vertex   -3.363783e+01 -2.219428e+01 -4.900000e+00
      vertex   -3.494280e+01 -2.007712e+01 -3.900000e+00
      vertex   -3.363783e+01 -2.219428e+01 -3.900000e+00
    endloop
  endfacet
  facet normal 8.172948e-01 5.762198e-01 -0.000000e+00
    outer loop
      vertex   -3.363783e+01 -2.219428e+01 -4.900000e+00
      vertex   -3.363783e+01 -2.219428e+01 -3.900000e+00
      vertex   -3.220476e+01 -2.422692e+01 -4.900000e+00
    endloop
  endfacet
  facet normal 8.172948e-01 5.762198e-01 -0.000000e+00
    outer loop
      vertex   -3.220476e+01 -2.422692e+01 -4.900000e+00
      vertex   -3.363783e+01 -2.219428e+01 -3.900000e+00
      vertex   -3.220476e+01 -2.422692e+01 -3.900000e+00
    endloop
  endfacet
  facet normal 7.801953e-01 6.255361e-01 -0.000000e+00
    outer loop
      vertex   -3.220476e+01 -2.422692e+01 -4.900000e+00
      vertex   -3.220476e+01 -2.422692e+01 -3.900000e+00
      vertex   -3.064903e+01 -2.616728e+01 -4.900000e+00
    endloop
  endfacet
  facet normal 7.801953e-01 6.255361e-01 -0.000000e+00
    outer loop
      vertex   -3.064903e+01 -2.616728e+01 -4.900000e+00
      vertex   -3.220476e+01 -2.422692e+01 -3.900000e+00
      vertex   -3.064903e+01 -2.616728e+01 -3.900000e+00
    endloop
  endfacet
  facet normal 7.401244e-01 6.724700e-01 -0.000000e+00
    outer loop
      vertex   -3.064903e+01 -2.616728e+01 -4.900000e+00
      vertex   -3.064903e+01 -2.616728e+01 -3.900000e+00
      vertex   -2.897658e+01 -2.800799e+01 -4.900000e+00
    endloop
  endfacet
  facet normal 7.401244e-01 6.724700e-01 -0.000000e+00
    outer loop
      vertex   -2.897658e+01 -2.800799e+01 -4.900000e+00
      vertex   -3.064903e+01 -2.616728e+01 -3.900000e+00
      vertex   -2.897658e+01 -2.800799e+01 -3.900000e+00
    endloop
  endfacet
  facet normal 6.972347e-01 7.168429e-01 -0.000000e+00
    outer loop
      vertex   -2.897658e+01 -2.800799e+01 -4.900000e+00
      vertex   -2.897658e+01 -2.800799e+01 -3.900000e+00
      vertex   -2.719378e+01 -2.974203e+01 -4.900000e+00
    endloop
  endfacet
  facet normal 6.972347e-01 7.168429e-01 -0.000000e+00
    outer loop
      vertex   -2.719378e+01 -2.974203e+01 -4.900000e+00
      vertex   -2.897658e+01 -2.800799e+01 -3.900000e+00
      vertex   -2.719378e+01 -2.974203e+01 -3.900000e+00
    endloop
  endfacet
  facet normal 6.516897e-01 7.584857e-01 -0.000000e+00
    outer loop
      vertex   -2.719378e+01 -2.974203e+01 -4.900000e+00
      vertex   -2.719378e+01 -2.974203e+01 -3.900000e+00
      vertex   -2.530740e+01 -3.136280e+01 -4.900000e+00
    endloop
  endfacet
  facet normal 6.516897e-01 7.584857e-01 -0.000000e+00
    outer loop
      vertex   -2.530740e+01 -3.136280e+01 -4.900000e+00
      vertex   -2.719378e+01 -2.974203e+01 -3.900000e+00
      vertex   -2.530740e+01 -3.136280e+01 -3.900000e+00
    endloop
  endfacet
  facet normal 6.036627e-01 7.972398e-01 -0.000000e+00
    outer loop
      vertex   -2.530740e+01 -3.136280e+01 -4.900000e+00
      vertex   -2.530740e+01 -3.136280e+01 -3.900000e+00
      vertex   -2.332465e+01 -3.286413e+01 -4.900000e+00
    endloop
  endfacet
  facet normal 6.036627e-01 7.972398e-01 -0.000000e+00
    outer loop
      vertex   -2.332465e+01 -3.286413e+01 -4.900000e+00
      vertex   -2.530740e+01 -3.136280e+01 -3.900000e+00
      vertex   -2.332465e+01 -3.286413e+01 -3.900000e+00
    endloop
  endfacet
  facet normal 5.533367e-01 8.329577e-01 -0.000000e+00
    outer loop
      vertex   -2.332465e+01 -3.286413e+01 -4.900000e+00
      vertex   -2.332465e+01 -3.286413e+01 -3.900000e+00
      vertex   -2.125306e+01 -3.424029e+01 -4.900000e+00
    endloop
  endfacet
  facet normal 5.533367e-01 8.329577e-01 -0.000000e+00
    outer loop
      vertex   -2.125306e+01 -3.424029e+01 -4.900000e+00
      vertex   -2.332465e+01 -3.286413e+01 -3.900000e+00
      vertex   -2.125306e+01 -3.424029e+01 -3.900000e+00
    endloop
  endfacet
  facet normal 5.009034e-01 8.655032e-01 -0.000000e+00
    outer loop
      vertex   -2.125306e+01 -3.424029e+01 -4.900000e+00
      vertex   -2.125306e+01 -3.424029e+01 -3.900000e+00
      vertex   -1.910053e+01 -3.548605e+01 -4.900000e+00
    endloop
  endfacet
  facet normal 5.009034e-01 8.655032e-01 -0.000000e+00
    outer loop
      vertex   -1.910053e+01 -3.548605e+01 -4.900000e+00
      vertex   -2.125306e+01 -3.424029e+01 -3.900000e+00
      vertex   -1.910053e+01 -3.548605e+01 -3.900000e+00
    endloop
  endfacet
  facet normal 4.465623e-01 8.947525e-01 -0.000000e+00
    outer loop
      vertex   -1.910053e+01 -3.548605e+01 -4.900000e+00
      vertex   -1.910053e+01 -3.548605e+01 -3.900000e+00
      vertex   -1.687526e+01 -3.659666e+01 -4.900000e+00
    endloop
  endfacet
  facet normal 4.465623e-01 8.947525e-01 -0.000000e+00
    outer loop
      vertex   -1.687526e+01 -3.659666e+01 -4.900000e+00
      vertex   -1.910053e+01 -3.548605e+01 -3.900000e+00
      vertex   -1.687526e+01 -3.659666e+01 -3.900000e+00
    endloop
  endfacet
  facet normal 3.905206e-01 9.205942e-01 -0.000000e+00
    outer loop
      vertex   -1.687526e+01 -3.659666e+01 -4.900000e+00
      vertex   -1.687526e+01 -3.659666e+01 -3.900000e+00
      vertex   -1.458571e+01 -3.756790e+01 -4.900000e+00
    endloop
  endfacet
  facet normal 3.905206e-01 9.205942e-01 -0.000000e+00
    outer loop
      vertex   -1.458571e+01 -3.756790e+01 -4.900000e+00
      vertex   -1.687526e+01 -3.659666e+01 -3.900000e+00
      vertex   -1.458571e+01 -3.756790e+01 -3.900000e+00
    endloop
  endfacet
  facet normal 3.329915e-01 9.429298e-01 -0.000000e+00
    outer loop
      vertex   -1.458571e+01 -3.756790e+01 -4.900000e+00
      vertex   -1.458571e+01 -3.756790e+01 -3.900000e+00
      vertex   -1.224062e+01 -3.839606e+01 -4.900000e+00
    endloop
  endfacet
  facet normal 3.329915e-01 9.429298e-01 -0.000000e+00
    outer loop
      vertex   -1.224062e+01 -3.839606e+01 -4.900000e+00
      vertex   -1.458571e+01 -3.756790e+01 -3.900000e+00
      vertex   -1.224062e+01 -3.839606e+01 -3.900000e+00
    endloop
  endfacet
  facet normal 2.741943e-01 9.616743e-01 -0.000000e+00
    outer loop
      vertex   -1.224062e+01 -3.839606e+01 -4.900000e+00
      vertex   -1.224062e+01 -3.839606e+01 -3.900000e+00
      vertex   -9.848913e+00 -3.907799e+01 -4.900000e+00
    endloop
  endfacet
  facet normal 2.741943e-01 9.616743e-01 -0.000000e+00
    outer loop
      vertex   -9.848913e+00 -3.907799e+01 -4.900000e+00
      vertex   -1.224062e+01 -3.839606e+01 -3.900000e+00
      vertex   -9.848913e+00 -3.907799e+01 -3.900000e+00
    endloop
  endfacet
  facet normal 2.143528e-01 9.767563e-01 -0.000000e+00
    outer loop
      vertex   -9.848913e+00 -3.907799e+01 -4.900000e+00
      vertex   -9.848913e+00 -3.907799e+01 -3.900000e+00
      vertex   -7.419694e+00 -3.961109e+01 -4.900000e+00
    endloop
  endfacet
  facet normal 2.143528e-01 9.767563e-01 -0.000000e+00
    outer loop
      vertex   -7.419694e+00 -3.961109e+01 -4.900000e+00
      vertex   -9.848913e+00 -3.907799e+01 -3.900000e+00
      vertex   -7.419694e+00 -3.961109e+01 -3.900000e+00
    endloop
  endfacet
  facet normal 1.536949e-01 9.881184e-01 -0.000000e+00
    outer loop
      vertex   -7.419694e+00 -3.961109e+01 -4.900000e+00
      vertex   -7.419694e+00 -3.961109e+01 -3.900000e+00
      vertex   -4.962217e+00 -3.999333e+01 -4.900000e+00
    endloop
  endfacet
  facet normal 1.536949e-01 9.881184e-01 -0.000000e+00
    outer loop
      vertex   -4.962217e+00 -3.999333e+01 -4.900000e+00
      vertex   -7.419694e+00 -3.961109e+01 -3.900000e+00
      vertex   -4.962217e+00 -3.999333e+01 -3.900000e+00
    endloop
  endfacet
  facet normal 9.245171e-02 9.957172e-01 -0.000000e+00
    outer loop
      vertex   -4.962217e+00 -3.999333e+01 -4.900000e+00
      vertex   -4.962217e+00 -3.999333e+01 -3.900000e+00
      vertex   -2.485842e+00 -4.022326e+01 -4.900000e+00
    endloop
  endfacet
  facet normal 9.245171e-02 9.957172e-01 -0.000000e+00
    outer loop
      vertex   -2.485842e+00 -4.022326e+01 -4.900000e+00
      vertex   -4.962217e+00 -3.999333e+01 -3.900000e+00
      vertex   -2.485842e+00 -4.022326e+01 -3.900000e+00
    endloop
  endfacet
  facet normal 3.085641e-02 9.995238e-01 -0.000000e+00
    outer loop
      vertex   -2.485842e+00 -4.022326e+01 -4.900000e+00
      vertex   -2.485842e+00 -4.022326e+01 -3.900000e+00
      vertex   2.467663e-15 -4.030000e+01 -4.900000e+00
    endloop
  endfacet
  facet normal 3.085641e-02 9.995238e-01 -0.000000e+00
    outer loop
      vertex   2.467663e-15 -4.030000e+01 -4.900000e+00
      vertex   -2.485842e+00 -4.022326e+01 -3.900000e+00
      vertex   2.467663e-15 -4.030000e+01 -3.900000e+00
    endloop
  endfacet
  facet normal -3.085641e-02 9.995238e-01 0.000000e+00
    outer loop
      vertex   2.467663e-15 -4.030000e+01 -4.900000e+00
      vertex   2.467663e-15 -4.030000e+01 -3.900000e+00
      vertex   2.485842e+00 -4.022326e+01 -4.900000e+00
    endloop
  endfacet
  facet normal -3.085641e-02 9.995238e-01 0.000000e+00
    outer loop
      vertex   2.485842e+00 -4.022326e+01 -4.900000e+00
      vertex   2.467663e-15 -4.030000e+01 -3.900000e+00
      vertex   2.485842e+00 -4.022326e+01 -3.900000e+00
    endloop
  endfacet
  facet normal -9.245171e-02 9.957172e-01 0.000000e+00
    outer loop
      vertex   2.485842e+00 -4.022326e+01 -4.900000e+00
      vertex   2.485842e+00 -4.022326e+01 -3.900000e+00
      vertex   4.962217e+00 -3.999333e+01 -4.900000e+00
    endloop
  endfacet
  facet normal -9.245171e-02 9.957172e-01 0.000000e+00
    outer loop
      vertex   4.962217e+00 -3.999333e+01 -4.900000e+00
      vertex   2.485842e+00 -4.022326e+01 -3.900000e+00
      vertex   4.962217e+00 -3.999333e+01 -3.900000e+00
    endloop
  endfacet
  facet normal -1.536949e-01 9.881184e-01 0.000000e+00
    outer loop
      vertex   4.962217e+00 -3.999333e+01 -4.900000e+00
      vertex   4.962217e+00 -3.999333e+01 -3.900000e+00
      vertex   7.419694e+00 -3.961109e+01 -4.900000e+00
    endloop
  endfacet
  facet normal -1.536949e-01 9.881184e-01 0.000000e+00
    outer loop
      vertex   7.419694e+00 -3.961109e+01 -4.900000e+00
      vertex   4.962217e+00 -3.999333e+01 -3.900000e+00
      vertex   7.419694e+00 -3.961109e+01 -3.900000e+00
    endloop
  endfacet
  facet normal -2.143528e-01 9.767563e-01 0.000000e+00
    outer loop
      vertex   7.419694e+00 -3.961109e+01 -4.900000e+00
      vertex   7.419694e+00 -3.961109e+01 -3.900000e+00
      vertex   9.848913e+00 -3.907799e+01 -4.900000e+00
    endloop
  endfacet
  facet normal -2.143528e-01 9.767563e-01 0.000000e+00
    outer loop
      vertex   9.848913e+00 -3.907799e+01 -4.900000e+00
      vertex   7.419694e+00 -3.961109e+01 -3.900000e+00
      vertex   9.848913e+00 -3.907799e+01 -3.900000e+00
    endloop
  endfacet
  facet normal -2.741943e-01 9.616743e-01 0.000000e+00
    outer loop
      vertex   9.848913e+00 -3.907799e+01 -4.900000e+00
      vertex   9.848913e+00 -3.907799e+01 -3.900000e+00
      vertex   1.224062e+01 -3.839606e+01 -4.900000e+00
    endloop
  endfacet
  facet normal -2.741943e-01 9.616743e-01 0.000000e+00
    outer loop
      vertex   1.224062e+01 -3.839606e+01 -4.900000e+00
      vertex   9.848913e+00 -3.907799e+01 -3.900000e+00
      vertex   1.224062e+01 -3.839606e+01 -3.900000e+00
    endloop
  endfacet
  facet normal -3.329915e-01 9.429298e-01 0.000000e+00
    outer loop
      vertex   1.224062e+01 -3.839606e+01 -4.900000e+00
      vertex   1.224062e+01 -3.839606e+01 -3.900000e+00
      vertex   1.458571e+01 -3.756790e+01 -4.900000e+00
    endloop
  endfacet
  facet normal -3.329915e-01 9.429298e-01 0.000000e+00
    outer loop
      vertex   1.458571e+01 -3.756790e+01 -4.900000e+00
      vertex   1.224062e+01 -3.839606e+01 -3.900000e+00
      vertex   1.458571e+01 -3.756790e+01 -3.900000e+00
    endloop
  endfacet
  facet normal -3.905206e-01 9.205942e-01 0.000000e+00
    outer loop
      vertex   1.458571e+01 -3.756790e+01 -4.900000e+00
      vertex   1.458571e+01 -3.756790e+01 -3.900000e+00
      vertex   1.687526e+01 -3.659666e+01 -4.900000e+00
    endloop
  endfacet
  facet normal -3.905206e-01 9.205942e-01 0.000000e+00
    outer loop
      vertex   1.687526e+01 -3.659666e+01 -4.900000e+00
      vertex   1.458571e+01 -3.756790e+01 -3.900000e+00
      vertex   1.687526e+01 -3.659666e+01 -3.900000e+00
    endloop
  endfacet
  facet normal -4.465623e-01 8.947525e-01 0.000000e+00
    outer loop
      vertex   1.687526e+01 -3.659666e+01 -4.900000e+00
      vertex   1.687526e+01 -3.659666e+01 -3.900000e+00
      vertex   1.910053e+01 -3.548605e+01 -4.900000e+00
    endloop
  endfacet
  facet normal -4.465623e-01 8.947525e-01 0.000000e+00
    outer loop
      vertex   1.910053e+01 -3.548605e+01 -4.900000e+00
      vertex   1.687526e+01 -3.659666e+01 -3.900000e+00
      vertex   1.910053e+01 -3.548605e+01 -3.900000e+00
    endloop
  endfacet
  facet normal -5.009034e-01 8.655032e-01 0.000000e+00
    outer loop
      vertex   1.910053e+01 -3.548605e+01 -4.900000e+00
      vertex   1.910053e+01 -3.548605e+01 -3.900000e+00
      vertex   2.125306e+01 -3.424029e+01 -4.900000e+00
    endloop
  endfacet
  facet normal -5.009034e-01 8.655032e-01 0.000000e+00
    outer loop
      vertex   2.125306e+01 -3.424029e+01 -4.900000e+00
      vertex   1.910053e+01 -3.548605e+01 -3.900000e+00
      vertex   2.125306e+01 -3.424029e+01 -3.900000e+00
    endloop
  endfacet
  facet normal -5.533367e-01 8.329577e-01 0.000000e+00
    outer loop
      vertex   2.125306e+01 -3.424029e+01 -4.900000e+00
      vertex   2.125306e+01 -3.424029e+01 -3.900000e+00
      vertex   2.332465e+01 -3.286413e+01 -4.900000e+00
    endloop
  endfacet
  facet normal -5.533367e-01 8.329577e-01 0.000000e+00
    outer loop
      vertex   2.332465e+01 -3.286413e+01 -4.900000e+00
      vertex   2.125306e+01 -3.424029e+01 -3.900000e+00
      vertex   2.332465e+01 -3.286413e+01 -3.900000e+00
    endloop
  endfacet
  facet normal -6.036627e-01 7.972398e-01 0.000000e+00
    outer loop
      vertex   2.332465e+01 -3.286413e+01 -4.900000e+00
      vertex   2.332465e+01 -3.286413e+01 -3.900000e+00
      vertex   2.530740e+01 -3.136280e+01 -4.900000e+00
    endloop
  endfacet
  facet normal -6.036627e-01 7.972398e-01 0.000000e+00
    outer loop
      vertex   2.530740e+01 -3.136280e+01 -4.900000e+00
      vertex   2.332465e+01 -3.286413e+01 -3.900000e+00
      vertex   2.530740e+01 -3.136280e+01 -3.900000e+00
    endloop
  endfacet
  facet normal -6.516897e-01 7.584857e-01 0.000000e+00
    outer loop
      vertex   2.530740e+01 -3.136280e+01 -4.900000e+00
      vertex   2.530740e+01 -3.136280e+01 -3.900000e+00
      vertex   2.719378e+01 -2.974203e+01 -4.900000e+00
    endloop
  endfacet
  facet normal -6.516897e-01 7.584857e-01 0.000000e+00
    outer loop
      vertex   2.719378e+01 -2.974203e+01 -4.900000e+00
      vertex   2.530740e+01 -3.136280e+01 -3.900000e+00
      vertex   2.719378e+01 -2.974203e+01 -3.900000e+00
    endloop
  endfacet
  facet normal -6.972347e-01 7.168429e-01 0.000000e+00
    outer loop
      vertex   2.719378e+01 -2.974203e+01 -4.900000e+00
      vertex   2.719378e+01 -2.974203e+01 -3.900000e+00
      vertex   2.897658e+01 -2.800799e+01 -4.900000e+00
    endloop
  endfacet
  facet normal -6.972347e-01 7.168429e-01 0.000000e+00
    outer loop
      vertex   2.897658e+01 -2.800799e+01 -4.900000e+00
      vertex   2.719378e+01 -2.974203e+01 -3.900000e+00
      vertex   2.897658e+01 -2.800799e+01 -3.900000e+00
    endloop
  endfacet
  facet normal -7.401244e-01 6.724700e-01 0.000000e+00
    outer loop
      vertex   2.897658e+01 -2.800799e+01 -4.900000e+00
      vertex   2.897658e+01 -2.800799e+01 -3.900000e+00
      vertex   3.064903e+01 -2.616728e+01 -4.900000e+00
    endloop
  endfacet
  facet normal -7.401244e-01 6.724700e-01 0.000000e+00
    outer loop
      vertex   3.064903e+01 -2.616728e+01 -4.900000e+00
      vertex   2.897658e+01 -2.800799e+01 -3.900000e+00
      vertex   3.064903e+01 -2.616728e+01 -3.900000e+00
    endloop
  endfacet
  facet normal -7.801953e-01 6.255361e-01 0.000000e+00
    outer loop
      vertex   3.064903e+01 -2.616728e+01 -4.900000e+00
      vertex   3.064903e+01 -2.616728e+01 -3.900000e+00
      vertex   3.220476e+01 -2.422692e+01 -4.900000e+00
    endloop
  endfacet
  facet normal -7.801953e-01 6.255361e-01 0.000000e+00
    outer loop
      vertex   3.220476e+01 -2.422692e+01 -4.900000e+00
      vertex   3.064903e+01 -2.616728e+01 -3.900000e+00
      vertex   3.220476e+01 -2.422692e+01 -3.900000e+00
    endloop
  endfacet
  facet normal -8.172948e-01 5.762198e-01 0.000000e+00
    outer loop
      vertex   3.220476e+01 -2.422692e+01 -4.900000e+00
      vertex   3.220476e+01 -2.422692e+01 -3.900000e+00
      vertex   3.363783e+01 -2.219428e+01 -4.900000e+00
    endloop
  endfacet
  facet normal -8.172948e-01 5.762198e-01 0.000000e+00
    outer loop
      vertex   3.363783e+01 -2.219428e+01 -4.900000e+00
      vertex   3.220476e+01 -2.422692e+01 -3.900000e+00
      vertex   3.363783e+01 -2.219428e+01 -3.900000e+00
    endloop
  endfacet
  facet normal -8.512817e-01 5.247090e-01 0.000000e+00
    outer loop
      vertex   3.363783e+01 -2.219428e+01 -4.900000e+00
      vertex   3.363783e+01 -2.219428e+01 -3.900000e+00
      vertex   3.494280e+01 -2.007712e+01 -4.900000e+00
    endloop
  endfacet
  facet normal -8.512817e-01 5.247090e-01 0.000000e+00
    outer loop
      vertex   3.494280e+01 -2.007712e+01 -4.900000e+00
      vertex   3.363783e+01 -2.219428e+01 -3.900000e+00
      vertex   3.494280e+01 -2.007712e+01 -3.900000e+00
    endloop
  endfacet
  facet normal -8.820265e-01 4.711998e-01 0.000000e+00
    outer loop
      vertex   3.494280e+01 -2.007712e+01 -4.900000e+00
      vertex   3.494280e+01 -2.007712e+01 -3.900000e+00
      vertex   3.611468e+01 -1.788350e+01 -4.900000e+00
    endloop
  endfacet
  facet normal -8.820265e-01 4.711998e-01 0.000000e+00
    outer loop
      vertex   3.611468e+01 -1.788350e+01 -4.900000e+00
      vertex   3.494280e+01 -2.007712e+01 -3.900000e+00
      vertex   3.611468e+01 -1.788350e+01 -3.900000e+00
    endloop
  endfacet
  facet normal -9.094121e-01 4.158961e-01 0.000000e+00
    outer loop
      vertex   3.611468e+01 -1.788350e+01 -4.900000e+00
      vertex   3.611468e+01 -1.788350e+01 -3.900000e+00
      vertex   3.714903e+01 -1.562177e+01 -4.900000e+00
    endloop
  endfacet
  facet normal -9.094121e-01 4.158961e-01 0.000000e+00
    outer loop
      vertex   3.714903e+01 -1.562177e+01 -4.900000e+00
      vertex   3.611468e+01 -1.788350e+01 -3.900000e+00
      vertex   3.714903e+01 -1.562177e+01 -3.900000e+00
    endloop
  endfacet
  facet normal -9.333343e-01 3.590085e-01 0.000000e+00
    outer loop
      vertex   3.714903e+01 -1.562177e+01 -4.900000e+00
      vertex   3.714903e+01 -1.562177e+01 -3.900000e+00
      vertex   3.804189e+01 -1.330054e+01 -4.900000e+00
    endloop
  endfacet
  facet normal -9.333343e-01 3.590085e-01 0.000000e+00
    outer loop
      vertex   3.804189e+01 -1.330054e+01 -4.900000e+00
      vertex   3.714903e+01 -1.562177e+01 -3.900000e+00
      vertex   3.804189e+01 -1.330054e+01 -3.900000e+00
    endloop
  endfacet
  facet normal -9.537019e-01 3.007536e-01 0.000000e+00
    outer loop
      vertex   3.804189e+01 -1.330054e+01 -4.900000e+00
      vertex   3.804189e+01 -1.330054e+01 -3.900000e+00
      vertex   3.878988e+01 -1.092866e+01 -4.900000e+00
    endloop
  endfacet
  facet normal -9.537019e-01 3.007536e-01 0.000000e+00
    outer loop
      vertex   3.878988e+01 -1.092866e+01 -4.900000e+00
      vertex   3.804189e+01 -1.330054e+01 -3.900000e+00
      vertex   3.878988e+01 -1.092866e+01 -3.900000e+00
    endloop
  endfacet
  facet normal -9.704373e-01 2.413533e-01 0.000000e+00
    outer loop
      vertex   3.878988e+01 -1.092866e+01 -4.900000e+00
      vertex   3.878988e+01 -1.092866e+01 -3.900000e+00
      vertex   3.939013e+01 -8.515155e+00 -4.900000e+00
    endloop
  endfacet
  facet normal -9.704373e-01 2.413533e-01 0.000000e+00
    outer loop
      vertex   3.939013e+01 -8.515155e+00 -4.900000e+00
      vertex   3.878988e+01 -1.092866e+01 -3.900000e+00
      vertex   3.939013e+01 -8.515155e+00 -3.900000e+00
    endloop
  endfacet
  facet normal -9.834769e-01 1.810338e-01 0.000000e+00
    outer loop
      vertex   3.939013e+01 -8.515155e+00 -4.900000e+00
      vertex   3.939013e+01 -8.515155e+00 -3.900000e+00
      vertex   3.984036e+01 -6.069222e+00 -4.900000e+00
    endloop
  endfacet
  facet normal -9.834769e-01 1.810338e-01 0.000000e+00
    outer loop
      vertex   3.984036e+01 -6.069222e+00 -4.900000e+00
      vertex   3.939013e+01 -8.515155e+00 -3.900000e+00
      vertex   3.984036e+01 -6.069222e+00 -3.900000e+00
    endloop
  endfacet
  facet normal -9.927709e-01 1.200248e-01 0.000000e+00
    outer loop
      vertex   3.984036e+01 -6.069222e+00 -4.900000e+00
      vertex   3.984036e+01 -6.069222e+00 -3.900000e+00
      vertex   4.013887e+01 -3.600174e+00 -4.900000e+00
    endloop
  endfacet
  facet normal -9.927709e-01 1.200248e-01 0.000000e+00
    outer loop
      vertex   4.013887e+01 -3.600174e+00 -4.900000e+00
      vertex   3.984036e+01 -6.069222e+00 -3.900000e+00
      vertex   4.013887e+01 -3.600174e+00 -3.900000e+00
    endloop
  endfacet
  facet normal -9.982840e-01 5.855878e-02 0.000000e+00
    outer loop
      vertex   4.013887e+01 -3.600174e+00 -4.900000e+00
      vertex   4.013887e+01 -3.600174e+00 -3.900000e+00
      vertex   4.028451e+01 -1.117416e+00 -4.900000e+00
    endloop
  endfacet
  facet normal -9.982840e-01 5.855878e-02 0.000000e+00
    outer loop
      vertex   4.028451e+01 -1.117416e+00 -4.900000e+00
      vertex   4.013887e+01 -3.600174e+00 -3.900000e+00
      vertex   4.028451e+01 -1.117416e+00 -3.900000e+00
    endloop
  endfacet
  facet normal -9.999951e-01 -3.130314e-03 0.000000e+00
    outer loop
      vertex   4.028451e+01 -1.117416e+00 -4.900000e+00
      vertex   4.028451e+01 -1.117416e+00 -3.900000e+00
      vertex   4.027672e+01 1.369599e+00 -4.900000e+00
    endloop
  endfacet
  facet normal -9.999951e-01 -3.130314e-03 0.000000e+00
    outer loop
      vertex   4.027672e+01 1.369599e+00 -4.900000e+00
      vertex   4.028451e+01 -1.117416e+00 -3.900000e+00
      vertex   4.027672e+01 1.369599e+00 -3.900000e+00
    endloop
  endfacet
  facet normal -9.978978e-01 -6.480748e-02 0.000000e+00
    outer loop
      vertex   4.027672e+01 1.369599e+00 -4.900000e+00
      vertex   4.027672e+01 1.369599e+00 -3.900000e+00
      vertex   4.011554e+01 3.851397e+00 -4.900000e+00
    endloop
  endfacet
  facet normal -9.978978e-01 -6.480748e-02 0.000000e+00
    outer loop
      vertex   4.011554e+01 3.851397e+00 -4.900000e+00
      vertex   4.027672e+01 1.369599e+00 -3.900000e+00
      vertex   4.011554e+01 3.851397e+00 -3.900000e+00
    endloop
  endfacet
  facet normal -9.920000e-01 -1.262378e-01 0.000000e+00
    outer loop
      vertex   4.011554e+01 3.851397e+00 -4.900000e+00
      vertex   4.011554e+01 3.851397e+00 -3.900000e+00
      vertex   3.980159e+01 6.318527e+00 -4.900000e+00
    endloop
  endfacet
  facet normal -9.920000e-01 -1.262378e-01 0.000000e+00
    outer loop
      vertex   3.980159e+01 6.318527e+00 -4.900000e+00
      vertex   4.011554e+01 3.851397e+00 -3.900000e+00
      vertex   3.980159e+01 6.318527e+00 -3.900000e+00
    endloop
  endfacet
  facet normal -9.823242e-01 -1.871874e-01 0.000000e+00
    outer loop
      vertex   3.980159e+01 6.318527e+00 -4.900000e+00
      vertex   3.980159e+01 6.318527e+00 -3.900000e+00
      vertex   3.933605e+01 8.761594e+00 -4.900000e+00
    endloop
  endfacet
  facet normal -9.823242e-01 -1.871874e-01 0.000000e+00
    outer loop
      vertex   3.933605e+01 8.761594e+00 -4.900000e+00
      vertex   3.980159e+01 6.318527e+00 -3.900000e+00
      vertex   3.933605e+01 8.761594e+00 -3.900000e+00
    endloop
  endfacet
  facet normal -9.689073e-01 -2.474241e-01 0.000000e+00
    outer loop
      vertex   3.933605e+01 8.761594e+00 -4.900000e+00
      vertex   3.933605e+01 8.761594e+00 -3.900000e+00
      vertex   3.872070e+01 1.117129e+01 -4.900000e+00
    endloop
  endfacet
  facet normal -9.689073e-01 -2.474241e-01 0.000000e+00
    outer loop
      vertex   3.872070e+01 1.117129e+01 -4.900000e+00
      vertex   3.933605e+01 8.761594e+00 -3.900000e+00
      vertex   3.872070e+01 1.117129e+01 -3.900000e+00
    endloop
  endfacet
  facet normal -9.518003e-01 -3.067185e-01 0.000000e+00
    outer loop
      vertex   3.872070e+01 1.117129e+01 -4.900000e+00
      vertex   3.872070e+01 1.117129e+01 -3.900000e+00
      vertex   3.795788e+01 1.353844e+01 -4.900000e+00
    endloop
  endfacet
  facet normal -9.518003e-01 -3.067185e-01 0.000000e+00
    outer loop
      vertex   3.795788e+01 1.353844e+01 -4.900000e+00
      vertex   3.872070e+01 1.117129e+01 -3.900000e+00
      vertex   3.795788e+01 1.353844e+01 -3.900000e+00
    endloop
  endfacet
  facet normal -9.310684e-01 -3.648447e-01 0.000000e+00
    outer loop
      vertex   3.795788e+01 1.353844e+01 -4.900000e+00
      vertex   3.795788e+01 1.353844e+01 -3.900000e+00
      vertex   3.705050e+01 1.585404e+01 -4.900000e+00
    endloop
  endfacet
  facet normal -9.310684e-01 -3.648447e-01 0.000000e+00
    outer loop
      vertex   3.705050e+01 1.585404e+01 -4.900000e+00
      vertex   3.795788e+01 1.353844e+01 -3.900000e+00
      vertex   3.705050e+01 1.585404e+01 -3.900000e+00
    endloop
  endfacet
  facet normal -9.067905e-01 -4.215814e-01 0.000000e+00
    outer loop
      vertex   3.705050e+01 1.585404e+01 -4.900000e+00
      vertex   3.705050e+01 1.585404e+01 -3.900000e+00
      vertex   3.600202e+01 1.810925e+01 -4.900000e+00
    endloop
  endfacet
  facet normal -9.067905e-01 -4.215814e-01 0.000000e+00
    outer loop
      vertex   3.600202e+01 1.810925e+01 -4.900000e+00
      vertex   3.705050e+01 1.585404e+01 -3.900000e+00
      vertex   3.600202e+01 1.810925e+01 -3.900000e+00
    endloop
  endfacet
  facet normal -8.790592e-01 -4.767126e-01 0.000000e+00
    outer loop
      vertex   3.600202e+01 1.810925e+01 -4.900000e+00
      vertex   3.600202e+01 1.810925e+01 -3.900000e+00
      vertex   3.481642e+01 2.029549e+01 -4.900000e+00
    endloop
  endfacet
  facet normal -8.790592e-01 -4.767126e-01 0.000000e+00
    outer loop
      vertex   3.481642e+01 2.029549e+01 -4.900000e+00
      vertex   3.600202e+01 1.810925e+01 -3.900000e+00
      vertex   3.481642e+01 2.029549e+01 -3.900000e+00
    endloop
  endfacet
  facet normal -8.479800e-01 -5.300282e-01 0.000000e+00
    outer loop
      vertex   3.481642e+01 2.029549e+01 -4.900000e+00
      vertex   3.481642e+01 2.029549e+01 -3.900000e+00
      vertex   3.349822e+01 2.240444e+01 -4.900000e+00
    endloop
  endfacet
  facet normal -8.479800e-01 -5.300282e-01 0.000000e+00
    outer loop
      vertex   3.349822e+01 2.240444e+01 -4.900000e+00
      vertex   3.481642e+01 2.029549e+01 -3.900000e+00
      vertex   3.349822e+01 2.240444e+01 -3.900000e+00
    endloop
  endfacet
  facet normal -8.136713e-01 -5.813252e-01 0.000000e+00
    outer loop
      vertex   3.349822e+01 2.240444e+01 -4.900000e+00
      vertex   3.349822e+01 2.240444e+01 -3.900000e+00
      vertex   3.205245e+01 2.442806e+01 -4.900000e+00
    endloop
  endfacet
  facet normal -8.136713e-01 -5.813252e-01 0.000000e+00
    outer loop
      vertex   3.205245e+01 2.442806e+01 -4.900000e+00
      vertex   3.349822e+01 2.240444e+01 -3.900000e+00
      vertex   3.205245e+01 2.442806e+01 -3.900000e+00
    endloop
  endfacet
  facet normal -7.762637e-01 -6.304083e-01 0.000000e+00
    outer loop
      vertex   3.205245e+01 2.442806e+01 -4.900000e+00
      vertex   3.205245e+01 2.442806e+01 -3.900000e+00
      vertex   3.048461e+01 2.635865e+01 -4.900000e+00
    endloop
  endfacet
  facet normal -7.762637e-01 -6.304083e-01 0.000000e+00
    outer loop
      vertex   3.048461e+01 2.635865e+01 -4.900000e+00
      vertex   3.205245e+01 2.442806e+01 -3.900000e+00
      vertex   3.048461e+01 2.635865e+01 -3.900000e+00
    endloop
  endfacet
  facet normal -7.358998e-01 -6.770905e-01 0.000000e+00
    outer loop
      vertex   3.048461e+01 2.635865e+01 -4.900000e+00
      vertex   3.048461e+01 2.635865e+01 -3.900000e+00
      vertex   2.880067e+01 2.818885e+01 -4.900000e+00
    endloop
  endfacet
  facet normal -7.358998e-01 -6.770905e-01 0.000000e+00
    outer loop
      vertex   2.880067e+01 2.818885e+01 -4.900000e+00
      vertex   3.048461e+01 2.635865e+01 -3.900000e+00
      vertex   2.880067e+01 2.818885e+01 -3.900000e+00
    endloop
  endfacet
  facet normal -6.927332e-01 -7.211939e-01 0.000000e+00
    outer loop
      vertex   2.880067e+01 2.818885e+01 -4.900000e+00
      vertex   2.880067e+01 2.818885e+01 -3.900000e+00
      vertex   2.700704e+01 2.991170e+01 -4.900000e+00
    endloop
  endfacet
  facet normal -6.927332e-01 -7.211939e-01 0.000000e+00
    outer loop
      vertex   2.700704e+01 2.991170e+01 -4.900000e+00
      vertex   2.880067e+01 2.818885e+01 -3.900000e+00
      vertex   2.700704e+01 2.991170e+01 -3.900000e+00
    endloop
  endfacet
  facet normal -6.469284e-01 -7.625508e-01 0.000000e+00
    outer loop
      vertex   2.700704e+01 2.991170e+01 -4.900000e+00
      vertex   2.700704e+01 2.991170e+01 -3.900000e+00
      vertex   2.511056e+01 3.152063e+01 -4.900000e+00
    endloop
  endfacet
  facet normal -6.469284e-01 -7.625508e-01 0.000000e+00
    outer loop
      vertex   2.511056e+01 3.152063e+01 -4.900000e+00
      vertex   2.700704e+01 2.991170e+01 -3.900000e+00
      vertex   2.511056e+01 3.152063e+01 -3.900000e+00
    endloop
  endfacet
  facet normal -5.986597e-01 -8.010035e-01 0.000000e+00
    outer loop
      vertex   2.511056e+01 3.152063e+01 -4.900000e+00
      vertex   2.511056e+01 3.152063e+01 -3.900000e+00
      vertex   2.311844e+01 3.300951e+01 -4.900000e+00
    endloop
  endfacet
  facet normal -5.986597e-01 -8.010035e-01 0.000000e+00
    outer loop
      vertex   2.311844e+01 3.300951e+01 -4.900000e+00
      vertex   2.511056e+01 3.152063e+01 -3.900000e+00
      vertex   2.311844e+01 3.300951e+01 -3.900000e+00
    endloop
  endfacet
  facet normal -5.481111e-01 -8.364055e-01 0.000000e+00
    outer loop
      vertex   2.311844e+01 3.300951e+01 -4.900000e+00
      vertex   2.311844e+01 3.300951e+01 -3.900000e+00
      vertex   2.103828e+01 3.437268e+01 -4.900000e+00
    endloop
  endfacet
  facet normal -5.481111e-01 -8.364055e-01 0.000000e+00
    outer loop
      vertex   2.103828e+01 3.437268e+01 -4.900000e+00
      vertex   2.311844e+01 3.300951e+01 -3.900000e+00
      vertex   2.103828e+01 3.437268e+01 -3.900000e+00
    endloop
  endfacet
  facet normal -4.954750e-01 -8.686222e-01 0.000000e+00
    outer loop
      vertex   2.103828e+01 3.437268e+01 -4.900000e+00
      vertex   2.103828e+01 3.437268e+01 -3.900000e+00
      vertex   1.887799e+01 3.560494e+01 -4.900000e+00
    endloop
  endfacet
  facet normal -4.954750e-01 -8.686222e-01 0.000000e+00
    outer loop
      vertex   1.887799e+01 3.560494e+01 -4.900000e+00
      vertex   2.103828e+01 3.437268e+01 -3.900000e+00
      vertex   1.887799e+01 3.560494e+01 -3.900000e+00
    endloop
  endfacet
  facet normal -4.409519e-01 -8.975307e-01 0.000000e+00
    outer loop
      vertex   1.887799e+01 3.560494e+01 -4.900000e+00
      vertex   1.887799e+01 3.560494e+01 -3.900000e+00
      vertex   1.664581e+01 3.670159e+01 -4.900000e+00
    endloop
  endfacet
  facet normal -4.409519e-01 -8.975307e-01 0.000000e+00
    outer loop
      vertex   1.664581e+01 3.670159e+01 -4.900000e+00
      vertex   1.887799e+01 3.560494e+01 -3.900000e+00
      vertex   1.664581e+01 3.670159e+01 -3.900000e+00
    endloop
  endfacet
  facet normal -3.847494e-01 -9.230211e-01 0.000000e+00
    outer loop
      vertex   1.664581e+01 3.670159e+01 -4.900000e+00
      vertex   1.664581e+01 3.670159e+01 -3.900000e+00
      vertex   1.435023e+01 3.765848e+01 -4.900000e+00
    endloop
  endfacet
  facet normal -3.847494e-01 -9.230211e-01 0.000000e+00
    outer loop
      vertex   1.435023e+01 3.765848e+01 -4.900000e+00
      vertex   1.664581e+01 3.670159e+01 -3.900000e+00
      vertex   1.435023e+01 3.765848e+01 -3.900000e+00
    endloop
  endfacet
  facet normal -3.270817e-01 -9.449961e-01 0.000000e+00
    outer loop
      vertex   1.435023e+01 3.765848e+01 -4.900000e+00
      vertex   1.435023e+01 3.765848e+01 -3.900000e+00
      vertex   1.200000e+01 3.847194e+01 -4.900000e+00
    endloop
  endfacet
  facet normal -3.270817e-01 -9.449961e-01 0.000000e+00
    outer loop
      vertex   1.200000e+01 3.847194e+01 -4.900000e+00
      vertex   1.435023e+01 3.765848e+01 -3.900000e+00
      vertex   1.200000e+01 3.847194e+01 -3.900000e+00
    endloop
  endfacet
  facet normal 0.000000e+00 -0.000000e+00 -1.000000e+00
    outer loop
      vertex   -1.200000e+01 4.129165e+01 -4.900000e+00
      vertex   -1.200000e+01 3.847194e+01 -4.900000e+00
      vertex   -1.443650e+01 4.050416e+01 -4.900000e+00
    endloop
  endfacet
  facet normal 0.000000e+00 0.000000e+00 -1.000000e+00
    outer loop
      vertex   -1.443650e+01 4.050416e+01 -4.900000e+00
      vertex   -1.200000e+01 3.847194e+01 -4.900000e+00
      vertex   -1.435023e+01 3.765848e+01 -4.900000e+00
    endloop
  endfacet
  facet normal 0.000000e+00 -0.000000e+00 -1.000000e+00
    outer loop
      vertex   -1.443650e+01 4.050416e+01 -4.900000e+00
      vertex   -1.435023e+01 3.765848e+01 -4.900000e+00
      vertex   -1.682181e+01 3.957305e+01 -4.900000e+00
    endloop
  endfacet
  facet normal 0.000000e+00 0.000000e+00 -1.000000e+00
    outer loop
      vertex   -1.682181e+01 3.957305e+01 -4.900000e+00
      vertex   -1.435023e+01 3.765848e+01 -4.900000e+00
      vertex   -1.664581e+01 3.670159e+01 -4.900000e+00
    endloop
  endfacet
  facet normal 0.000000e+00 -0.000000e+00 -1.000000e+00
    outer loop
      vertex   -1.682181e+01 3.957305e+01 -4.900000e+00
      vertex   -1.664581e+01 3.670159e+01 -4.900000e+00
      vertex   -1.914747e+01 3.850161e+01 -4.900000e+00
    endloop
  endfacet
  facet normal 0.000000e+00 0.000000e+00 -1.000000e+00
    outer loop
      vertex   -1.914747e+01 3.850161e+01 -4.900000e+00
      vertex   -1.664581e+01 3.670159e+01 -4.900000e+00
      vertex   -1.887799e+01 3.560494e+01 -4.900000e+00
    endloop
  endfacet
  facet normal 0.000000e+00 -0.000000e+00 -1.000000e+00
    outer loop
      vertex   -1.914747e+01 3.850161e+01 -4.900000e+00
      vertex   -1.887799e+01 3.560494e+01 -4.900000e+00
      vertex   -2.140524e+01 3.729364e+01 -4.900000e+00
    endloop
  endfacet
  facet normal 0.000000e+00 0.000000e+00 -1.000000e+00
    outer loop
      vertex   -2.140524e+01 3.729364e+01 -4.900000e+00
      vertex   -1.887799e+01 3.560494e+01 -4.900000e+00
      vertex   -2.103828e+01 3.437268e+01 -4.900000e+00
    endloop
  endfacet
  facet normal 0.000000e+00 -0.000000e+00 -1.000000e+00
    outer loop
      vertex   -2.140524e+01 3.729364e+01 -4.900000e+00
      vertex   -2.103828e+01 3.437268e+01 -4.900000e+00
      vertex   -2.358709e+01 3.595343e+01 -4.900000e+00
    endloop
  endfacet
  facet normal 0.000000e+00 0.000000e+00 -1.000000e+00
    outer loop
      vertex   -2.358709e+01 3.595343e+01 -4.900000e+00
      vertex   -2.103828e+01 3.437268e+01 -4.900000e+00
      vertex   -2.311844e+01 3.300951e+01 -4.900000e+00
    endloop
  endfacet
  facet normal 0.000000e+00 -0.000000e+00 -1.000000e+00
    outer loop
      vertex   -2.358709e+01 3.595343e+01 -4.900000e+00
      vertex   -2.311844e+01 3.300951e+01 -4.900000e+00
      vertex   -2.568531e+01 3.448572e+01 -4.900000e+00
    endloop
  endfacet
  facet normal 0.000000e+00 0.000000e+00 -1.000000e+00
    outer loop
      vertex   -2.568531e+01 3.448572e+01 -4.900000e+00
      vertex   -2.311844e+01 3.300951e+01 -4.900000e+00
      vertex   -2.511056e+01 3.152063e+01 -4.900000e+00
    endloop
  endfacet
  facet normal 0.000000e+00 -0.000000e+00 -1.000000e+00
    outer loop
      vertex   -2.568531e+01 3.448572e+01 -4.900000e+00
      vertex   -2.511056e+01 3.152063e+01 -4.900000e+00
      vertex   -2.769244e+01 3.289572e+01 -4.900000e+00
    endloop
  endfacet
  facet normal 0.000000e+00 0.000000e+00 -1.000000e+00
    outer loop
      vertex   -2.769244e+01 3.289572e+01 -4.900000e+00
      vertex   -2.511056e+01 3.152063e+01 -4.900000e+00
      vertex   -2.700704e+01 2.991170e+01 -4.900000e+00
    endloop
  endfacet
  facet normal 0.000000e+00 -0.000000e+00 -1.000000e+00
    outer loop
      vertex   -2.769244e+01 3.289572e+01 -4.900000e+00
      vertex   -2.700704e+01 2.991170e+01 -4.900000e+00
      vertex   -2.960138e+01 3.118908e+01 -4.900000e+00
    endloop
  endfacet
  facet normal 0.000000e+00 0.000000e+00 -1.000000e+00
    outer loop
      vertex   -2.960138e+01 3.118908e+01 -4.900000e+00
      vertex   -2.700704e+01 2.991170e+01 -4.900000e+00
      vertex   -2.880067e+01 2.818885e+01 -4.900000e+00
    endloop
  endfacet
  facet normal 0.000000e+00 -0.000000e+00 -1.000000e+00
    outer loop
      vertex   -2.960138e+01 3.118908e+01 -4.900000e+00
      vertex   -2.880067e+01 2.818885e+01 -4.900000e+00
      vertex   -3.140534e+01 2.937183e+01 -4.900000e+00
    endloop
  endfacet
  facet normal 0.000000e+00 0.000000e+00 -1.000000e+00
    outer loop
      vertex   -3.140534e+01 2.937183e+01 -4.900000e+00
      vertex   -2.880067e+01 2.818885e+01 -4.900000e+00
      vertex   -3.048461e+01 2.635865e+01 -4.900000e+00
    endloop
  endfacet
  facet normal 0.000000e+00 -0.000000e+00 -1.000000e+00
    outer loop
      vertex   -3.140534e+01 2.937183e+01 -4.900000e+00
      vertex   -3.048461e+01 2.635865e+01 -4.900000e+00
      vertex   -3.309794e+01 2.745043e+01 -4.900000e+00
    endloop
  endfacet
  facet normal 0.000000e+00 0.000000e+00 -1.000000e+00
    outer loop
      vertex   -3.309794e+01 2.745043e+01 -4.900000e+00
      vertex   -3.048461e+01 2.635865e+01 -4.900000e+00
      vertex   -3.205245e+01 2.442806e+01 -4.900000e+00
    endloop
  endfacet
  facet normal 0.000000e+00 -0.000000e+00 -1.000000e+00
    outer loop
      vertex   -3.309794e+01 2.745043e+01 -4.900000e+00
      vertex   -3.205245e+01 2.442806e+01 -4.900000e+00
      vertex   -3.467318e+01 2.543169e+01 -4.900000e+00
    endloop
  endfacet
  facet normal 0.000000e+00 0.000000e+00 -1.000000e+00
    outer loop
      vertex   -3.467318e+01 2.543169e+01 -4.900000e+00
      vertex   -3.205245e+01 2.442806e+01 -4.900000e+00
      vertex   -3.349822e+01 2.240444e+01 -4.900000e+00
    endloop
  endfacet
  facet normal 0.000000e+00 -0.000000e+00 -1.000000e+00
    outer loop
      vertex   -3.467318e+01 2.543169e+01 -4.900000e+00
      vertex   -3.349822e+01 2.240444e+01 -4.900000e+00
      vertex   -3.612546e+01 2.332277e+01 -4.900000e+00
    endloop
  endfacet
  facet normal 0.000000e+00 0.000000e+00 -1.000000e+00
    outer loop
      vertex   -3.612546e+01 2.332277e+01 -4.900000e+00
      vertex   -3.349822e+01 2.240444e+01 -4.900000e+00
      vertex   -3.481642e+01 2.029549e+01 -4.900000e+00
    endloop
  endfacet
  facet normal 0.000000e+00 -0.000000e+00 -1.000000e+00
    outer loop
      vertex   -3.612546e+01 2.332277e+01 -4.900000e+00
      vertex   -3.481642e+01 2.029549e+01 -4.900000e+00
      vertex   -3.744963e+01 2.113114e+01 -4.900000e+00
    endloop
  endfacet
  facet normal 0.000000e+00 0.000000e+00 -1.000000e+00
    outer loop
      vertex   -3.744963e+01 2.113114e+01 -4.900000e+00
      vertex   -3.481642e+01 2.029549e+01 -4.900000e+00
      vertex   -3.600202e+01 1.810925e+01 -4.900000e+00
    endloop
  endfacet
  facet normal 0.000000e+00 -0.000000e+00 -1.000000e+00
    outer loop
      vertex   -3.744963e+01 2.113114e+01 -4.900000e+00
      vertex   -3.600202e+01 1.810925e+01 -4.900000e+00
      vertex   -3.864101e+01 1.886458e+01 -4.900000e+00
    endloop
  endfacet
  facet normal 0.000000e+00 0.000000e+00 -1.000000e+00
    outer loop
      vertex   -3.864101e+01 1.886458e+01 -4.900000e+00
      vertex   -3.600202e+01 1.810925e+01 -4.900000e+00
      vertex   -3.705050e+01 1.585404e+01 -4.900000e+00
    endloop
  endfacet
  facet normal 0.000000e+00 -0.000000e+00 -1.000000e+00
    outer loop
      vertex   -3.864101e+01 1.886458e+01 -4.900000e+00
      vertex   -3.705050e+01 1.585404e+01 -4.900000e+00
      vertex   -3.969536e+01 1.653112e+01 -4.900000e+00
    endloop
  endfacet
  facet normal 0.000000e+00 0.000000e+00 -1.000000e+00
    outer loop
      vertex   -3.969536e+01 1.653112e+01 -4.900000e+00
      vertex   -3.705050e+01 1.585404e+01 -4.900000e+00
      vertex   -3.795788e+01 1.353844e+01 -4.900000e+00
    endloop
  endfacet
  facet normal 0.000000e+00 -0.000000e+00 -1.000000e+00
    outer loop
      vertex   -3.969536e+01 1.653112e+01 -4.900000e+00
      vertex   -3.795788e+01 1.353844e+01 -4.900000e+00
      vertex   -4.060896e+01 1.413905e+01 -4.900000e+00
    endloop
  endfacet
  facet normal 0.000000e+00 0.000000e+00 -1.000000e+00
    outer loop
      vertex   -4.060896e+01 1.413905e+01 -4.900000e+00
      vertex   -3.795788e+01 1.353844e+01 -4.900000e+00
      vertex   -3.872070e+01 1.117129e+01 -4.900000e+00
    endloop
  endfacet
  facet normal 0.000000e+00 -0.000000e+00 -1.000000e+00
    outer loop
      vertex   -4.060896e+01 1.413905e+01 -4.900000e+00
      vertex   -3.872070e+01 1.117129e+01 -4.900000e+00
      vertex   -4.137855e+01 1.169683e+01 -4.900000e+00
    endloop
  endfacet
  facet normal 0.000000e+00 0.000000e+00 -1.000000e+00
    outer loop
      vertex   -4.137855e+01 1.169683e+01 -4.900000e+00
      vertex   -3.872070e+01 1.117129e+01 -4.900000e+00
      vertex   -3.933605e+01 8.761594e+00 -4.900000e+00
    endloop
  endfacet
  facet normal 0.000000e+00 -0.000000e+00 -1.000000e+00
    outer loop
      vertex   -4.137855e+01 1.169683e+01 -4.900000e+00
      vertex   -3.933605e+01 8.761594e+00 -4.900000e+00
      vertex   -4.200140e+01 9.213143e+00 -4.900000e+00
    endloop
  endfacet
  facet normal 0.000000e+00 0.000000e+00 -1.000000e+00
    outer loop
      vertex   -4.200140e+01 9.213143e+00 -4.900000e+00
      vertex   -3.933605e+01 8.761594e+00 -4.900000e+00
      vertex   -3.980159e+01 6.318527e+00 -4.900000e+00
    endloop
  endfacet
  facet normal 0.000000e+00 -0.000000e+00 -1.000000e+00
    outer loop
      vertex   -4.200140e+01 9.213143e+00 -4.900000e+00
      vertex   -3.980159e+01 6.318527e+00 -4.900000e+00
      vertex   -4.247532e+01 6.696782e+00 -4.900000e+00
    endloop
  endfacet
  facet normal 0.000000e+00 -0.000000e+00 -1.000000e+00
    outer loop
      vertex   -4.247532e+01 6.696782e+00 -4.900000e+00
      vertex   -3.980159e+01 6.318527e+00 -4.900000e+00
      vertex   -4.279862e+01 4.156673e+00 -4.900000e+00
    endloop
  endfacet
  facet normal 0.000000e+00 0.000000e+00 -1.000000e+00
    outer loop
      vertex   -4.279862e+01 4.156673e+00 -4.900000e+00
      vertex   -3.980159e+01 6.318527e+00 -4.900000e+00
      vertex   -4.011554e+01 3.851397e+00 -4.900000e+00
    endloop
  endfacet
  facet normal 0.000000e+00 -0.000000e+00 -1.000000e+00
    outer loop
      vertex   -4.279862e+01 4.156673e+00 -4.900000e+00
      vertex   -4.011554e+01 3.851397e+00 -4.900000e+00
      vertex   -4.297015e+01 1.601824e+00 -4.900000e+00
    endloop
  endfacet
  facet normal 0.000000e+00 0.000000e+00 -1.000000e+00
    outer loop
      vertex   -4.297015e+01 1.601824e+00 -4.900000e+00
      vertex   -4.011554e+01 3.851397e+00 -4.900000e+00
      vertex   -4.027672e+01 1.369599e+00 -4.900000e+00
    endloop
  endfacet
  facet normal 0.000000e+00 -0.000000e+00 -1.000000e+00
    outer loop
      vertex   -4.297015e+01 1.601824e+00 -4.900000e+00
      vertex   -4.027672e+01 1.369599e+00 -4.900000e+00
      vertex   -4.298931e+01 -9.587053e-01 -4.900000e+00
    endloop
  endfacet
  facet normal 0.000000e+00 0.000000e+00 -1.000000e+00
    outer loop
      vertex   -4.298931e+01 -9.587053e-01 -4.900000e+00
      vertex   -4.027672e+01 1.369599e+00 -4.900000e+00
      vertex   -4.028451e+01 -1.117416e+00 -4.900000e+00
    endloop
  endfacet
  facet normal 0.000000e+00 0.000000e+00 -1.000000e+00
    outer loop
      vertex   -4.298931e+01 -9.587053e-01 -4.900000e+00
      vertex   -4.028451e+01 -1.117416e+00 -4.900000e+00
      vertex   -4.285603e+01 -3.515835e+00 -4.900000e+00
    endloop
  endfacet
  facet normal 0.000000e+00 0.000000e+00 -1.000000e+00
    outer loop
      vertex   -4.285603e+01 -3.515835e+00 -4.900000e+00
      vertex   -4.028451e+01 -1.117416e+00 -4.900000e+00
      vertex   -4.013887e+01 -3.600174e+00 -4.900000e+00
    endloop
  endfacet
  facet normal 0.000000e+00 0.000000e+00 -1.000000e+00
    outer loop
      vertex   -4.285603e+01 -3.515835e+00 -4.900000e+00
      vertex   -4.013887e+01 -3.600174e+00 -4.900000e+00
      vertex   -4.257077e+01 -6.060497e+00 -4.900000e+00
    endloop
  endfacet
  facet normal 0.000000e+00 0.000000e+00 -1.000000e+00
    outer loop
      vertex   -4.257077e+01 -6.060497e+00 -4.900000e+00
      vertex   -4.013887e+01 -3.600174e+00 -4.900000e+00
      vertex   -3.984036e+01 -6.069222e+00 -4.900000e+00
    endloop
  endfacet
  facet normal 0.000000e+00 0.000000e+00 -1.000000e+00
    outer loop
      vertex   -4.257077e+01 -6.060497e+00 -4.900000e+00
      vertex   -3.984036e+01 -6.069222e+00 -4.900000e+00
      vertex   -4.213455e+01 -8.583668e+00 -4.900000e+00
    endloop
  endfacet
  facet normal 0.000000e+00 0.000000e+00 -1.000000e+00
    outer loop
      vertex   -4.213455e+01 -8.583668e+00 -4.900000e+00
      vertex   -3.984036e+01 -6.069222e+00 -4.900000e+00
      vertex   -3.939013e+01 -8.515155e+00 -4.900000e+00
    endloop
  endfacet
  facet normal 0.000000e+00 0.000000e+00 -1.000000e+00
    outer loop
      vertex   -4.213455e+01 -8.583668e+00 -4.900000e+00
      vertex   -3.939013e+01 -8.515155e+00 -4.900000e+00
      vertex   -4.154893e+01 -1.107640e+01 -4.900000e+00
    endloop
  endfacet
  facet normal 0.000000e+00 0.000000e+00 -1.000000e+00
    outer loop
      vertex   -4.154893e+01 -1.107640e+01 -4.900000e+00
      vertex   -3.939013e+01 -8.515155e+00 -4.900000e+00
      vertex   -3.878988e+01 -1.092866e+01 -4.900000e+00
    endloop
  endfacet
  facet normal 0.000000e+00 0.000000e+00 -1.000000e+00
    outer loop
      vertex   -4.154893e+01 -1.107640e+01 -4.900000e+00
      vertex   -3.878988e+01 -1.092866e+01 -4.900000e+00
      vertex   -4.081597e+01 -1.352986e+01 -4.900000e+00
    endloop
  endfacet
  facet normal 0.000000e+00 0.000000e+00 -1.000000e+00
    outer loop
      vertex   -4.081597e+01 -1.352986e+01 -4.900000e+00
      vertex   -3.878988e+01 -1.092866e+01 -4.900000e+00
      vertex   -3.804189e+01 -1.330054e+01 -4.900000e+00
    endloop
  endfacet
  facet normal 0.000000e+00 0.000000e+00 -1.000000e+00
    outer loop
      vertex   -4.081597e+01 -1.352986e+01 -4.900000e+00
      vertex   -3.804189e+01 -1.330054e+01 -4.900000e+00
      vertex   -3.993827e+01 -1.593533e+01 -4.900000e+00
    endloop
  endfacet
  facet normal 0.000000e+00 0.000000e+00 -1.000000e+00
    outer loop
      vertex   -3.993827e+01 -1.593533e+01 -4.900000e+00
      vertex   -3.804189e+01 -1.330054e+01 -4.900000e+00
      vertex   -3.714903e+01 -1.562177e+01 -4.900000e+00
    endloop
  endfacet
  facet normal 0.000000e+00 0.000000e+00 -1.000000e+00
    outer loop
      vertex   -3.993827e+01 -1.593533e+01 -4.900000e+00
      vertex   -3.714903e+01 -1.562177e+01 -4.900000e+00
      vertex   -3.891894e+01 -1.828430e+01 -4.900000e+00
    endloop
  endfacet
  facet normal 0.000000e+00 0.000000e+00 -1.000000e+00
    outer loop
      vertex   -3.891894e+01 -1.828430e+01 -4.900000e+00
      vertex   -3.714903e+01 -1.562177e+01 -4.900000e+00
      vertex   -3.611468e+01 -1.788350e+01 -4.900000e+00
    endloop
  endfacet
  facet normal 0.000000e+00 0.000000e+00 -1.000000e+00
    outer loop
      vertex   -3.891894e+01 -1.828430e+01 -4.900000e+00
      vertex   -3.611468e+01 -1.788350e+01 -4.900000e+00
      vertex   -3.776161e+01 -2.056843e+01 -4.900000e+00
    endloop
  endfacet
  facet normal 0.000000e+00 0.000000e+00 -1.000000e+00
    outer loop
      vertex   -3.776161e+01 -2.056843e+01 -4.900000e+00
      vertex   -3.611468e+01 -1.788350e+01 -4.900000e+00
      vertex   -3.494280e+01 -2.007712e+01 -4.900000e+00
    endloop
  endfacet
  facet normal 0.000000e+00 0.000000e+00 -1.000000e+00
    outer loop
      vertex   -3.776161e+01 -2.056843e+01 -4.900000e+00
      vertex   -3.494280e+01 -2.007712e+01 -4.900000e+00
      vertex   -3.647038e+01 -2.277963e+01 -4.900000e+00
    endloop
  endfacet
  facet normal 0.000000e+00 0.000000e+00 -1.000000e+00
    outer loop
      vertex   -3.647038e+01 -2.277963e+01 -4.900000e+00
      vertex   -3.494280e+01 -2.007712e+01 -4.900000e+00
      vertex   -3.363783e+01 -2.219428e+01 -4.900000e+00
    endloop
  endfacet
  facet normal 0.000000e+00 0.000000e+00 -1.000000e+00
    outer loop
      vertex   -3.647038e+01 -2.277963e+01 -4.900000e+00
      vertex   -3.363783e+01 -2.219428e+01 -4.900000e+00
      vertex   -3.504982e+01 -2.491005e+01 -4.900000e+00
    endloop
  endfacet
  facet normal 0.000000e+00 0.000000e+00 -1.000000e+00
    outer loop
      vertex   -3.504982e+01 -2.491005e+01 -4.900000e+00
      vertex   -3.363783e+01 -2.219428e+01 -4.900000e+00
      vertex   -3.220476e+01 -2.422692e+01 -4.900000e+00
    endloop
  endfacet
  facet normal 0.000000e+00 0.000000e+00 -1.000000e+00
    outer loop
      vertex   -3.504982e+01 -2.491005e+01 -4.900000e+00
      vertex   -3.220476e+01 -2.422692e+01 -4.900000e+00
      vertex   -3.350496e+01 -2.695213e+01 -4.900000e+00
    endloop
  endfacet
  facet normal 0.000000e+00 0.000000e+00 -1.000000e+00
    outer loop
      vertex   -3.350496e+01 -2.695213e+01 -4.900000e+00
      vertex   -3.220476e+01 -2.422692e+01 -4.900000e+00
      vertex   -3.064903e+01 -2.616728e+01 -4.900000e+00
    endloop
  endfacet
  facet normal 0.000000e+00 0.000000e+00 -1.000000e+00
    outer loop
      vertex   -3.350496e+01 -2.695213e+01 -4.900000e+00
      vertex   -3.064903e+01 -2.616728e+01 -4.900000e+00
      vertex   -3.184130e+01 -2.889864e+01 -4.900000e+00
    endloop
  endfacet
  facet normal 0.000000e+00 0.000000e+00 -1.000000e+00
    outer loop
      vertex   -3.184130e+01 -2.889864e+01 -4.900000e+00
      vertex   -3.064903e+01 -2.616728e+01 -4.900000e+00
      vertex   -2.897658e+01 -2.800799e+01 -4.900000e+00
    endloop
  endfacet
  facet normal 0.000000e+00 0.000000e+00 -1.000000e+00
    outer loop
      vertex   -3.184130e+01 -2.889864e+01 -4.900000e+00
      vertex   -2.897658e+01 -2.800799e+01 -4.900000e+00
      vertex   -3.006473e+01 -3.074268e+01 -4.900000e+00
    endloop
  endfacet
  facet normal 0.000000e+00 0.000000e+00 -1.000000e+00
    outer loop
      vertex   -3.006473e+01 -3.074268e+01 -4.900000e+00
      vertex   -2.897658e+01 -2.800799e+01 -4.900000e+00
      vertex   -2.719378e+01 -2.974203e+01 -4.900000e+00
    endloop
  endfacet
  facet normal 0.000000e+00 0.000000e+00 -1.000000e+00
    outer loop
      vertex   -3.006473e+01 -3.074268e+01 -4.900000e+00
      vertex   -2.719378e+01 -2.974203e+01 -4.900000e+00
      vertex   -2.818154e+01 -3.247770e+01 -4.900000e+00
    endloop
  endfacet
  facet normal 0.000000e+00 0.000000e+00 -1.000000e+00
    outer loop
      vertex   -2.818154e+01 -3.247770e+01 -4.900000e+00
      vertex   -2.719378e+01 -2.974203e+01 -4.900000e+00
      vertex   -2.530740e+01 -3.136280e+01 -4.900000e+00
    endloop
  endfacet
  facet normal 0.000000e+00 0.000000e+00 -1.000000e+00
    outer loop
      vertex   -2.818154e+01 -3.247770e+01 -4.900000e+00
      vertex   -2.530740e+01 -3.136280e+01 -4.900000e+00
      vertex   -2.619842e+01 -3.409755e+01 -4.900000e+00
    endloop
  endfacet
  facet normal 0.000000e+00 0.000000e+00 -1.000000e+00
    outer loop
      vertex   -2.619842e+01 -3.409755e+01 -4.900000e+00
      vertex   -2.530740e+01 -3.136280e+01 -4.900000e+00
      vertex   -2.332465e+01 -3.286413e+01 -4.900000e+00
    endloop
  endfacet
  facet normal 0.000000e+00 0.000000e+00 -1.000000e+00
    outer loop
      vertex   -2.619842e+01 -3.409755e+01 -4.900000e+00
      vertex   -2.332465e+01 -3.286413e+01 -4.900000e+00
      vertex   -2.412240e+01 -3.559648e+01 -4.900000e+00
    endloop
  endfacet
  facet normal 0.000000e+00 0.000000e+00 -1.000000e+00
    outer loop
      vertex   -2.412240e+01 -3.559648e+01 -4.900000e+00
      vertex   -2.332465e+01 -3.286413e+01 -4.900000e+00
      vertex   -2.125306e+01 -3.424029e+01 -4.900000e+00
    endloop
  endfacet
  facet normal 0.000000e+00 0.000000e+00 -1.000000e+00
    outer loop
      vertex   -2.412240e+01 -3.559648e+01 -4.900000e+00
      vertex   -2.125306e+01 -3.424029e+01 -4.900000e+00
      vertex   -2.196084e+01 -3.696919e+01 -4.900000e+00
    endloop
  endfacet
  facet normal 0.000000e+00 0.000000e+00 -1.000000e+00
    outer loop
      vertex   -2.196084e+01 -3.696919e+01 -4.900000e+00
      vertex   -2.125306e+01 -3.424029e+01 -4.900000e+00
      vertex   -1.910053e+01 -3.548605e+01 -4.900000e+00
    endloop
  endfacet
  facet normal 0.000000e+00 0.000000e+00 -1.000000e+00
    outer loop
      vertex   -2.196084e+01 -3.696919e+01 -4.900000e+00
      vertex   -1.910053e+01 -3.548605e+01 -4.900000e+00
      vertex   -1.972141e+01 -3.821081e+01 -4.900000e+00
    endloop
  endfacet
  facet normal 0.000000e+00 0.000000e+00 -1.000000e+00
    outer loop
      vertex   -1.972141e+01 -3.821081e+01 -4.900000e+00
      vertex   -1.910053e+01 -3.548605e+01 -4.900000e+00
      vertex   -1.687526e+01 -3.659666e+01 -4.900000e+00
    endloop
  endfacet
  facet normal 0.000000e+00 0.000000e+00 -1.000000e+00
    outer loop
      vertex   -1.972141e+01 -3.821081e+01 -4.900000e+00
      vertex   -1.687526e+01 -3.659666e+01 -4.900000e+00
      vertex   -1.741204e+01 -3.931693e+01 -4.900000e+00
    endloop
  endfacet
  facet normal 0.000000e+00 0.000000e+00 -1.000000e+00
    outer loop
      vertex   -1.741204e+01 -3.931693e+01 -4.900000e+00
      vertex   -1.687526e+01 -3.659666e+01 -4.900000e+00
      vertex   -1.458571e+01 -3.756790e+01 -4.900000e+00
    endloop
  endfacet
  facet normal 0.000000e+00 0.000000e+00 -1.000000e+00
    outer loop
      vertex   -1.741204e+01 -3.931693e+01 -4.900000e+00
      vertex   -1.458571e+01 -3.756790e+01 -4.900000e+00
      vertex   -1.504093e+01 -4.028363e+01 -4.900000e+00
    endloop
  endfacet
  facet normal 0.000000e+00 0.000000e+00 -1.000000e+00
    outer loop
      vertex   -1.504093e+01 -4.028363e+01 -4.900000e+00
      vertex   -1.458571e+01 -3.756790e+01 -4.900000e+00
      vertex   -1.224062e+01 -3.839606e+01 -4.900000e+00
    endloop
  endfacet
  facet normal 0.000000e+00 0.000000e+00 -1.000000e+00
    outer loop
      vertex   -1.504093e+01 -4.028363e+01 -4.900000e+00
      vertex   -1.224062e+01 -3.839606e+01 -4.900000e+00
      vertex   -1.261648e+01 -4.110747e+01 -4.900000e+00
    endloop
  endfacet
  facet normal 0.000000e+00 0.000000e+00 -1.000000e+00
    outer loop
      vertex   -1.261648e+01 -4.110747e+01 -4.900000e+00
      vertex   -1.224062e+01 -3.839606e+01 -4.900000e+00
      vertex   -9.848913e+00 -3.907799e+01 -4.900000e+00
    endloop
  endfacet
  facet normal 0.000000e+00 0.000000e+00 -1.000000e+00
    outer loop
      vertex   -1.261648e+01 -4.110747e+01 -4.900000e+00
      vertex   -9.848913e+00 -3.907799e+01 -4.900000e+00
      vertex   -1.014729e+01 -4.178555e+01 -4.900000e+00
    endloop
  endfacet
  facet normal 0.000000e+00 0.000000e+00 -1.000000e+00
    outer loop
      vertex   -1.014729e+01 -4.178555e+01 -4.900000e+00
      vertex   -9.848913e+00 -3.907799e+01 -4.900000e+00
      vertex   -7.419694e+00 -3.961109e+01 -4.900000e+00
    endloop
  endfacet
  facet normal 0.000000e+00 0.000000e+00 -1.000000e+00
    outer loop
      vertex   -1.014729e+01 -4.178555e+01 -4.900000e+00
      vertex   -7.419694e+00 -3.961109e+01 -4.900000e+00
      vertex   -7.642124e+00 -4.231546e+01 -4.900000e+00
    endloop
  endfacet
  facet normal 0.000000e+00 0.000000e+00 -1.000000e+00
    outer loop
      vertex   -7.642124e+00 -4.231546e+01 -4.900000e+00
      vertex   -7.419694e+00 -3.961109e+01 -4.900000e+00
      vertex   -4.962217e+00 -3.999333e+01 -4.900000e+00
    endloop
  endfacet
  facet normal 0.000000e+00 0.000000e+00 -1.000000e+00
    outer loop
      vertex   -7.642124e+00 -4.231546e+01 -4.900000e+00
      vertex   -4.962217e+00 -3.999333e+01 -4.900000e+00
      vertex   -5.109855e+00 -4.269531e+01 -4.900000e+00
    endloop
  endfacet
  facet normal 0.000000e+00 0.000000e+00 -1.000000e+00
    outer loop
      vertex   -5.109855e+00 -4.269531e+01 -4.900000e+00
      vertex   -4.962217e+00 -3.999333e+01 -4.900000e+00
      vertex   -2.485842e+00 -4.022326e+01 -4.900000e+00
    endloop
  endfacet
  facet normal 0.000000e+00 0.000000e+00 -1.000000e+00
    outer loop
      vertex   -5.109855e+00 -4.269531e+01 -4.900000e+00
      vertex   -2.485842e+00 -4.022326e+01 -4.900000e+00
      vertex   -2.559465e+00 -4.292376e+01 -4.900000e+00
    endloop
  endfacet
  facet normal 0.000000e+00 0.000000e+00 -1.000000e+00
    outer loop
      vertex   -2.559465e+00 -4.292376e+01 -4.900000e+00
      vertex   -2.485842e+00 -4.022326e+01 -4.900000e+00
      vertex   2.467663e-15 -4.030000e+01 -4.900000e+00
    endloop
  endfacet
  facet normal 0.000000e+00 0.000000e+00 -1.000000e+00
    outer loop
      vertex   -2.559465e+00 -4.292376e+01 -4.900000e+00
      vertex   2.467663e-15 -4.030000e+01 -4.900000e+00
      vertex   -7.898972e-15 -4.300000e+01 -4.900000e+00
    endloop
  endfacet
  facet normal 0.000000e+00 0.000000e+00 -1.000000e+00
    outer loop
      vertex   -7.898972e-15 -4.300000e+01 -4.900000e+00
      vertex   2.467663e-15 -4.030000e+01 -4.900000e+00
      vertex   2.559465e+00 -4.292376e+01 -4.900000e+00
    endloop
  endfacet
  facet normal 0.000000e+00 0.000000e+00 -1.000000e+00
    outer loop
      vertex   2.559465e+00 -4.292376e+01 -4.900000e+00
      vertex   2.467663e-15 -4.030000e+01 -4.900000e+00
      vertex   2.485842e+00 -4.022326e+01 -4.900000e+00
    endloop
  endfacet
  facet normal 0.000000e+00 0.000000e+00 -1.000000e+00
    outer loop
      vertex   2.559465e+00 -4.292376e+01 -4.900000e+00
      vertex   2.485842e+00 -4.022326e+01 -4.900000e+00
      vertex   5.109855e+00 -4.269531e+01 -4.900000e+00
    endloop
  endfacet
  facet normal 0.000000e+00 0.000000e+00 -1.000000e+00
    outer loop
      vertex   5.109855e+00 -4.269531e+01 -4.900000e+00
      vertex   2.485842e+00 -4.022326e+01 -4.900000e+00
      vertex   4.962217e+00 -3.999333e+01 -4.900000e+00
    endloop
  endfacet
  facet normal 0.000000e+00 0.000000e+00 -1.000000e+00
    outer loop
      vertex   5.109855e+00 -4.269531e+01 -4.900000e+00
      vertex   4.962217e+00 -3.999333e+01 -4.900000e+00
      vertex   7.642124e+00 -4.231546e+01 -4.900000e+00
    endloop
  endfacet
  facet normal 0.000000e+00 0.000000e+00 -1.000000e+00
    outer loop
      vertex   7.642124e+00 -4.231546e+01 -4.900000e+00
      vertex   4.962217e+00 -3.999333e+01 -4.900000e+00
      vertex   7.419694e+00 -3.961109e+01 -4.900000e+00
    endloop
  endfacet
  facet normal 0.000000e+00 0.000000e+00 -1.000000e+00
    outer loop
      vertex   7.642124e+00 -4.231546e+01 -4.900000e+00
      vertex   7.419694e+00 -3.961109e+01 -4.900000e+00
      vertex   1.014729e+01 -4.178555e+01 -4.900000e+00
    endloop
  endfacet
  facet normal 0.000000e+00 0.000000e+00 -1.000000e+00
    outer loop
      vertex   1.014729e+01 -4.178555e+01 -4.900000e+00
      vertex   7.419694e+00 -3.961109e+01 -4.900000e+00
      vertex   9.848913e+00 -3.907799e+01 -4.900000e+00
    endloop
  endfacet
  facet normal 0.000000e+00 0.000000e+00 -1.000000e+00
    outer loop
      vertex   1.014729e+01 -4.178555e+01 -4.900000e+00
      vertex   9.848913e+00 -3.907799e+01 -4.900000e+00
      vertex   1.261648e+01 -4.110747e+01 -4.900000e+00
    endloop
  endfacet
  facet normal 0.000000e+00 0.000000e+00 -1.000000e+00
    outer loop
      vertex   1.261648e+01 -4.110747e+01 -4.900000e+00
      vertex   9.848913e+00 -3.907799e+01 -4.900000e+00
      vertex   1.224062e+01 -3.839606e+01 -4.900000e+00
    endloop
  endfacet
  facet normal 0.000000e+00 0.000000e+00 -1.000000e+00
    outer loop
      vertex   1.261648e+01 -4.110747e+01 -4.900000e+00
      vertex   1.224062e+01 -3.839606e+01 -4.900000e+00
      vertex   1.504093e+01 -4.028363e+01 -4.900000e+00
    endloop
  endfacet
  facet normal 0.000000e+00 0.000000e+00 -1.000000e+00
    outer loop
      vertex   1.504093e+01 -4.028363e+01 -4.900000e+00
      vertex   1.224062e+01 -3.839606e+01 -4.900000e+00
      vertex   1.458571e+01 -3.756790e+01 -4.900000e+00
    endloop
  endfacet
  facet normal 0.000000e+00 0.000000e+00 -1.000000e+00
    outer loop
      vertex   1.504093e+01 -4.028363e+01 -4.900000e+00
      vertex   1.458571e+01 -3.756790e+01 -4.900000e+00
      vertex   1.741204e+01 -3.931693e+01 -4.900000e+00
    endloop
  endfacet
  facet normal 0.000000e+00 0.000000e+00 -1.000000e+00
    outer loop
      vertex   1.741204e+01 -3.931693e+01 -4.900000e+00
      vertex   1.458571e+01 -3.756790e+01 -4.900000e+00
      vertex   1.687526e+01 -3.659666e+01 -4.900000e+00
    endloop
  endfacet
  facet normal 0.000000e+00 0.000000e+00 -1.000000e+00
    outer loop
      vertex   1.741204e+01 -3.931693e+01 -4.900000e+00
      vertex   1.687526e+01 -3.659666e+01 -4.900000e+00
      vertex   1.972141e+01 -3.821081e+01 -4.900000e+00
    endloop
  endfacet
  facet normal 0.000000e+00 0.000000e+00 -1.000000e+00
    outer loop
      vertex   1.972141e+01 -3.821081e+01 -4.900000e+00
      vertex   1.687526e+01 -3.659666e+01 -4.900000e+00
      vertex   1.910053e+01 -3.548605e+01 -4.900000e+00
    endloop
  endfacet
  facet normal 0.000000e+00 0.000000e+00 -1.000000e+00
    outer loop
      vertex   1.972141e+01 -3.821081e+01 -4.900000e+00
      vertex   1.910053e+01 -3.548605e+01 -4.900000e+00
      vertex   2.196084e+01 -3.696919e+01 -4.900000e+00
    endloop
  endfacet
  facet normal 0.000000e+00 0.000000e+00 -1.000000e+00
    outer loop
      vertex   2.196084e+01 -3.696919e+01 -4.900000e+00
      vertex   1.910053e+01 -3.548605e+01 -4.900000e+00
      vertex   2.125306e+01 -3.424029e+01 -4.900000e+00
    endloop
  endfacet
  facet normal 0.000000e+00 0.000000e+00 -1.000000e+00
    outer loop
      vertex   2.196084e+01 -3.696919e+01 -4.900000e+00
      vertex   2.125306e+01 -3.424029e+01 -4.900000e+00
      vertex   2.412240e+01 -3.559648e+01 -4.900000e+00
    endloop
  endfacet
  facet normal 0.000000e+00 0.000000e+00 -1.000000e+00
    outer loop
      vertex   2.412240e+01 -3.559648e+01 -4.900000e+00
      vertex   2.125306e+01 -3.424029e+01 -4.900000e+00
      vertex   2.332465e+01 -3.286413e+01 -4.900000e+00
    endloop
  endfacet
  facet normal 0.000000e+00 0.000000e+00 -1.000000e+00
    outer loop
      vertex   2.412240e+01 -3.559648e+01 -4.900000e+00
      vertex   2.332465e+01 -3.286413e+01 -4.900000e+00
      vertex   2.619842e+01 -3.409755e+01 -4.900000e+00
    endloop
  endfacet
  facet normal 0.000000e+00 0.000000e+00 -1.000000e+00
    outer loop
      vertex   2.619842e+01 -3.409755e+01 -4.900000e+00
      vertex   2.332465e+01 -3.286413e+01 -4.900000e+00
      vertex   2.530740e+01 -3.136280e+01 -4.900000e+00
    endloop
  endfacet
  facet normal 0.000000e+00 0.000000e+00 -1.000000e+00
    outer loop
      vertex   2.619842e+01 -3.409755e+01 -4.900000e+00
      vertex   2.530740e+01 -3.136280e+01 -4.900000e+00
      vertex   2.818154e+01 -3.247770e+01 -4.900000e+00
    endloop
  endfacet
  facet normal 0.000000e+00 0.000000e+00 -1.000000e+00
    outer loop
      vertex   2.818154e+01 -3.247770e+01 -4.900000e+00
      vertex   2.530740e+01 -3.136280e+01 -4.900000e+00
      vertex   2.719378e+01 -2.974203e+01 -4.900000e+00
    endloop
  endfacet
  facet normal 0.000000e+00 0.000000e+00 -1.000000e+00
    outer loop
      vertex   2.818154e+01 -3.247770e+01 -4.900000e+00
      vertex   2.719378e+01 -2.974203e+01 -4.900000e+00
      vertex   3.006473e+01 -3.074268e+01 -4.900000e+00
    endloop
  endfacet
  facet normal 0.000000e+00 0.000000e+00 -1.000000e+00
    outer loop
      vertex   3.006473e+01 -3.074268e+01 -4.900000e+00
      vertex   2.719378e+01 -2.974203e+01 -4.900000e+00
      vertex   2.897658e+01 -2.800799e+01 -4.900000e+00
    endloop
  endfacet
  facet normal 0.000000e+00 0.000000e+00 -1.000000e+00
    outer loop
      vertex   3.006473e+01 -3.074268e+01 -4.900000e+00
      vertex   2.897658e+01 -2.800799e+01 -4.900000e+00
      vertex   3.184130e+01 -2.889864e+01 -4.900000e+00
    endloop
  endfacet
  facet normal 0.000000e+00 0.000000e+00 -1.000000e+00
    outer loop
      vertex   3.184130e+01 -2.889864e+01 -4.900000e+00
      vertex   2.897658e+01 -2.800799e+01 -4.900000e+00
      vertex   3.064903e+01 -2.616728e+01 -4.900000e+00
    endloop
  endfacet
  facet normal 0.000000e+00 0.000000e+00 -1.000000e+00
    outer loop
      vertex   3.184130e+01 -2.889864e+01 -4.900000e+00
      vertex   3.064903e+01 -2.616728e+01 -4.900000e+00
      vertex   3.350496e+01 -2.695213e+01 -4.900000e+00
    endloop
  endfacet
  facet normal 0.000000e+00 0.000000e+00 -1.000000e+00
    outer loop
      vertex   3.350496e+01 -2.695213e+01 -4.900000e+00
      vertex   3.064903e+01 -2.616728e+01 -4.900000e+00
      vertex   3.220476e+01 -2.422692e+01 -4.900000e+00
    endloop
  endfacet
  facet normal 0.000000e+00 0.000000e+00 -1.000000e+00
    outer loop
      vertex   3.350496e+01 -2.695213e+01 -4.900000e+00
      vertex   3.220476e+01 -2.422692e+01 -4.900000e+00
      vertex   3.504982e+01 -2.491005e+01 -4.900000e+00
    endloop
  endfacet
  facet normal 0.000000e+00 0.000000e+00 -1.000000e+00
    outer loop
      vertex   3.504982e+01 -2.491005e+01 -4.900000e+00
      vertex   3.220476e+01 -2.422692e+01 -4.900000e+00
      vertex   3.363783e+01 -2.219428e+01 -4.900000e+00
    endloop
  endfacet
  facet normal 0.000000e+00 0.000000e+00 -1.000000e+00
    outer loop
      vertex   3.504982e+01 -2.491005e+01 -4.900000e+00
      vertex   3.363783e+01 -2.219428e+01 -4.900000e+00
      vertex   3.647038e+01 -2.277963e+01 -4.900000e+00
    endloop
  endfacet
  facet normal 0.000000e+00 0.000000e+00 -1.000000e+00
    outer loop
      vertex   3.647038e+01 -2.277963e+01 -4.900000e+00
      vertex   3.363783e+01 -2.219428e+01 -4.900000e+00
      vertex   3.494280e+01 -2.007712e+01 -4.900000e+00
    endloop
  endfacet
  facet normal 0.000000e+00 0.000000e+00 -1.000000e+00
    outer loop
      vertex   3.647038e+01 -2.277963e+01 -4.900000e+00
      vertex   3.494280e+01 -2.007712e+01 -4.900000e+00
      vertex   3.776161e+01 -2.056843e+01 -4.900000e+00
    endloop
  endfacet
  facet normal 0.000000e+00 0.000000e+00 -1.000000e+00
    outer loop
      vertex   3.776161e+01 -2.056843e+01 -4.900000e+00
      vertex   3.494280e+01 -2.007712e+01 -4.900000e+00
      vertex   3.611468e+01 -1.788350e+01 -4.900000e+00
    endloop
  endfacet
  facet normal 0.000000e+00 0.000000e+00 -1.000000e+00
    outer loop
      vertex   3.776161e+01 -2.056843e+01 -4.900000e+00
      vertex   3.611468e+01 -1.788350e+01 -4.900000e+00
      vertex   3.891894e+01 -1.828430e+01 -4.900000e+00
    endloop
  endfacet
  facet normal 0.000000e+00 0.000000e+00 -1.000000e+00
    outer loop
      vertex   3.891894e+01 -1.828430e+01 -4.900000e+00
      vertex   3.611468e+01 -1.788350e+01 -4.900000e+00
      vertex   3.714903e+01 -1.562177e+01 -4.900000e+00
    endloop
  endfacet
  facet normal 0.000000e+00 0.000000e+00 -1.000000e+00
    outer loop
      vertex   3.891894e+01 -1.828430e+01 -4.900000e+00
      vertex   3.714903e+01 -1.562177e+01 -4.900000e+00
      vertex   3.993827e+01 -1.593533e+01 -4.900000e+00
    endloop
  endfacet
  facet normal 0.000000e+00 0.000000e+00 -1.000000e+00
    outer loop
      vertex   3.993827e+01 -1.593533e+01 -4.900000e+00
      vertex   3.714903e+01 -1.562177e+01 -4.900000e+00
      vertex   3.804189e+01 -1.330054e+01 -4.900000e+00
    endloop
  endfacet
  facet normal 0.000000e+00 0.000000e+00 -1.000000e+00
    outer loop
      vertex   3.993827e+01 -1.593533e+01 -4.900000e+00
      vertex   3.804189e+01 -1.330054e+01 -4.900000e+00
      vertex   4.081597e+01 -1.352986e+01 -4.900000e+00
    endloop
  endfacet
  facet normal 0.000000e+00 0.000000e+00 -1.000000e+00
    outer loop
      vertex   4.081597e+01 -1.352986e+01 -4.900000e+00
      vertex   3.804189e+01 -1.330054e+01 -4.900000e+00
      vertex   3.878988e+01 -1.092866e+01 -4.900000e+00
    endloop
  endfacet
  facet normal 0.000000e+00 0.000000e+00 -1.000000e+00
    outer loop
      vertex   4.081597e+01 -1.352986e+01 -4.900000e+00
      vertex   3.878988e+01 -1.092866e+01 -4.900000e+00
      vertex   4.154893e+01 -1.107640e+01 -4.900000e+00
    endloop
  endfacet
  facet normal 0.000000e+00 0.000000e+00 -1.000000e+00
    outer loop
      vertex   4.154893e+01 -1.107640e+01 -4.900000e+00
      vertex   3.878988e+01 -1.092866e+01 -4.900000e+00
      vertex   3.939013e+01 -8.515155e+00 -4.900000e+00
    endloop
  endfacet
  facet normal 0.000000e+00 0.000000e+00 -1.000000e+00
    outer loop
      vertex   4.154893e+01 -1.107640e+01 -4.900000e+00
      vertex   3.939013e+01 -8.515155e+00 -4.900000e+00
      vertex   4.213455e+01 -8.583668e+00 -4.900000e+00
    endloop
  endfacet
  facet normal 0.000000e+00 0.000000e+00 -1.000000e+00
    outer loop
      vertex   4.213455e+01 -8.583668e+00 -4.900000e+00
      vertex   3.939013e+01 -8.515155e+00 -4.900000e+00
      vertex   3.984036e+01 -6.069222e+00 -4.900000e+00
    endloop
  endfacet
  facet normal 0.000000e+00 0.000000e+00 -1.000000e+00
    outer loop
      vertex   4.213455e+01 -8.583668e+00 -4.900000e+00
      vertex   3.984036e+01 -6.069222e+00 -4.900000e+00
      vertex   4.257077e+01 -6.060497e+00 -4.900000e+00
    endloop
  endfacet
  facet normal -0.000000e+00 0.000000e+00 -1.000000e+00
    outer loop
      vertex   4.257077e+01 -6.060497e+00 -4.900000e+00
      vertex   3.984036e+01 -6.069222e+00 -4.900000e+00
      vertex   4.013887e+01 -3.600174e+00 -4.900000e+00
    endloop
  endfacet
  facet normal 0.000000e+00 0.000000e+00 -1.000000e+00
    outer loop
      vertex   4.257077e+01 -6.060497e+00 -4.900000e+00
      vertex   4.013887e+01 -3.600174e+00 -4.900000e+00
      vertex   4.285603e+01 -3.515835e+00 -4.900000e+00
    endloop
  endfacet
  facet normal -0.000000e+00 0.000000e+00 -1.000000e+00
    outer loop
      vertex   4.285603e+01 -3.515835e+00 -4.900000e+00
      vertex   4.013887e+01 -3.600174e+00 -4.900000e+00
      vertex   4.028451e+01 -1.117416e+00 -4.900000e+00
    endloop
  endfacet
  facet normal 0.000000e+00 0.000000e+00 -1.000000e+00
    outer loop
      vertex   4.285603e+01 -3.515835e+00 -4.900000e+00
      vertex   4.028451e+01 -1.117416e+00 -4.900000e+00
      vertex   4.298931e+01 -9.587053e-01 -4.900000e+00
    endloop
  endfacet
  facet normal -0.000000e+00 0.000000e+00 -1.000000e+00
    outer loop
      vertex   4.298931e+01 -9.587053e-01 -4.900000e+00
      vertex   4.028451e+01 -1.117416e+00 -4.900000e+00
      vertex   4.027672e+01 1.369599e+00 -4.900000e+00
    endloop
  endfacet
  facet normal 0.000000e+00 0.000000e+00 -1.000000e+00
    outer loop
      vertex   4.298931e+01 -9.587053e-01 -4.900000e+00
      vertex   4.027672e+01 1.369599e+00 -4.900000e+00
      vertex   4.297015e+01 1.601824e+00 -4.900000e+00
    endloop
  endfacet
  facet normal -0.000000e+00 0.000000e+00 -1.000000e+00
    outer loop
      vertex   4.297015e+01 1.601824e+00 -4.900000e+00
      vertex   4.027672e+01 1.369599e+00 -4.900000e+00
      vertex   4.011554e+01 3.851397e+00 -4.900000e+00
    endloop
  endfacet
  facet normal 0.000000e+00 0.000000e+00 -1.000000e+00
    outer loop
      vertex   4.297015e+01 1.601824e+00 -4.900000e+00
      vertex   4.011554e+01 3.851397e+00 -4.900000e+00
      vertex   4.279862e+01 4.156673e+00 -4.900000e+00
    endloop
  endfacet
  facet normal -0.000000e+00 0.000000e+00 -1.000000e+00
    outer loop
      vertex   4.279862e+01 4.156673e+00 -4.900000e+00
      vertex   4.011554e+01 3.851397e+00 -4.900000e+00
      vertex   3.980159e+01 6.318527e+00 -4.900000e+00
    endloop
  endfacet
  facet normal 0.000000e+00 0.000000e+00 -1.000000e+00
    outer loop
      vertex   4.279862e+01 4.156673e+00 -4.900000e+00
      vertex   3.980159e+01 6.318527e+00 -4.900000e+00
      vertex   4.247532e+01 6.696782e+00 -4.900000e+00
    endloop
  endfacet
  facet normal -0.000000e+00 0.000000e+00 -1.000000e+00
    outer loop
      vertex   4.247532e+01 6.696782e+00 -4.900000e+00
      vertex   3.980159e+01 6.318527e+00 -4.900000e+00
      vertex   4.200140e+01 9.213143e+00 -4.900000e+00
    endloop
  endfacet
  facet normal 0.000000e+00 0.000000e+00 -1.000000e+00
    outer loop
      vertex   4.200140e+01 9.213143e+00 -4.900000e+00
      vertex   3.980159e+01 6.318527e+00 -4.900000e+00
      vertex   3.933605e+01 8.761594e+00 -4.900000e+00
    endloop
  endfacet
  facet normal -0.000000e+00 0.000000e+00 -1.000000e+00
    outer loop
      vertex   4.200140e+01 9.213143e+00 -4.900000e+00
      vertex   3.933605e+01 8.761594e+00 -4.900000e+00
      vertex   4.137855e+01 1.169683e+01 -4.900000e+00
    endloop
  endfacet
  facet normal 0.000000e+00 0.000000e+00 -1.000000e+00
    outer loop
      vertex   4.137855e+01 1.169683e+01 -4.900000e+00
      vertex   3.933605e+01 8.761594e+00 -4.900000e+00
      vertex   3.872070e+01 1.117129e+01 -4.900000e+00
    endloop
  endfacet
  facet normal -0.000000e+00 0.000000e+00 -1.000000e+00
    outer loop
      vertex   4.137855e+01 1.169683e+01 -4.900000e+00
      vertex   3.872070e+01 1.117129e+01 -4.900000e+00
      vertex   4.060896e+01 1.413905e+01 -4.900000e+00
    endloop
  endfacet
  facet normal 0.000000e+00 0.000000e+00 -1.000000e+00
    outer loop
      vertex   4.060896e+01 1.413905e+01 -4.900000e+00
      vertex   3.872070e+01 1.117129e+01 -4.900000e+00
      vertex   3.795788e+01 1.353844e+01 -4.900000e+00
    endloop
  endfacet
  facet normal -0.000000e+00 0.000000e+00 -1.000000e+00
    outer loop
      vertex   4.060896e+01 1.413905e+01 -4.900000e+00
      vertex   3.795788e+01 1.353844e+01 -4.900000e+00
      vertex   3.969536e+01 1.653112e+01 -4.900000e+00
    endloop
  endfacet
  facet normal 0.000000e+00 0.000000e+00 -1.000000e+00
    outer loop
      vertex   3.969536e+01 1.653112e+01 -4.900000e+00
      vertex   3.795788e+01 1.353844e+01 -4.900000e+00
      vertex   3.705050e+01 1.585404e+01 -4.900000e+00
    endloop
  endfacet
  facet normal -0.000000e+00 0.000000e+00 -1.000000e+00
    outer loop
      vertex   3.969536e+01 1.653112e+01 -4.900000e+00
      vertex   3.705050e+01 1.585404e+01 -4.900000e+00
      vertex   3.864101e+01 1.886458e+01 -4.900000e+00
    endloop
  endfacet
  facet normal 0.000000e+00 0.000000e+00 -1.000000e+00
    outer loop
      vertex   3.864101e+01 1.886458e+01 -4.900000e+00
      vertex   3.705050e+01 1.585404e+01 -4.900000e+00
      vertex   3.600202e+01 1.810925e+01 -4.900000e+00
    endloop
  endfacet
  facet normal -0.000000e+00 0.000000e+00 -1.000000e+00
    outer loop
      vertex   3.864101e+01 1.886458e+01 -4.900000e+00
      vertex   3.600202e+01 1.810925e+01 -4.900000e+00
      vertex   3.744963e+01 2.113114e+01 -4.900000e+00
    endloop
  endfacet
  facet normal 0.000000e+00 0.000000e+00 -1.000000e+00
    outer loop
      vertex   3.744963e+01 2.113114e+01 -4.900000e+00
      vertex   3.600202e+01 1.810925e+01 -4.900000e+00
      vertex   3.481642e+01 2.029549e+01 -4.900000e+00
    endloop
  endfacet
  facet normal -0.000000e+00 0.000000e+00 -1.000000e+00
    outer loop
      vertex   3.744963e+01 2.113114e+01 -4.900000e+00
      vertex   3.481642e+01 2.029549e+01 -4.900000e+00
      vertex   3.612546e+01 2.332277e+01 -4.900000e+00
    endloop
  endfacet
  facet normal 0.000000e+00 0.000000e+00 -1.000000e+00
    outer loop
      vertex   3.612546e+01 2.332277e+01 -4.900000e+00
      vertex   3.481642e+01 2.029549e+01 -4.900000e+00
      vertex   3.349822e+01 2.240444e+01 -4.900000e+00
    endloop
  endfacet
  facet normal -0.000000e+00 0.000000e+00 -1.000000e+00
    outer loop
      vertex   3.612546e+01 2.332277e+01 -4.900000e+00
      vertex   3.349822e+01 2.240444e+01 -4.900000e+00
      vertex   3.467318e+01 2.543169e+01 -4.900000e+00
    endloop
  endfacet
  facet normal 0.000000e+00 0.000000e+00 -1.000000e+00
    outer loop
      vertex   3.467318e+01 2.543169e+01 -4.900000e+00
      vertex   3.349822e+01 2.240444e+01 -4.900000e+00
      vertex   3.205245e+01 2.442806e+01 -4.900000e+00
    endloop
  endfacet
  facet normal -0.000000e+00 0.000000e+00 -1.000000e+00
    outer loop
      vertex   3.467318e+01 2.543169e+01 -4.900000e+00
      vertex   3.205245e+01 2.442806e+01 -4.900000e+00
      vertex   3.309794e+01 2.745043e+01 -4.900000e+00
    endloop
  endfacet
  facet normal 0.000000e+00 0.000000e+00 -1.000000e+00
    outer loop
      vertex   3.309794e+01 2.745043e+01 -4.900000e+00
      vertex   3.205245e+01 2.442806e+01 -4.900000e+00
      vertex   3.048461e+01 2.635865e+01 -4.900000e+00
    endloop
  endfacet
  facet normal -0.000000e+00 0.000000e+00 -1.000000e+00
    outer loop
      vertex   3.309794e+01 2.745043e+01 -4.900000e+00
      vertex   3.048461e+01 2.635865e+01 -4.900000e+00
      vertex   3.140534e+01 2.937183e+01 -4.900000e+00
    endloop
  endfacet
  facet normal 0.000000e+00 0.000000e+00 -1.000000e+00
    outer loop
      vertex   3.140534e+01 2.937183e+01 -4.900000e+00
      vertex   3.048461e+01 2.635865e+01 -4.900000e+00
      vertex   2.880067e+01 2.818885e+01 -4.900000e+00
    endloop
  endfacet
  facet normal -0.000000e+00 0.000000e+00 -1.000000e+00
    outer loop
      vertex   3.140534e+01 2.937183e+01 -4.900000e+00
      vertex   2.880067e+01 2.818885e+01 -4.900000e+00
      vertex   2.960138e+01 3.118908e+01 -4.900000e+00
    endloop
  endfacet
  facet normal 0.000000e+00 0.000000e+00 -1.000000e+00
    outer loop
      vertex   2.960138e+01 3.118908e+01 -4.900000e+00
      vertex   2.880067e+01 2.818885e+01 -4.900000e+00
      vertex   2.700704e+01 2.991170e+01 -4.900000e+00
    endloop
  endfacet
  facet normal -0.000000e+00 0.000000e+00 -1.000000e+00
    outer loop
      vertex   2.960138e+01 3.118908e+01 -4.900000e+00
      vertex   2.700704e+01 2.991170e+01 -4.900000e+00
      vertex   2.769244e+01 3.289572e+01 -4.900000e+00
    endloop
  endfacet
  facet normal 0.000000e+00 0.000000e+00 -1.000000e+00
    outer loop
      vertex   2.769244e+01 3.289572e+01 -4.900000e+00
      vertex   2.700704e+01 2.991170e+01 -4.900000e+00
      vertex   2.511056e+01 3.152063e+01 -4.900000e+00
    endloop
  endfacet
  facet normal -0.000000e+00 0.000000e+00 -1.000000e+00
    outer loop
      vertex   2.769244e+01 3.289572e+01 -4.900000e+00
      vertex   2.511056e+01 3.152063e+01 -4.900000e+00
      vertex   2.568531e+01 3.448572e+01 -4.900000e+00
    endloop
  endfacet
  facet normal 0.000000e+00 0.000000e+00 -1.000000e+00
    outer loop
      vertex   2.568531e+01 3.448572e+01 -4.900000e+00
      vertex   2.511056e+01 3.152063e+01 -4.900000e+00
      vertex   2.311844e+01 3.300951e+01 -4.900000e+00
    endloop
  endfacet
  facet normal -0.000000e+00 0.000000e+00 -1.000000e+00
    outer loop
      vertex   2.568531e+01 3.448572e+01 -4.900000e+00
      vertex   2.311844e+01 3.300951e+01 -4.900000e+00
      vertex   2.358709e+01 3.595343e+01 -4.900000e+00
    endloop
  endfacet
  facet normal 0.000000e+00 0.000000e+00 -1.000000e+00
    outer loop
      vertex   2.358709e+01 3.595343e+01 -4.900000e+00
      vertex   2.311844e+01 3.300951e+01 -4.900000e+00
      vertex   2.103828e+01 3.437268e+01 -4.900000e+00
    endloop
  endfacet
  facet normal -0.000000e+00 0.000000e+00 -1.000000e+00
    outer loop
      vertex   2.358709e+01 3.595343e+01 -4.900000e+00
      vertex   2.103828e+01 3.437268e+01 -4.900000e+00
      vertex   2.140524e+01 3.729364e+01 -4.900000e+00
    endloop
  endfacet
  facet normal 0.000000e+00 0.000000e+00 -1.000000e+00
    outer loop
      vertex   2.140524e+01 3.729364e+01 -4.900000e+00
      vertex   2.103828e+01 3.437268e+01 -4.900000e+00
      vertex   1.887799e+01 3.560494e+01 -4.900000e+00
    endloop
  endfacet
  facet normal -0.000000e+00 0.000000e+00 -1.000000e+00
    outer loop
      vertex   2.140524e+01 3.729364e+01 -4.900000e+00
      vertex   1.887799e+01 3.560494e+01 -4.900000e+00
      vertex   1.914747e+01 3.850161e+01 -4.900000e+00
    endloop
  endfacet
  facet normal 0.000000e+00 0.000000e+00 -1.000000e+00
    outer loop
      vertex   1.914747e+01 3.850161e+01 -4.900000e+00
      vertex   1.887799e+01 3.560494e+01 -4.900000e+00
      vertex   1.664581e+01 3.670159e+01 -4.900000e+00
    endloop
  endfacet
  facet normal -0.000000e+00 0.000000e+00 -1.000000e+00
    outer loop
      vertex   1.914747e+01 3.850161e+01 -4.900000e+00
      vertex   1.664581e+01 3.670159e+01 -4.900000e+00
      vertex   1.682181e+01 3.957305e+01 -4.900000e+00
    endloop
  endfacet
  facet normal 0.000000e+00 0.000000e+00 -1.000000e+00
    outer loop
      vertex   1.682181e+01 3.957305e+01 -4.900000e+00
      vertex   1.664581e+01 3.670159e+01 -4.900000e+00
      vertex   1.435023e+01 3.765848e+01 -4.900000e+00
    endloop
  endfacet
  facet normal -0.000000e+00 0.000000e+00 -1.000000e+00
    outer loop
      vertex   1.682181e+01 3.957305e+01 -4.900000e+00
      vertex   1.435023e+01 3.765848e+01 -4.900000e+00
      vertex   1.443650e+01 4.050416e+01 -4.900000e+00
    endloop
  endfacet
  facet normal 0.000000e+00 0.000000e+00 -1.000000e+00
    outer loop
      vertex   1.443650e+01 4.050416e+01 -4.900000e+00
      vertex   1.435023e+01 3.765848e+01 -4.900000e+00
      vertex   1.200000e+01 3.847194e+01 -4.900000e+00
    endloop
  endfacet
  facet normal -0.000000e+00 0.000000e+00 -1.000000e+00
    outer loop
      vertex   1.443650e+01 4.050416e+01 -4.900000e+00
      vertex   1.200000e+01 3.847194e+01 -4.900000e+00
      vertex   1.200000e+01 4.129165e+01 -4.900000e+00
    endloop
  endfacet
  facet normal 1.000000e+00 4.177289e-07 0.000000e+00
    outer loop
      vertex   -1.200000e+01 3.847194e+01 -3.900000e+00
      vertex   -1.200000e+01 3.847194e+01 -4.900000e+00
      vertex   -1.200000e+01 3.890000e+01 -3.900000e+00
    endloop
  endfacet
  facet normal 1.000000e+00 0.000000e+00 1.788139e-07
    outer loop
      vertex   -1.200000e+01 3.890000e+01 -3.900000e+00
      vertex   -1.200000e+01 3.847194e+01 -4.900000e+00
      vertex   -1.200000e+01 4.129165e+01 -4.900000e+00
    endloop
  endfacet
  facet normal 1.000000e+00 -7.476606e-08 -8.467884e-25
    outer loop
      vertex   -1.200000e+01 3.890000e+01 -3.900000e+00
      vertex   -1.200000e+01 4.129165e+01 -4.900000e+00
      vertex   -1.200000e+01 4.129165e+01 -1.400000e+00
    endloop
  endfacet
  facet normal 1.000000e+00 -7.476606e-08 -1.185504e-24
    outer loop
      vertex   -1.200000e+01 4.129165e+01 -1.400000e+00
      vertex   -1.200000e+01 3.890000e+01 -1.400000e+00
      vertex   -1.200000e+01 3.890000e+01 -3.900000e+00
    endloop
  endfacet
  facet normal 1.000000e+00 0.000000e+00 0.000000e+00
    outer loop
      vertex   -1.200000e+01 2.749545e+01 -4.900000e+00
      vertex   -1.200000e+01 3.362276e+01 -4.900000e+00
      vertex   -1.200000e+01 2.749545e+01 -3.900000e+00
    endloop
  endfacet
  facet normal 1.000000e+00 0.000000e+00 0.000000e+00
    outer loop
      vertex   -1.200000e+01 2.749545e+01 -3.900000e+00
      vertex   -1.200000e+01 3.362276e+01 -4.900000e+00
      vertex   -1.200000e+01 3.362276e+01 -3.900000e+00
    endloop
  endfacet
  facet normal -1.000000e+00 0.000000e+00 0.000000e+00
    outer loop
      vertex   1.200000e+01 3.847194e+01 -3.900000e+00
      vertex   1.200000e+01 3.890000e+01 -3.900000e+00
      vertex   1.200000e+01 3.847194e+01 -4.900000e+00
    endloop
  endfacet
  facet normal -1.000000e+00 1.889937e-15 -8.090106e-16
    outer loop
      vertex   1.200000e+01 3.847194e+01 -4.900000e+00
      vertex   1.200000e+01 3.890000e+01 -3.900000e+00
      vertex   1.200000e+01 4.129165e+01 -4.900000e+00
    endloop
  endfacet
  facet normal -1.000000e+00 2.015993e-15 -5.075305e-16
    outer loop
      vertex   1.200000e+01 4.129165e+01 -4.900000e+00
      vertex   1.200000e+01 3.890000e+01 -3.900000e+00
      vertex   1.200000e+01 4.129165e+01 -1.400000e+00
    endloop
  endfacet
  facet normal -1.000000e+00 1.485468e-15 0.000000e+00
    outer loop
      vertex   1.200000e+01 4.129165e+01 -1.400000e+00
      vertex   1.200000e+01 3.890000e+01 -3.900000e+00
      vertex   1.200000e+01 3.890000e+01 -1.400000e+00
    endloop
  endfacet
  facet normal 2.232469e-01 9.747619e-01 -0.000000e+00
    outer loop
      vertex   7.922904e+00 4.022720e+01 3.200000e+00
      vertex   7.922904e+00 4.022720e+01 4.900000e+00
      vertex   1.037473e+01 3.966567e+01 3.200000e+00
    endloop
  endfacet
  facet normal 2.232469e-01 9.747619e-01 -0.000000e+00
    outer loop
      vertex   1.037473e+01 3.966567e+01 3.200000e+00
      vertex   7.922904e+00 4.022720e+01 4.900000e+00
      vertex   1.037473e+01 3.966567e+01 4.900000e+00
    endloop
  endfacet
  facet normal 2.825993e-01 9.592381e-01 -0.000000e+00
    outer loop
      vertex   1.037473e+01 3.966567e+01 3.200000e+00
      vertex   1.037473e+01 3.966567e+01 4.900000e+00
      vertex   1.278751e+01 3.895484e+01 3.200000e+00
    endloop
  endfacet
  facet normal 2.825993e-01 9.592381e-01 -0.000000e+00
    outer loop
      vertex   1.278751e+01 3.895484e+01 3.200000e+00
      vertex   1.037473e+01 3.966567e+01 4.900000e+00
      vertex   1.278751e+01 3.895484e+01 4.900000e+00
    endloop
  endfacet
  facet normal 3.408880e-01 9.401039e-01 -0.000000e+00
    outer loop
      vertex   1.278751e+01 3.895484e+01 3.200000e+00
      vertex   1.278751e+01 3.895484e+01 4.900000e+00
      vertex   1.515216e+01 3.809740e+01 3.200000e+00
    endloop
  endfacet
  facet normal 3.408880e-01 9.401039e-01 -0.000000e+00
    outer loop
      vertex   1.515216e+01 3.809740e+01 3.200000e+00
      vertex   1.278751e+01 3.895484e+01 4.900000e+00
      vertex   1.515216e+01 3.809740e+01 4.900000e+00
    endloop
  endfacet
  facet normal 3.978937e-01 9.174315e-01 -0.000000e+00
    outer loop
      vertex   1.515216e+01 3.809740e+01 3.200000e+00
      vertex   1.515216e+01 3.809740e+01 4.900000e+00
      vertex   1.745978e+01 3.709658e+01 3.200000e+00
    endloop
  endfacet
  facet normal 3.978937e-01 9.174315e-01 -0.000000e+00
    outer loop
      vertex   1.745978e+01 3.709658e+01 3.200000e+00
      vertex   1.515216e+01 3.809740e+01 4.900000e+00
      vertex   1.745978e+01 3.709658e+01 4.900000e+00
    endloop
  endfacet
  facet normal 4.534019e-01 8.913062e-01 -0.000000e+00
    outer loop
      vertex   1.745978e+01 3.709658e+01 3.200000e+00
      vertex   1.745978e+01 3.709658e+01 4.900000e+00
      vertex   1.970168e+01 3.595614e+01 3.200000e+00
    endloop
  endfacet
  facet normal 4.534019e-01 8.913062e-01 -0.000000e+00
    outer loop
      vertex   1.970168e+01 3.595614e+01 3.200000e+00
      vertex   1.745978e+01 3.709658e+01 4.900000e+00
      vertex   1.970168e+01 3.595614e+01 4.900000e+00
    endloop
  endfacet
  facet normal 5.072036e-01 8.618263e-01 -0.000000e+00
    outer loop
      vertex   1.970168e+01 3.595614e+01 3.200000e+00
      vertex   1.970168e+01 3.595614e+01 4.900000e+00
      vertex   2.186944e+01 3.468036e+01 3.200000e+00
    endloop
  endfacet
  facet normal 5.072036e-01 8.618263e-01 -0.000000e+00
    outer loop
      vertex   2.186944e+01 3.468036e+01 3.200000e+00
      vertex   1.970168e+01 3.595614e+01 4.900000e+00
      vertex   2.186944e+01 3.468036e+01 4.900000e+00
    endloop
  endfacet
  facet normal 5.590964e-01 8.291027e-01 -0.000000e+00
    outer loop
      vertex   2.186944e+01 3.468036e+01 3.200000e+00
      vertex   2.186944e+01 3.468036e+01 4.900000e+00
      vertex   2.395489e+01 3.327406e+01 3.200000e+00
    endloop
  endfacet
  facet normal 5.590964e-01 8.291027e-01 -0.000000e+00
    outer loop
      vertex   2.395489e+01 3.327406e+01 3.200000e+00
      vertex   2.186944e+01 3.468036e+01 4.900000e+00
      vertex   2.395489e+01 3.327406e+01 4.900000e+00
    endloop
  endfacet
  facet normal 6.088849e-01 7.932586e-01 -0.000000e+00
    outer loop
      vertex   2.395489e+01 3.327406e+01 3.200000e+00
      vertex   2.395489e+01 3.327406e+01 4.900000e+00
      vertex   2.595018e+01 3.174253e+01 3.200000e+00
    endloop
  endfacet
  facet normal 6.088849e-01 7.932586e-01 -0.000000e+00
    outer loop
      vertex   2.595018e+01 3.174253e+01 3.200000e+00
      vertex   2.395489e+01 3.327406e+01 4.900000e+00
      vertex   2.595018e+01 3.174253e+01 4.900000e+00
    endloop
  endfacet
  facet normal 6.563817e-01 7.544290e-01 -0.000000e+00
    outer loop
      vertex   2.595018e+01 3.174253e+01 3.200000e+00
      vertex   2.595018e+01 3.174253e+01 4.900000e+00
      vertex   2.784780e+01 3.009153e+01 3.200000e+00
    endloop
  endfacet
  facet normal 6.563817e-01 7.544290e-01 -0.000000e+00
    outer loop
      vertex   2.784780e+01 3.009153e+01 3.200000e+00
      vertex   2.595018e+01 3.174253e+01 4.900000e+00
      vertex   2.784780e+01 3.009153e+01 4.900000e+00
    endloop
  endfacet
  facet normal 7.014081e-01 7.127599e-01 -0.000000e+00
    outer loop
      vertex   2.784780e+01 3.009153e+01 3.200000e+00
      vertex   2.784780e+01 3.009153e+01 4.900000e+00
      vertex   2.964060e+01 2.832728e+01 3.200000e+00
    endloop
  endfacet
  facet normal 7.014081e-01 7.127599e-01 -0.000000e+00
    outer loop
      vertex   2.964060e+01 2.832728e+01 3.200000e+00
      vertex   2.784780e+01 3.009153e+01 4.900000e+00
      vertex   2.964060e+01 2.832728e+01 4.900000e+00
    endloop
  endfacet
  facet normal 7.437947e-01 6.684082e-01 -0.000000e+00
    outer loop
      vertex   2.964060e+01 2.832728e+01 3.200000e+00
      vertex   2.964060e+01 2.832728e+01 4.900000e+00
      vertex   3.132186e+01 2.645640e+01 3.200000e+00
    endloop
  endfacet
  facet normal 7.437947e-01 6.684082e-01 -0.000000e+00
    outer loop
      vertex   3.132186e+01 2.645640e+01 3.200000e+00
      vertex   2.964060e+01 2.832728e+01 4.900000e+00
      vertex   3.132186e+01 2.645640e+01 4.900000e+00
    endloop
  endfacet
  facet normal 7.833818e-01 6.215408e-01 -0.000000e+00
    outer loop
      vertex   3.132186e+01 2.645640e+01 3.200000e+00
      vertex   3.132186e+01 2.645640e+01 4.900000e+00
      vertex   3.288522e+01 2.448596e+01 3.200000e+00
    endloop
  endfacet
  facet normal 7.833818e-01 6.215408e-01 -0.000000e+00
    outer loop
      vertex   3.288522e+01 2.448596e+01 3.200000e+00
      vertex   3.132186e+01 2.645640e+01 4.900000e+00
      vertex   3.288522e+01 2.448596e+01 4.900000e+00
    endloop
  endfacet
  facet normal 8.200205e-01 5.723342e-01 -0.000000e+00
    outer loop
      vertex   3.288522e+01 2.448596e+01 3.200000e+00
      vertex   3.288522e+01 2.448596e+01 4.900000e+00
      vertex   3.432482e+01 2.242336e+01 3.200000e+00
    endloop
  endfacet
  facet normal 8.200205e-01 5.723342e-01 -0.000000e+00
    outer loop
      vertex   3.432482e+01 2.242336e+01 3.200000e+00
      vertex   3.288522e+01 2.448596e+01 4.900000e+00
      vertex   3.432482e+01 2.242336e+01 4.900000e+00
    endloop
  endfacet
  facet normal 8.535729e-01 5.209734e-01 -0.000000e+00
    outer loop
      vertex   3.432482e+01 2.242336e+01 3.200000e+00
      vertex   3.432482e+01 2.242336e+01 4.900000e+00
      vertex   3.563522e+01 2.027636e+01 3.200000e+00
    endloop
  endfacet
  facet normal 8.535729e-01 5.209734e-01 -0.000000e+00
    outer loop
      vertex   3.563522e+01 2.027636e+01 3.200000e+00
      vertex   3.432482e+01 2.242336e+01 4.900000e+00
      vertex   3.563522e+01 2.027636e+01 4.900000e+00
    endloop
  endfacet
  facet normal 8.839127e-01 4.676519e-01 -0.000000e+00
    outer loop
      vertex   3.563522e+01 2.027636e+01 3.200000e+00
      vertex   3.563522e+01 2.027636e+01 4.900000e+00
      vertex   3.681151e+01 1.805305e+01 3.200000e+00
    endloop
  endfacet
  facet normal 8.839127e-01 4.676519e-01 -0.000000e+00
    outer loop
      vertex   3.681151e+01 1.805305e+01 3.200000e+00
      vertex   3.563522e+01 2.027636e+01 4.900000e+00
      vertex   3.681151e+01 1.805305e+01 4.900000e+00
    endloop
  endfacet
  facet normal 9.109258e-01 4.125703e-01 -0.000000e+00
    outer loop
      vertex   3.681151e+01 1.805305e+01 3.200000e+00
      vertex   3.681151e+01 1.805305e+01 4.900000e+00
      vertex   3.784925e+01 1.576179e+01 3.200000e+00
    endloop
  endfacet
  facet normal 9.109258e-01 4.125703e-01 -0.000000e+00
    outer loop
      vertex   3.784925e+01 1.576179e+01 3.200000e+00
      vertex   3.681151e+01 1.805305e+01 4.900000e+00
      vertex   3.784925e+01 1.576179e+01 4.900000e+00
    endloop
  endfacet
  facet normal 9.345104e-01 3.559358e-01 -0.000000e+00
    outer loop
      vertex   3.784925e+01 1.576179e+01 3.200000e+00
      vertex   3.784925e+01 1.576179e+01 4.900000e+00
      vertex   3.874454e+01 1.341121e+01 3.200000e+00
    endloop
  endfacet
  facet normal 9.345104e-01 3.559358e-01 -0.000000e+00
    outer loop
      vertex   3.874454e+01 1.341121e+01 3.200000e+00
      vertex   3.784925e+01 1.576179e+01 4.900000e+00
      vertex   3.874454e+01 1.341121e+01 4.900000e+00
    endloop
  endfacet
  facet normal 9.545778e-01 2.979618e-01 -0.000000e+00
    outer loop
      vertex   3.874454e+01 1.341121e+01 3.200000e+00
      vertex   3.874454e+01 1.341121e+01 4.900000e+00
      vertex   3.949401e+01 1.101016e+01 3.200000e+00
    endloop
  endfacet
  facet normal 9.545778e-01 2.979618e-01 -0.000000e+00
    outer loop
      vertex   3.949401e+01 1.101016e+01 3.200000e+00
      vertex   3.874454e+01 1.341121e+01 4.900000e+00
      vertex   3.949401e+01 1.101016e+01 4.900000e+00
    endloop
  endfacet
  facet normal 9.710525e-01 2.388663e-01 -0.000000e+00
    outer loop
      vertex   3.949401e+01 1.101016e+01 3.200000e+00
      vertex   3.949401e+01 1.101016e+01 4.900000e+00
      vertex   4.009483e+01 8.567663e+00 3.200000e+00
    endloop
  endfacet
  facet normal 9.710525e-01 2.388663e-01 -0.000000e+00
    outer loop
      vertex   4.009483e+01 8.567663e+00 3.200000e+00
      vertex   3.949401e+01 1.101016e+01 4.900000e+00
      vertex   4.009483e+01 8.567663e+00 4.900000e+00
    endloop
  endfacet
  facet normal 9.838724e-01 1.788718e-01 -0.000000e+00
    outer loop
      vertex   4.009483e+01 8.567663e+00 3.200000e+00
      vertex   4.009483e+01 8.567663e+00 4.900000e+00
      vertex   4.054474e+01 6.092923e+00 3.200000e+00
    endloop
  endfacet
  facet normal 9.838724e-01 1.788718e-01 -0.000000e+00
    outer loop
      vertex   4.054474e+01 6.092923e+00 3.200000e+00
      vertex   4.009483e+01 8.567663e+00 4.900000e+00
      vertex   4.054474e+01 6.092923e+00 4.900000e+00
    endloop
  endfacet
  facet normal 9.929893e-01 1.182041e-01 -0.000000e+00
    outer loop
      vertex   4.054474e+01 6.092923e+00 3.200000e+00
      vertex   4.054474e+01 6.092923e+00 4.900000e+00
      vertex   4.084206e+01 3.595251e+00 3.200000e+00
    endloop
  endfacet
  facet normal 9.929893e-01 1.182041e-01 -0.000000e+00
    outer loop
      vertex   4.084206e+01 3.595251e+00 3.200000e+00
      vertex   4.054474e+01 6.092923e+00 4.900000e+00
      vertex   4.084206e+01 3.595251e+00 4.900000e+00
    endloop
  endfacet
  facet normal 9.983690e-01 5.709148e-02 -0.000000e+00
    outer loop
      vertex   4.084206e+01 3.595251e+00 3.200000e+00
      vertex   4.084206e+01 3.595251e+00 4.900000e+00
      vertex   4.098567e+01 1.084047e+00 3.200000e+00
    endloop
  endfacet
  facet normal 9.983690e-01 5.709148e-02 -0.000000e+00
    outer loop
      vertex   4.098567e+01 1.084047e+00 3.200000e+00
      vertex   4.084206e+01 3.595251e+00 4.900000e+00
      vertex   4.098567e+01 1.084047e+00 4.900000e+00
    endloop
  endfacet
  facet normal 9.999910e-01 -4.236001e-03 0.000000e+00
    outer loop
      vertex   4.098567e+01 1.084047e+00 3.200000e+00
      vertex   4.098567e+01 1.084047e+00 4.900000e+00
      vertex   4.097501e+01 -1.431236e+00 3.200000e+00
    endloop
  endfacet
  facet normal 9.999910e-01 -4.236001e-03 0.000000e+00
    outer loop
      vertex   4.097501e+01 -1.431236e+00 3.200000e+00
      vertex   4.098567e+01 1.084047e+00 4.900000e+00
      vertex   4.097501e+01 -1.431236e+00 4.900000e+00
    endloop
  endfacet
  facet normal 9.978494e-01 -6.554754e-02 0.000000e+00
    outer loop
      vertex   4.097501e+01 -1.431236e+00 3.200000e+00
      vertex   4.097501e+01 -1.431236e+00 4.900000e+00
      vertex   4.081014e+01 -3.941133e+00 3.200000e+00
    endloop
  endfacet
  facet normal 9.978494e-01 -6.554754e-02 0.000000e+00
    outer loop
      vertex   4.081014e+01 -3.941133e+00 3.200000e+00
      vertex   4.097501e+01 -1.431236e+00 4.900000e+00
      vertex   4.081014e+01 -3.941133e+00 4.900000e+00
    endloop
  endfacet
  facet normal 9.919523e-01 -1.266124e-01 0.000000e+00
    outer loop
      vertex   4.081014e+01 -3.941133e+00 3.200000e+00
      vertex   4.081014e+01 -3.941133e+00 4.900000e+00
      vertex   4.049167e+01 -6.436196e+00 3.200000e+00
    endloop
  endfacet
  facet normal 9.919523e-01 -1.266124e-01 0.000000e+00
    outer loop
      vertex   4.049167e+01 -6.436196e+00 3.200000e+00
      vertex   4.081014e+01 -3.941133e+00 4.900000e+00
      vertex   4.049167e+01 -6.436196e+00 4.900000e+00
    endloop
  endfacet
  facet normal 9.823217e-01 -1.872007e-01 0.000000e+00
    outer loop
      vertex   4.049167e+01 -6.436196e+00 3.200000e+00
      vertex   4.049167e+01 -6.436196e+00 4.900000e+00
      vertex   4.002080e+01 -8.907036e+00 3.200000e+00
    endloop
  endfacet
  facet normal 9.823217e-01 -1.872007e-01 0.000000e+00
    outer loop
      vertex   4.002080e+01 -8.907036e+00 3.200000e+00
      vertex   4.049167e+01 -6.436196e+00 4.900000e+00
      vertex   4.002080e+01 -8.907036e+00 4.900000e+00
    endloop
  endfacet
  facet normal 9.689940e-01 -2.470844e-01 0.000000e+00
    outer loop
      vertex   4.002080e+01 -8.907036e+00 3.200000e+00
      vertex   4.002080e+01 -8.907036e+00 4.900000e+00
      vertex   3.939931e+01 -1.134435e+01 3.200000e+00
    endloop
  endfacet
  facet normal 9.689940e-01 -2.470844e-01 0.000000e+00
    outer loop
      vertex   3.939931e+01 -1.134435e+01 3.200000e+00
      vertex   4.002080e+01 -8.907036e+00 4.900000e+00
      vertex   3.939931e+01 -1.134435e+01 4.900000e+00
    endloop
  endfacet
  facet normal 9.520192e-01 -3.060382e-01 0.000000e+00
    outer loop
      vertex   3.939931e+01 -1.134435e+01 3.200000e+00
      vertex   3.939931e+01 -1.134435e+01 4.900000e+00
      vertex   3.862953e+01 -1.373897e+01 3.200000e+00
    endloop
  endfacet
  facet normal 9.520192e-01 -3.060382e-01 0.000000e+00
    outer loop
      vertex   3.862953e+01 -1.373897e+01 3.200000e+00
      vertex   3.939931e+01 -1.134435e+01 4.900000e+00
      vertex   3.862953e+01 -1.373897e+01 4.900000e+00
    endloop
  endfacet
  facet normal 9.314614e-01 -3.638402e-01 0.000000e+00
    outer loop
      vertex   3.862953e+01 -1.373897e+01 3.200000e+00
      vertex   3.862953e+01 -1.373897e+01 4.900000e+00
      vertex   3.771436e+01 -1.608188e+01 3.200000e+00
    endloop
  endfacet
  facet normal 9.314614e-01 -3.638402e-01 0.000000e+00
    outer loop
      vertex   3.771436e+01 -1.608188e+01 3.200000e+00
      vertex   3.862953e+01 -1.373897e+01 4.900000e+00
      vertex   3.771436e+01 -1.608188e+01 4.900000e+00
    endloop
  endfacet
  facet normal 9.073978e-01 -4.202727e-01 0.000000e+00
    outer loop
      vertex   3.771436e+01 -1.608188e+01 3.200000e+00
      vertex   3.771436e+01 -1.608188e+01 4.900000e+00
      vertex   3.665725e+01 -1.836427e+01 3.200000e+00
    endloop
  endfacet
  facet normal 9.073978e-01 -4.202727e-01 0.000000e+00
    outer loop
      vertex   3.665725e+01 -1.836427e+01 3.200000e+00
      vertex   3.771436e+01 -1.608188e+01 4.900000e+00
      vertex   3.665725e+01 -1.836427e+01 4.900000e+00
    endloop
  endfacet
  facet normal 8.799191e-01 -4.751235e-01 0.000000e+00
    outer loop
      vertex   3.665725e+01 -1.836427e+01 3.200000e+00
      vertex   3.665725e+01 -1.836427e+01 4.900000e+00
      vertex   3.546217e+01 -2.057753e+01 3.200000e+00
    endloop
  endfacet
  facet normal 8.799191e-01 -4.751235e-01 0.000000e+00
    outer loop
      vertex   3.546217e+01 -2.057753e+01 3.200000e+00
      vertex   3.665725e+01 -1.836427e+01 4.900000e+00
      vertex   3.546217e+01 -2.057753e+01 4.900000e+00
    endloop
  endfacet
  facet normal 8.491286e-01 -5.281861e-01 0.000000e+00
    outer loop
      vertex   3.546217e+01 -2.057753e+01 3.200000e+00
      vertex   3.546217e+01 -2.057753e+01 4.900000e+00
      vertex   3.413362e+01 -2.271335e+01 3.200000e+00
    endloop
  endfacet
  facet normal 8.491286e-01 -5.281861e-01 0.000000e+00
    outer loop
      vertex   3.413362e+01 -2.271335e+01 3.200000e+00
      vertex   3.546217e+01 -2.057753e+01 4.900000e+00
      vertex   3.413362e+01 -2.271335e+01 4.900000e+00
    endloop
  endfacet
  facet normal 8.151423e-01 -5.792608e-01 0.000000e+00
    outer loop
      vertex   3.413362e+01 -2.271335e+01 3.200000e+00
      vertex   3.413362e+01 -2.271335e+01 4.900000e+00
      vertex   3.267660e+01 -2.476368e+01 3.200000e+00
    endloop
  endfacet
  facet normal 8.151423e-01 -5.792608e-01 0.000000e+00
    outer loop
      vertex   3.267660e+01 -2.476368e+01 3.200000e+00
      vertex   3.413362e+01 -2.271335e+01 4.900000e+00
      vertex   3.267660e+01 -2.476368e+01 4.900000e+00
    endloop
  endfacet
  facet normal 7.780880e-01 -6.281553e-01 0.000000e+00
    outer loop
      vertex   3.267660e+01 -2.476368e+01 3.200000e+00
      vertex   3.267660e+01 -2.476368e+01 4.900000e+00
      vertex   3.109660e+01 -2.672081e+01 3.200000e+00
    endloop
  endfacet
  facet normal 7.780880e-01 -6.281553e-01 0.000000e+00
    outer loop
      vertex   3.109660e+01 -2.672081e+01 3.200000e+00
      vertex   3.267660e+01 -2.476368e+01 4.900000e+00
      vertex   3.109660e+01 -2.672081e+01 4.900000e+00
    endloop
  endfacet
  facet normal 7.381053e-01 -6.746856e-01 0.000000e+00
    outer loop
      vertex   3.109660e+01 -2.672081e+01 3.200000e+00
      vertex   3.109660e+01 -2.672081e+01 4.900000e+00
      vertex   2.939955e+01 -2.857737e+01 3.200000e+00
    endloop
  endfacet
  facet normal 7.381053e-01 -6.746856e-01 0.000000e+00
    outer loop
      vertex   2.939955e+01 -2.857737e+01 3.200000e+00
      vertex   3.109660e+01 -2.672081e+01 4.900000e+00
      vertex   2.939955e+01 -2.857737e+01 4.900000e+00
    endloop
  endfacet
  facet normal 6.953445e-01 -7.186766e-01 0.000000e+00
    outer loop
      vertex   2.939955e+01 -2.857737e+01 3.200000e+00
      vertex   2.939955e+01 -2.857737e+01 4.900000e+00
      vertex   2.759186e+01 -3.032638e+01 3.200000e+00
    endloop
  endfacet
  facet normal 6.953445e-01 -7.186766e-01 0.000000e+00
    outer loop
      vertex   2.759186e+01 -3.032638e+01 3.200000e+00
      vertex   2.939955e+01 -2.857737e+01 4.900000e+00
      vertex   2.759186e+01 -3.032638e+01 4.900000e+00
    endloop
  endfacet
  facet normal 6.499667e-01 -7.599627e-01 0.000000e+00
    outer loop
      vertex   2.759186e+01 -3.032638e+01 3.200000e+00
      vertex   2.759186e+01 -3.032638e+01 4.900000e+00
      vertex   2.568032e+01 -3.196124e+01 3.200000e+00
    endloop
  endfacet
  facet normal 6.499667e-01 -7.599627e-01 0.000000e+00
    outer loop
      vertex   2.568032e+01 -3.196124e+01 3.200000e+00
      vertex   2.759186e+01 -3.032638e+01 4.900000e+00
      vertex   2.568032e+01 -3.196124e+01 4.900000e+00
    endloop
  endfacet
  facet normal 6.021426e-01 -7.983886e-01 0.000000e+00
    outer loop
      vertex   2.568032e+01 -3.196124e+01 3.200000e+00
      vertex   2.568032e+01 -3.196124e+01 4.900000e+00
      vertex   2.367213e+01 -3.347581e+01 3.200000e+00
    endloop
  endfacet
  facet normal 6.021426e-01 -7.983886e-01 0.000000e+00
    outer loop
      vertex   2.367213e+01 -3.347581e+01 3.200000e+00
      vertex   2.568032e+01 -3.196124e+01 4.900000e+00
      vertex   2.367213e+01 -3.347581e+01 4.900000e+00
    endloop
  endfacet
  facet normal 5.520522e-01 -8.338095e-01 0.000000e+00
    outer loop
      vertex   2.367213e+01 -3.347581e+01 3.200000e+00
      vertex   2.367213e+01 -3.347581e+01 4.900000e+00
      vertex   2.157485e+01 -3.486439e+01 3.200000e+00
    endloop
  endfacet
  facet normal 5.520522e-01 -8.338095e-01 0.000000e+00
    outer loop
      vertex   2.157485e+01 -3.486439e+01 3.200000e+00
      vertex   2.367213e+01 -3.347581e+01 4.900000e+00
      vertex   2.157485e+01 -3.486439e+01 4.900000e+00
    endloop
  endfacet
  facet normal 4.998841e-01 -8.660923e-01 0.000000e+00
    outer loop
      vertex   2.157485e+01 -3.486439e+01 3.200000e+00
      vertex   2.157485e+01 -3.486439e+01 4.900000e+00
      vertex   1.939636e+01 -3.612176e+01 3.200000e+00
    endloop
  endfacet
  facet normal 4.998841e-01 -8.660923e-01 0.000000e+00
    outer loop
      vertex   1.939636e+01 -3.612176e+01 3.200000e+00
      vertex   2.157485e+01 -3.486439e+01 4.900000e+00
      vertex   1.939636e+01 -3.612176e+01 4.900000e+00
    endloop
  endfacet
  facet normal 4.458345e-01 -8.951154e-01 0.000000e+00
    outer loop
      vertex   1.939636e+01 -3.612176e+01 3.200000e+00
      vertex   1.939636e+01 -3.612176e+01 4.900000e+00
      vertex   1.714487e+01 -3.724317e+01 3.200000e+00
    endloop
  endfacet
  facet normal 4.458345e-01 -8.951154e-01 0.000000e+00
    outer loop
      vertex   1.714487e+01 -3.724317e+01 3.200000e+00
      vertex   1.939636e+01 -3.612176e+01 4.900000e+00
      vertex   1.714487e+01 -3.724317e+01 4.900000e+00
    endloop
  endfacet
  facet normal 3.901070e-01 -9.207695e-01 0.000000e+00
    outer loop
      vertex   1.714487e+01 -3.724317e+01 3.200000e+00
      vertex   1.714487e+01 -3.724317e+01 4.900000e+00
      vertex   1.482885e+01 -3.822440e+01 3.200000e+00
    endloop
  endfacet
  facet normal 3.901070e-01 -9.207695e-01 0.000000e+00
    outer loop
      vertex   1.482885e+01 -3.822440e+01 3.200000e+00
      vertex   1.714487e+01 -3.724317e+01 4.900000e+00
      vertex   1.482885e+01 -3.822440e+01 4.900000e+00
    endloop
  endfacet
  facet normal 3.329113e-01 -9.429582e-01 0.000000e+00
    outer loop
      vertex   1.482885e+01 -3.822440e+01 3.200000e+00
      vertex   1.482885e+01 -3.822440e+01 4.900000e+00
      vertex   1.245702e+01 -3.906178e+01 3.200000e+00
    endloop
  endfacet
  facet normal 3.329113e-01 -9.429582e-01 0.000000e+00
    outer loop
      vertex   1.245702e+01 -3.906178e+01 3.200000e+00
      vertex   1.482885e+01 -3.822440e+01 4.900000e+00
      vertex   1.245702e+01 -3.906178e+01 4.900000e+00
    endloop
  endfacet
  facet normal 2.744625e-01 -9.615978e-01 0.000000e+00
    outer loop
      vertex   1.245702e+01 -3.906178e+01 3.200000e+00
      vertex   1.245702e+01 -3.906178e+01 4.900000e+00
      vertex   1.003831e+01 -3.975214e+01 3.200000e+00
    endloop
  endfacet
  facet normal 2.744625e-01 -9.615978e-01 0.000000e+00
    outer loop
      vertex   1.003831e+01 -3.975214e+01 3.200000e+00
      vertex   1.245702e+01 -3.906178e+01 4.900000e+00
      vertex   1.003831e+01 -3.975214e+01 4.900000e+00
    endloop
  endfacet
  facet normal 2.149808e-01 -9.766183e-01 0.000000e+00
    outer loop
      vertex   1.003831e+01 -3.975214e+01 3.200000e+00
      vertex   1.003831e+01 -3.975214e+01 4.900000e+00
      vertex   7.581818e+00 -4.029288e+01 3.200000e+00
    endloop
  endfacet
  facet normal 2.149808e-01 -9.766183e-01 0.000000e+00
    outer loop
      vertex   7.581818e+00 -4.029288e+01 3.200000e+00
      vertex   1.003831e+01 -3.975214e+01 4.900000e+00
      vertex   7.581818e+00 -4.029288e+01 4.900000e+00
    endloop
  endfacet
  facet normal 1.546899e-01 -9.879631e-01 0.000000e+00
    outer loop
      vertex   7.581818e+00 -4.029288e+01 3.200000e+00
      vertex   7.581818e+00 -4.029288e+01 4.900000e+00
      vertex   5.096789e+00 -4.068197e+01 3.200000e+00
    endloop
  endfacet
  facet normal 1.546899e-01 -9.879631e-01 0.000000e+00
    outer loop
      vertex   5.096789e+00 -4.068197e+01 3.200000e+00
      vertex   7.581818e+00 -4.029288e+01 4.900000e+00
      vertex   5.096789e+00 -4.068197e+01 4.900000e+00
    endloop
  endfacet
  facet normal 9.381689e-02 -9.955895e-01 0.000000e+00
    outer loop
      vertex   5.096789e+00 -4.068197e+01 3.200000e+00
      vertex   5.096789e+00 -4.068197e+01 4.900000e+00
      vertex   2.592576e+00 -4.091795e+01 3.200000e+00
    endloop
  endfacet
  facet normal 9.381689e-02 -9.955895e-01 0.000000e+00
    outer loop
      vertex   2.592576e+00 -4.091795e+01 3.200000e+00
      vertex   5.096789e+00 -4.068197e+01 4.900000e+00
      vertex   2.592576e+00 -4.091795e+01 4.900000e+00
    endloop
  endfacet
  facet normal 3.259074e-02 -9.994688e-01 0.000000e+00
    outer loop
      vertex   2.592576e+00 -4.091795e+01 3.200000e+00
      vertex   2.592576e+00 -4.091795e+01 4.900000e+00
      vertex   7.860664e-02 -4.099992e+01 3.200000e+00
    endloop
  endfacet
  facet normal 3.259074e-02 -9.994688e-01 0.000000e+00
    outer loop
      vertex   7.860664e-02 -4.099992e+01 3.200000e+00
      vertex   2.592576e+00 -4.091795e+01 4.900000e+00
      vertex   7.860664e-02 -4.099992e+01 4.900000e+00
    endloop
  endfacet
  facet normal -2.875807e-02 -9.995864e-01 0.000000e+00
    outer loop
      vertex   7.860664e-02 -4.099992e+01 3.200000e+00
      vertex   7.860664e-02 -4.099992e+01 4.900000e+00
      vertex   -2.435659e+00 -4.092759e+01 3.200000e+00
    endloop
  endfacet
  facet normal -2.875807e-02 -9.995864e-01 0.000000e+00
    outer loop
      vertex   -2.435659e+00 -4.092759e+01 3.200000e+00
      vertex   7.860664e-02 -4.099992e+01 4.900000e+00
      vertex   -2.435659e+00 -4.092759e+01 4.900000e+00
    endloop
  endfacet
  facet normal -8.999865e-02 -9.959419e-01 0.000000e+00
    outer loop
      vertex   -2.435659e+00 -4.092759e+01 3.200000e+00
      vertex   -2.435659e+00 -4.092759e+01 4.900000e+00
      vertex   -4.940758e+00 -4.070122e+01 3.200000e+00
    endloop
  endfacet
  facet normal -8.999865e-02 -9.959419e-01 0.000000e+00
    outer loop
      vertex   -4.940758e+00 -4.070122e+01 3.200000e+00
      vertex   -2.435659e+00 -4.092759e+01 4.900000e+00
      vertex   -4.940758e+00 -4.070122e+01 4.900000e+00
    endloop
  endfacet
  facet normal -1.509005e-01 -9.885490e-01 0.000000e+00
    outer loop
      vertex   -4.940758e+00 -4.070122e+01 3.200000e+00
      vertex   -4.940758e+00 -4.070122e+01 4.900000e+00
      vertex   -7.427261e+00 -4.032165e+01 3.200000e+00
    endloop
  endfacet
  facet normal -1.509005e-01 -9.885490e-01 0.000000e+00
    outer loop
      vertex   -7.427261e+00 -4.032165e+01 3.200000e+00
      vertex   -4.940758e+00 -4.070122e+01 4.900000e+00
      vertex   -7.427261e+00 -4.032165e+01 4.900000e+00
    endloop
  endfacet
  facet normal -2.112344e-01 -9.774354e-01 0.000000e+00
    outer loop
      vertex   -7.427261e+00 -4.032165e+01 3.200000e+00
      vertex   -7.427261e+00 -4.032165e+01 4.900000e+00
      vertex   -9.885810e+00 -3.979034e+01 3.200000e+00
    endloop
  endfacet
  facet normal -2.112344e-01 -9.774354e-01 0.000000e+00
    outer loop
      vertex   -9.885810e+00 -3.979034e+01 3.200000e+00
      vertex   -7.427261e+00 -4.032165e+01 4.900000e+00
      vertex   -9.885810e+00 -3.979034e+01 4.900000e+00
    endloop
  endfacet
  facet normal -2.707733e-01 -9.626431e-01 0.000000e+00
    outer loop
      vertex   -9.885810e+00 -3.979034e+01 3.200000e+00
      vertex   -9.885810e+00 -3.979034e+01 4.900000e+00
      vertex   -1.230715e+01 -3.910926e+01 3.200000e+00
    endloop
  endfacet
  facet normal -2.707733e-01 -9.626431e-01 0.000000e+00
    outer loop
      vertex   -1.230715e+01 -3.910926e+01 3.200000e+00
      vertex   -9.885810e+00 -3.979034e+01 4.900000e+00
      vertex   -1.230715e+01 -3.910926e+01 4.900000e+00
    endloop
  endfacet
  facet normal -3.292931e-01 -9.442278e-01 0.000000e+00
    outer loop
      vertex   -1.230715e+01 -3.910926e+01 3.200000e+00
      vertex   -1.230715e+01 -3.910926e+01 4.900000e+00
      vertex   -1.468217e+01 -3.828098e+01 3.200000e+00
    endloop
  endfacet
  facet normal -3.292931e-01 -9.442278e-01 0.000000e+00
    outer loop
      vertex   -1.468217e+01 -3.828098e+01 3.200000e+00
      vertex   -1.230715e+01 -3.910926e+01 4.900000e+00
      vertex   -1.468217e+01 -3.828098e+01 4.900000e+00
    endloop
  endfacet
  facet normal -3.865735e-01 -9.222586e-01 0.000000e+00
    outer loop
      vertex   -1.468217e+01 -3.828098e+01 3.200000e+00
      vertex   -1.468217e+01 -3.828098e+01 4.900000e+00
      vertex   -1.700194e+01 -3.730863e+01 3.200000e+00
    endloop
  endfacet
  facet normal -3.865735e-01 -9.222586e-01 0.000000e+00
    outer loop
      vertex   -1.700194e+01 -3.730863e+01 3.200000e+00
      vertex   -1.468217e+01 -3.828098e+01 4.900000e+00
      vertex   -1.700194e+01 -3.730863e+01 4.900000e+00
    endloop
  endfacet
  facet normal -4.423990e-01 -8.968183e-01 0.000000e+00
    outer loop
      vertex   -1.700194e+01 -3.730863e+01 3.200000e+00
      vertex   -1.700194e+01 -3.730863e+01 4.900000e+00
      vertex   -1.925771e+01 -3.619586e+01 3.200000e+00
    endloop
  endfacet
  facet normal -4.423990e-01 -8.968183e-01 0.000000e+00
    outer loop
      vertex   -1.925771e+01 -3.619586e+01 3.200000e+00
      vertex   -1.700194e+01 -3.730863e+01 4.900000e+00
      vertex   -1.925771e+01 -3.619586e+01 4.900000e+00
    endloop
  endfacet
  facet normal -4.965594e-01 -8.680027e-01 0.000000e+00
    outer loop
      vertex   -1.925771e+01 -3.619586e+01 3.200000e+00
      vertex   -1.925771e+01 -3.619586e+01 4.900000e+00
      vertex   -2.144100e+01 -3.494687e+01 3.200000e+00
    endloop
  endfacet
  facet normal -4.965594e-01 -8.680027e-01 0.000000e+00
    outer loop
      vertex   -2.144100e+01 -3.494687e+01 3.200000e+00
      vertex   -1.925771e+01 -3.619586e+01 4.900000e+00
      vertex   -2.144100e+01 -3.494687e+01 4.900000e+00
    endloop
  endfacet
  facet normal -5.488509e-01 -8.359202e-01 0.000000e+00
    outer loop
      vertex   -2.144100e+01 -3.494687e+01 3.200000e+00
      vertex   -2.144100e+01 -3.494687e+01 4.900000e+00
      vertex   -2.354360e+01 -3.356634e+01 3.200000e+00
    endloop
  endfacet
  facet normal -5.488509e-01 -8.359202e-01 0.000000e+00
    outer loop
      vertex   -2.354360e+01 -3.356634e+01 3.200000e+00
      vertex   -2.144100e+01 -3.494687e+01 4.900000e+00
      vertex   -2.354360e+01 -3.356634e+01 4.900000e+00
    endloop
  endfacet
  facet normal -5.990768e-01 -8.006916e-01 0.000000e+00
    outer loop
      vertex   -2.354360e+01 -3.356634e+01 3.200000e+00
      vertex   -2.354360e+01 -3.356634e+01 4.900000e+00
      vertex   -2.555758e+01 -3.205948e+01 3.200000e+00
    endloop
  endfacet
  facet normal -5.990768e-01 -8.006916e-01 0.000000e+00
    outer loop
      vertex   -2.555758e+01 -3.205948e+01 3.200000e+00
      vertex   -2.354360e+01 -3.356634e+01 4.900000e+00
      vertex   -2.555758e+01 -3.205948e+01 4.900000e+00
    endloop
  endfacet
  facet normal -6.470478e-01 -7.624494e-01 0.000000e+00
    outer loop
      vertex   -2.555758e+01 -3.205948e+01 3.200000e+00
      vertex   -2.555758e+01 -3.205948e+01 4.900000e+00
      vertex   -2.747537e+01 -3.043195e+01 3.200000e+00
    endloop
  endfacet
  facet normal -6.470478e-01 -7.624494e-01 0.000000e+00
    outer loop
      vertex   -2.747537e+01 -3.043195e+01 3.200000e+00
      vertex   -2.555758e+01 -3.205948e+01 4.900000e+00
      vertex   -2.747537e+01 -3.043195e+01 4.900000e+00
    endloop
  endfacet
  facet normal -6.925836e-01 -7.213376e-01 0.000000e+00
    outer loop
      vertex   -2.747537e+01 -3.043195e+01 3.200000e+00
      vertex   -2.747537e+01 -3.043195e+01 4.900000e+00
      vertex   -2.928976e+01 -2.868989e+01 3.200000e+00
    endloop
  endfacet
  facet normal -6.925836e-01 -7.213376e-01 0.000000e+00
    outer loop
      vertex   -2.928976e+01 -2.868989e+01 3.200000e+00
      vertex   -2.747537e+01 -3.043195e+01 4.900000e+00
      vertex   -2.928976e+01 -2.868989e+01 4.900000e+00
    endloop
  endfacet
  facet normal -7.355128e-01 -6.775109e-01 0.000000e+00
    outer loop
      vertex   -2.928976e+01 -2.868989e+01 3.200000e+00
      vertex   -2.928976e+01 -2.868989e+01 4.900000e+00
      vertex   -3.099391e+01 -2.683985e+01 3.200000e+00
    endloop
  endfacet
  facet normal -7.355128e-01 -6.775109e-01 0.000000e+00
    outer loop
      vertex   -3.099391e+01 -2.683985e+01 3.200000e+00
      vertex   -2.928976e+01 -2.868989e+01 4.900000e+00
      vertex   -3.099391e+01 -2.683985e+01 4.900000e+00
    endloop
  endfacet
  facet normal -7.756737e-01 -6.311342e-01 0.000000e+00
    outer loop
      vertex   -3.099391e+01 -2.683985e+01 3.200000e+00
      vertex   -3.099391e+01 -2.683985e+01 4.900000e+00
      vertex   -3.258140e+01 -2.488880e+01 3.200000e+00
    endloop
  endfacet
  facet normal -7.756737e-01 -6.311342e-01 0.000000e+00
    outer loop
      vertex   -3.258140e+01 -2.488880e+01 3.200000e+00
      vertex   -3.099391e+01 -2.683985e+01 4.900000e+00
      vertex   -3.258140e+01 -2.488880e+01 4.900000e+00
    endloop
  endfacet
  facet normal -8.129151e-01 -5.823822e-01 0.000000e+00
    outer loop
      vertex   -3.258140e+01 -2.488880e+01 3.200000e+00
      vertex   -3.258140e+01 -2.488880e+01 4.900000e+00
      vertex   -3.404627e+01 -2.284407e+01 3.200000e+00
    endloop
  endfacet
  facet normal -8.129151e-01 -5.823822e-01 0.000000e+00
    outer loop
      vertex   -3.404627e+01 -2.284407e+01 3.200000e+00
      vertex   -3.258140e+01 -2.488880e+01 4.900000e+00
      vertex   -3.404627e+01 -2.284407e+01 4.900000e+00
    endloop
  endfacet
  facet normal -8.470971e-01 -5.314382e-01 0.000000e+00
    outer loop
      vertex   -3.404627e+01 -2.284407e+01 3.200000e+00
      vertex   -3.404627e+01 -2.284407e+01 4.900000e+00
      vertex   -3.538300e+01 -2.071336e+01 3.200000e+00
    endloop
  endfacet
  facet normal -8.470971e-01 -5.314382e-01 0.000000e+00
    outer loop
      vertex   -3.538300e+01 -2.071336e+01 3.200000e+00
      vertex   -3.404627e+01 -2.284407e+01 4.900000e+00
      vertex   -3.538300e+01 -2.071336e+01 4.900000e+00
    endloop
  endfacet
  facet normal -8.780908e-01 -4.784941e-01 0.000000e+00
    outer loop
      vertex   -3.538300e+01 -2.071336e+01 3.200000e+00
      vertex   -3.538300e+01 -2.071336e+01 4.900000e+00
      vertex   -3.658656e+01 -1.850469e+01 3.200000e+00
    endloop
  endfacet
  facet normal -8.780908e-01 -4.784941e-01 0.000000e+00
    outer loop
      vertex   -3.658656e+01 -1.850469e+01 3.200000e+00
      vertex   -3.538300e+01 -2.071336e+01 4.900000e+00
      vertex   -3.658656e+01 -1.850469e+01 4.900000e+00
    endloop
  endfacet
  facet normal -9.057796e-01 -4.237490e-01 0.000000e+00
    outer loop
      vertex   -3.658656e+01 -1.850469e+01 3.200000e+00
      vertex   -3.658656e+01 -1.850469e+01 4.900000e+00
      vertex   -3.765242e+01 -1.622638e+01 3.200000e+00
    endloop
  endfacet
  facet normal -9.057796e-01 -4.237490e-01 0.000000e+00
    outer loop
      vertex   -3.765242e+01 -1.622638e+01 3.200000e+00
      vertex   -3.658656e+01 -1.850469e+01 4.900000e+00
      vertex   -3.765242e+01 -1.622638e+01 4.900000e+00
    endloop
  endfacet
  facet normal -9.300594e-01 -3.674091e-01 0.000000e+00
    outer loop
      vertex   -3.765242e+01 -1.622638e+01 3.200000e+00
      vertex   -3.765242e+01 -1.622638e+01 4.900000e+00
      vertex   -3.857657e+01 -1.388699e+01 3.200000e+00
    endloop
  endfacet
  facet normal -9.300594e-01 -3.674091e-01 0.000000e+00
    outer loop
      vertex   -3.857657e+01 -1.388699e+01 3.200000e+00
      vertex   -3.765242e+01 -1.622638e+01 4.900000e+00
      vertex   -3.857657e+01 -1.388699e+01 4.900000e+00
    endloop
  endfacet
  facet normal -9.508387e-01 -3.096864e-01 0.000000e+00
    outer loop
      vertex   -3.857657e+01 -1.388699e+01 3.200000e+00
      vertex   -3.857657e+01 -1.388699e+01 4.900000e+00
      vertex   -3.935552e+01 -1.149534e+01 3.200000e+00
    endloop
  endfacet
  facet normal -9.508387e-01 -3.096864e-01 0.000000e+00
    outer loop
      vertex   -3.935552e+01 -1.149534e+01 3.200000e+00
      vertex   -3.857657e+01 -1.388699e+01 4.900000e+00
      vertex   -3.935552e+01 -1.149534e+01 4.900000e+00
    endloop
  endfacet
  facet normal -9.680394e-01 -2.507982e-01 0.000000e+00
    outer loop
      vertex   -3.935552e+01 -1.149534e+01 3.200000e+00
      vertex   -3.935552e+01 -1.149534e+01 4.900000e+00
      vertex   -3.998636e+01 -9.060429e+00 3.200000e+00
    endloop
  endfacet
  facet normal -9.680394e-01 -2.507982e-01 0.000000e+00
    outer loop
      vertex   -3.998636e+01 -9.060429e+00 3.200000e+00
      vertex   -3.935552e+01 -1.149534e+01 4.900000e+00
      vertex   -3.998636e+01 -9.060429e+00 4.900000e+00
    endloop
  endfacet
  facet normal -9.815967e-01 -1.909660e-01 0.000000e+00
    outer loop
      vertex   -3.998636e+01 -9.060429e+00 3.200000e+00
      vertex   -3.998636e+01 -9.060429e+00 4.900000e+00
      vertex   -4.046669e+01 -6.591413e+00 3.200000e+00
    endloop
  endfacet
  facet normal -9.815967e-01 -1.909660e-01 0.000000e+00
    outer loop
      vertex   -4.046669e+01 -6.591413e+00 3.200000e+00
      vertex   -3.998636e+01 -9.060429e+00 4.900000e+00
      vertex   -4.046669e+01 -6.591413e+00 4.900000e+00
    endloop
  endfacet
  facet normal -9.914595e-01 -1.304150e-01 0.000000e+00
    outer loop
      vertex   -4.046669e+01 -6.591413e+00 3.200000e+00
      vertex   -4.046669e+01 -6.591413e+00 4.900000e+00
      vertex   -4.079473e+01 -4.097589e+00 3.200000e+00
    endloop
  endfacet
  facet normal -9.914595e-01 -1.304150e-01 0.000000e+00
    outer loop
      vertex   -4.079473e+01 -4.097589e+00 3.200000e+00
      vertex   -4.046669e+01 -6.591413e+00 4.900000e+00
      vertex   -4.079473e+01 -4.097589e+00 4.900000e+00
    endloop
  endfacet
  facet normal -9.975908e-01 -6.937327e-02 0.000000e+00
    outer loop
      vertex   -4.079473e+01 -4.097589e+00 3.200000e+00
      vertex   -4.079473e+01 -4.097589e+00 4.900000e+00
      vertex   -4.096922e+01 -1.588343e+00 3.200000e+00
    endloop
  endfacet
  facet normal -9.975908e-01 -6.937327e-02 0.000000e+00
    outer loop
      vertex   -4.096922e+01 -1.588343e+00 3.200000e+00
      vertex   -4.079473e+01 -4.097589e+00 4.900000e+00
      vertex   -4.096922e+01 -1.588343e+00 4.900000e+00
    endloop
  endfacet
  facet normal -9.999674e-01 -8.070398e-03 0.000000e+00
    outer loop
      vertex   -4.096922e+01 -1.588343e+00 3.200000e+00
      vertex   -4.096922e+01 -1.588343e+00 4.900000e+00
      vertex   -4.098952e+01 9.268814e-01 3.200000e+00
    endloop
  endfacet
  facet normal -9.999674e-01 -8.070398e-03 0.000000e+00
    outer loop
      vertex   -4.098952e+01 9.268814e-01 3.200000e+00
      vertex   -4.096922e+01 -1.588343e+00 4.900000e+00
      vertex   -4.098952e+01 9.268814e-01 4.900000e+00
    endloop
  endfacet
  facet normal -9.985805e-01 5.326285e-02 0.000000e+00
    outer loop
      vertex   -4.098952e+01 9.268814e-01 3.200000e+00
      vertex   -4.098952e+01 9.268814e-01 4.900000e+00
      vertex   -4.085555e+01 3.438617e+00 3.200000e+00
    endloop
  endfacet
  facet normal -9.985805e-01 5.326285e-02 0.000000e+00
    outer loop
      vertex   -4.085555e+01 3.438617e+00 3.200000e+00
      vertex   -4.098952e+01 9.268814e-01 4.900000e+00
      vertex   -4.085555e+01 3.438617e+00 4.900000e+00
    endloop
  endfacet
  facet normal -9.934353e-01 1.143956e-01 0.000000e+00
    outer loop
      vertex   -4.085555e+01 3.438617e+00 3.200000e+00
      vertex   -4.085555e+01 3.438617e+00 4.900000e+00
      vertex   -4.056781e+01 5.937411e+00 3.200000e+00
    endloop
  endfacet
  facet normal -9.934353e-01 1.143956e-01 0.000000e+00
    outer loop
      vertex   -4.056781e+01 5.937411e+00 3.200000e+00
      vertex   -4.085555e+01 3.438617e+00 4.900000e+00
      vertex   -4.056781e+01 5.937411e+00 4.900000e+00
    endloop
  endfacet
  facet normal -9.845510e-01 1.750979e-01 0.000000e+00
    outer loop
      vertex   -4.056781e+01 5.937411e+00 3.200000e+00
      vertex   -4.056781e+01 5.937411e+00 4.900000e+00
      vertex   -4.012738e+01 8.413858e+00 3.200000e+00
    endloop
  endfacet
  facet normal -9.845510e-01 1.750979e-01 0.000000e+00
    outer loop
      vertex   -4.012738e+01 8.413858e+00 3.200000e+00
      vertex   -4.056781e+01 5.937411e+00 4.900000e+00
      vertex   -4.012738e+01 8.413858e+00 4.900000e+00
    endloop
  endfacet
  facet normal -9.719612e-01 2.351411e-01 0.000000e+00
    outer loop
      vertex   -4.012738e+01 8.413858e+00 3.200000e+00
      vertex   -4.012738e+01 8.413858e+00 4.900000e+00
      vertex   -3.953593e+01 1.085864e+01 3.200000e+00
    endloop
  endfacet
  facet normal -9.719612e-01 2.351411e-01 0.000000e+00
    outer loop
      vertex   -3.953593e+01 1.085864e+01 3.200000e+00
      vertex   -4.012738e+01 8.413858e+00 4.900000e+00
      vertex   -3.953593e+01 1.085864e+01 4.900000e+00
    endloop
  endfacet
  facet normal -9.557133e-01 2.942993e-01 0.000000e+00
    outer loop
      vertex   -3.953593e+01 1.085864e+01 3.200000e+00
      vertex   -3.953593e+01 1.085864e+01 4.900000e+00
      vertex   -3.879568e+01 1.326255e+01 3.200000e+00
    endloop
  endfacet
  facet normal -9.557133e-01 2.942993e-01 0.000000e+00
    outer loop
      vertex   -3.879568e+01 1.326255e+01 3.200000e+00
      vertex   -3.953593e+01 1.085864e+01 4.900000e+00
      vertex   -3.879568e+01 1.326255e+01 4.900000e+00
    endloop
  endfacet
  facet normal -9.358683e-01 3.523499e-01 0.000000e+00
    outer loop
      vertex   -3.879568e+01 1.326255e+01 3.200000e+00
      vertex   -3.879568e+01 1.326255e+01 4.900000e+00
      vertex   -3.790941e+01 1.561654e+01 3.200000e+00
    endloop
  endfacet
  facet normal -9.358683e-01 3.523499e-01 0.000000e+00
    outer loop
      vertex   -3.790941e+01 1.561654e+01 3.200000e+00
      vertex   -3.879568e+01 1.326255e+01 4.900000e+00
      vertex   -3.790941e+01 1.561654e+01 4.900000e+00
    endloop
  endfacet
  facet normal -9.125011e-01 4.090743e-01 0.000000e+00
    outer loop
      vertex   -3.790941e+01 1.561654e+01 3.200000e+00
      vertex   -3.790941e+01 1.561654e+01 4.900000e+00
      vertex   -3.688047e+01 1.791176e+01 3.200000e+00
    endloop
  endfacet
  facet normal -9.125011e-01 4.090743e-01 0.000000e+00
    outer loop
      vertex   -3.688047e+01 1.791176e+01 3.200000e+00
      vertex   -3.790941e+01 1.561654e+01 4.900000e+00
      vertex   -3.688047e+01 1.791176e+01 4.900000e+00
    endloop
  endfacet
  facet normal -8.856994e-01 4.642591e-01 0.000000e+00
    outer loop
      vertex   -3.688047e+01 1.791176e+01 3.200000e+00
      vertex   -3.688047e+01 1.791176e+01 4.900000e+00
      vertex   -3.571271e+01 2.013957e+01 3.200000e+00
    endloop
  endfacet
  facet normal -8.856994e-01 4.642591e-01 0.000000e+00
    outer loop
      vertex   -3.571271e+01 2.013957e+01 3.200000e+00
      vertex   -3.688047e+01 1.791176e+01 4.900000e+00
      vertex   -3.571271e+01 2.013957e+01 4.900000e+00
    endloop
  endfacet
  facet normal -8.555643e-01 5.176966e-01 0.000000e+00
    outer loop
      vertex   -3.571271e+01 2.013957e+01 3.200000e+00
      vertex   -3.571271e+01 2.013957e+01 4.900000e+00
      vertex   -3.441055e+01 2.229158e+01 3.200000e+00
    endloop
  endfacet
  facet normal -8.555643e-01 5.176966e-01 0.000000e+00
    outer loop
      vertex   -3.441055e+01 2.229158e+01 3.200000e+00
      vertex   -3.571271e+01 2.013957e+01 4.900000e+00
      vertex   -3.441055e+01 2.229158e+01 4.900000e+00
    endloop
  endfacet
  facet normal -8.222091e-01 5.691856e-01 0.000000e+00
    outer loop
      vertex   -3.441055e+01 2.229158e+01 3.200000e+00
      vertex   -3.441055e+01 2.229158e+01 4.900000e+00
      vertex   -3.297887e+01 2.435968e+01 3.200000e+00
    endloop
  endfacet
  facet normal -8.222091e-01 5.691856e-01 0.000000e+00
    outer loop
      vertex   -3.297887e+01 2.435968e+01 3.200000e+00
      vertex   -3.441055e+01 2.229158e+01 4.900000e+00
      vertex   -3.297887e+01 2.435968e+01 4.900000e+00
    endloop
  endfacet
  facet normal -7.857593e-01 6.185324e-01 0.000000e+00
    outer loop
      vertex   -3.297887e+01 2.435968e+01 3.200000e+00
      vertex   -3.297887e+01 2.435968e+01 4.900000e+00
      vertex   -3.142307e+01 2.633611e+01 3.200000e+00
    endloop
  endfacet
  facet normal -7.857593e-01 6.185324e-01 0.000000e+00
    outer loop
      vertex   -3.142307e+01 2.633611e+01 3.200000e+00
      vertex   -3.297887e+01 2.435968e+01 4.900000e+00
      vertex   -3.142307e+01 2.633611e+01 4.900000e+00
    endloop
  endfacet
  facet normal -7.463522e-01 6.655512e-01 0.000000e+00
    outer loop
      vertex   -3.142307e+01 2.633611e+01 3.200000e+00
      vertex   -3.142307e+01 2.633611e+01 4.900000e+00
      vertex   -2.974901e+01 2.821341e+01 3.200000e+00
    endloop
  endfacet
  facet normal -7.463522e-01 6.655512e-01 0.000000e+00
    outer loop
      vertex   -2.974901e+01 2.821341e+01 3.200000e+00
      vertex   -3.142307e+01 2.633611e+01 4.900000e+00
      vertex   -2.974901e+01 2.821341e+01 4.900000e+00
    endloop
  endfacet
  facet normal -7.041360e-01 7.100651e-01 0.000000e+00
    outer loop
      vertex   -2.974901e+01 2.821341e+01 3.200000e+00
      vertex   -2.974901e+01 2.821341e+01 4.900000e+00
      vertex   -2.796298e+01 2.998453e+01 3.200000e+00
    endloop
  endfacet
  facet normal -7.041360e-01 7.100651e-01 0.000000e+00
    outer loop
      vertex   -2.796298e+01 2.998453e+01 3.200000e+00
      vertex   -2.974901e+01 2.821341e+01 4.900000e+00
      vertex   -2.796298e+01 2.998453e+01 4.900000e+00
    endloop
  endfacet
  facet normal -6.592697e-01 7.519066e-01 0.000000e+00
    outer loop
      vertex   -2.796298e+01 2.998453e+01 3.200000e+00
      vertex   -2.796298e+01 2.998453e+01 4.900000e+00
      vertex   -2.607170e+01 3.164279e+01 3.200000e+00
    endloop
  endfacet
  facet normal -6.592697e-01 7.519066e-01 0.000000e+00
    outer loop
      vertex   -2.607170e+01 3.164279e+01 3.200000e+00
      vertex   -2.796298e+01 2.998453e+01 4.900000e+00
      vertex   -2.607170e+01 3.164279e+01 4.900000e+00
    endloop
  endfacet
  facet normal -6.119221e-01 7.909180e-01 0.000000e+00
    outer loop
      vertex   -2.607170e+01 3.164279e+01 3.200000e+00
      vertex   -2.607170e+01 3.164279e+01 4.900000e+00
      vertex   -2.408230e+01 3.318197e+01 3.200000e+00
    endloop
  endfacet
  facet normal -6.119221e-01 7.909180e-01 0.000000e+00
    outer loop
      vertex   -2.408230e+01 3.318197e+01 3.200000e+00
      vertex   -2.607170e+01 3.164279e+01 4.900000e+00
      vertex   -2.408230e+01 3.318197e+01 4.900000e+00
    endloop
  endfacet
  facet normal -5.622714e-01 8.269527e-01 0.000000e+00
    outer loop
      vertex   -2.408230e+01 3.318197e+01 3.200000e+00
      vertex   -2.408230e+01 3.318197e+01 4.900000e+00
      vertex   -2.200226e+01 3.459625e+01 3.200000e+00
    endloop
  endfacet
  facet normal -5.622714e-01 8.269527e-01 0.000000e+00
    outer loop
      vertex   -2.200226e+01 3.459625e+01 3.200000e+00
      vertex   -2.408230e+01 3.318197e+01 4.900000e+00
      vertex   -2.200226e+01 3.459625e+01 4.900000e+00
    endloop
  endfacet
  facet normal -5.105045e-01 8.598751e-01 0.000000e+00
    outer loop
      vertex   -2.200226e+01 3.459625e+01 3.200000e+00
      vertex   -2.200226e+01 3.459625e+01 4.900000e+00
      vertex   -1.983941e+01 3.588033e+01 3.200000e+00
    endloop
  endfacet
  facet normal -5.105045e-01 8.598751e-01 0.000000e+00
    outer loop
      vertex   -1.983941e+01 3.588033e+01 3.200000e+00
      vertex   -2.200226e+01 3.459625e+01 4.900000e+00
      vertex   -1.983941e+01 3.588033e+01 4.900000e+00
    endloop
  endfacet
  facet normal -4.568162e-01 8.895611e-01 0.000000e+00
    outer loop
      vertex   -1.983941e+01 3.588033e+01 3.200000e+00
      vertex   -1.983941e+01 3.588033e+01 4.900000e+00
      vertex   -1.760189e+01 3.702936e+01 3.200000e+00
    endloop
  endfacet
  facet normal -4.568162e-01 8.895611e-01 0.000000e+00
    outer loop
      vertex   -1.760189e+01 3.702936e+01 3.200000e+00
      vertex   -1.983941e+01 3.588033e+01 4.900000e+00
      vertex   -1.760189e+01 3.702936e+01 4.900000e+00
    endloop
  endfacet
  facet normal -4.014086e-01 9.158991e-01 0.000000e+00
    outer loop
      vertex   -1.760189e+01 3.702936e+01 3.200000e+00
      vertex   -1.760189e+01 3.702936e+01 4.900000e+00
      vertex   -1.529813e+01 3.803902e+01 3.200000e+00
    endloop
  endfacet
  facet normal -4.014086e-01 9.158991e-01 0.000000e+00
    outer loop
      vertex   -1.529813e+01 3.803902e+01 3.200000e+00
      vertex   -1.760189e+01 3.702936e+01 4.900000e+00
      vertex   -1.529813e+01 3.803902e+01 4.900000e+00
    endloop
  endfacet
  facet normal -3.444903e-01 9.387899e-01 0.000000e+00
    outer loop
      vertex   -1.529813e+01 3.803902e+01 3.200000e+00
      vertex   -1.529813e+01 3.803902e+01 4.900000e+00
      vertex   -1.293678e+01 3.890552e+01 3.200000e+00
    endloop
  endfacet
  facet normal -3.444903e-01 9.387899e-01 0.000000e+00
    outer loop
      vertex   -1.293678e+01 3.890552e+01 3.200000e+00
      vertex   -1.529813e+01 3.803902e+01 4.900000e+00
      vertex   -1.293678e+01 3.890552e+01 4.900000e+00
    endloop
  endfacet
  facet normal -2.862753e-01 9.581474e-01 0.000000e+00
    outer loop
      vertex   -1.293678e+01 3.890552e+01 3.200000e+00
      vertex   -1.293678e+01 3.890552e+01 4.900000e+00
      vertex   -1.052675e+01 3.962559e+01 3.200000e+00
    endloop
  endfacet
  facet normal -2.862753e-01 9.581474e-01 0.000000e+00
    outer loop
      vertex   -1.052675e+01 3.962559e+01 3.200000e+00
      vertex   -1.293678e+01 3.890552e+01 4.900000e+00
      vertex   -1.052675e+01 3.962559e+01 4.900000e+00
    endloop
  endfacet
  facet normal -2.269830e-01 9.738987e-01 0.000000e+00
    outer loop
      vertex   -1.052675e+01 3.962559e+01 3.200000e+00
      vertex   -1.052675e+01 3.962559e+01 4.900000e+00
      vertex   -8.077096e+00 4.019652e+01 3.200000e+00
    endloop
  endfacet
  facet normal -2.269830e-01 9.738987e-01 2.371781e-16
    outer loop
      vertex   -8.077096e+00 4.019652e+01 3.200000e+00
      vertex   -1.052675e+01 3.962559e+01 4.900000e+00
      vertex   -8.077096e+00 4.019652e+01 4.900000e+00
    endloop
  endfacet
  facet normal 1.000000e+00 0.000000e+00 -1.044916e-15
    outer loop
      vertex   -8.077096e+00 4.019652e+01 4.900000e+00
      vertex   -8.077096e+00 3.405526e+01 4.900000e+00
      vertex   -8.077096e+00 4.019652e+01 3.200000e+00
    endloop
  endfacet
  facet normal 1.000000e+00 0.000000e+00 -1.044916e-15
    outer loop
      vertex   -8.077096e+00 4.019652e+01 3.200000e+00
      vertex   -8.077096e+00 3.405526e+01 4.900000e+00
      vertex   -8.077096e+00 3.405526e+01 3.200000e+00
    endloop
  endfacet
  facet normal 2.628285e-01 -9.648426e-01 -2.746336e-16
    outer loop
      vertex   -8.077096e+00 3.405526e+01 3.200000e+00
      vertex   -8.077096e+00 3.405526e+01 4.900000e+00
      vertex   -1.031083e+01 3.344677e+01 3.200000e+00
    endloop
  endfacet
  facet normal 2.628285e-01 -9.648426e-01 1.098535e-15
    outer loop
      vertex   -1.031083e+01 3.344677e+01 3.200000e+00
      vertex   -8.077096e+00 3.405526e+01 4.900000e+00
      vertex   -1.031083e+01 3.344677e+01 4.900000e+00
    endloop
  endfacet
  facet normal 3.260397e-01 -9.453561e-01 1.362736e-15
    outer loop
      vertex   -1.031083e+01 3.344677e+01 3.200000e+00
      vertex   -1.031083e+01 3.344677e+01 4.900000e+00
      vertex   -1.249946e+01 3.269195e+01 3.200000e+00
    endloop
  endfacet
  facet normal 3.260397e-01 -9.453561e-01 -2.247850e-15
    outer loop
      vertex   -1.249946e+01 3.269195e+01 3.200000e+00
      vertex   -1.031083e+01 3.344677e+01 4.900000e+00
      vertex   -1.249946e+01 3.269195e+01 4.900000e+00
    endloop
  endfacet
  facet normal 3.878243e-01 -9.217333e-01 -1.826316e-15
    outer loop
      vertex   -1.249946e+01 3.269195e+01 3.200000e+00
      vertex   -1.249946e+01 3.269195e+01 4.900000e+00
      vertex   -1.463339e+01 3.179409e+01 3.200000e+00
    endloop
  endfacet
  facet normal 3.878243e-01 -9.217333e-01 -3.052925e-16
    outer loop
      vertex   -1.463339e+01 3.179409e+01 3.200000e+00
      vertex   -1.249946e+01 3.269195e+01 4.900000e+00
      vertex   -1.463339e+01 3.179409e+01 4.900000e+00
    endloop
  endfacet
  facet normal 4.479120e-01 -8.940776e-01 3.649752e-18
    outer loop
      vertex   -1.463339e+01 3.179409e+01 3.200000e+00
      vertex   -1.463339e+01 3.179409e+01 4.900000e+00
      vertex   -1.670330e+01 3.075711e+01 3.200000e+00
    endloop
  endfacet
  facet normal 4.479120e-01 -8.940776e-01 3.649752e-18
    outer loop
      vertex   -1.670330e+01 3.075711e+01 3.200000e+00
      vertex   -1.463339e+01 3.179409e+01 4.900000e+00
      vertex   -1.670330e+01 3.075711e+01 4.900000e+00
    endloop
  endfacet
  facet normal 5.060400e-01 -8.625100e-01 3.125761e-16
    outer loop
      vertex   -1.670330e+01 3.075711e+01 3.200000e+00
      vertex   -1.670330e+01 3.075711e+01 4.900000e+00
      vertex   -1.870012e+01 2.958556e+01 3.200000e+00
    endloop
  endfacet
  facet normal 5.060400e-01 -8.625100e-01 -1.489925e-15
    outer loop
      vertex   -1.870012e+01 2.958556e+01 3.200000e+00
      vertex   -1.670330e+01 3.075711e+01 4.900000e+00
      vertex   -1.870012e+01 2.958556e+01 4.900000e+00
    endloop
  endfacet
  facet normal 5.619538e-01 -8.271686e-01 -1.108508e-15
    outer loop
      vertex   -1.870012e+01 2.958556e+01 3.200000e+00
      vertex   -1.870012e+01 2.958556e+01 4.900000e+00
      vertex   -2.061513e+01 2.828456e+01 3.200000e+00
    endloop
  endfacet
  facet normal 5.619538e-01 -8.271686e-01 -5.542541e-16
    outer loop
      vertex   -2.061513e+01 2.828456e+01 3.200000e+00
      vertex   -1.870012e+01 2.958556e+01 4.900000e+00
      vertex   -2.061513e+01 2.828456e+01 4.900000e+00
    endloop
  endfacet
  facet normal 6.154089e-01 -7.882080e-01 -3.611209e-16
    outer loop
      vertex   -2.061513e+01 2.828456e+01 3.200000e+00
      vertex   -2.061513e+01 2.828456e+01 4.900000e+00
      vertex   -2.243993e+01 2.685981e+01 3.200000e+00
    endloop
  endfacet
  facet normal 6.154089e-01 -7.882080e-01 2.572202e-15
    outer loop
      vertex   -2.243993e+01 2.685981e+01 3.200000e+00
      vertex   -2.061513e+01 2.828456e+01 4.900000e+00
      vertex   -2.243993e+01 2.685981e+01 4.900000e+00
    endloop
  endfacet
  facet normal 6.661714e-01 -7.457987e-01 2.784372e-15
    outer loop
      vertex   -2.243993e+01 2.685981e+01 3.200000e+00
      vertex   -2.243993e+01 2.685981e+01 4.900000e+00
      vertex   -2.416655e+01 2.531754e+01 3.200000e+00
    endloop
  endfacet
  facet normal 6.661714e-01 -7.457987e-01 -3.283595e-15
    outer loop
      vertex   -2.416655e+01 2.531754e+01 3.200000e+00
      vertex   -2.243993e+01 2.685981e+01 4.900000e+00
      vertex   -2.416655e+01 2.531754e+01 4.900000e+00
    endloop
  endfacet
  facet normal 7.140191e-01 -7.001262e-01 -2.897258e-15
    outer loop
      vertex   -2.416655e+01 2.531754e+01 3.200000e+00
      vertex   -2.416655e+01 2.531754e+01 4.900000e+00
      vertex   -2.578744e+01 2.366449e+01 3.200000e+00
    endloop
  endfacet
  facet normal 7.140191e-01 -7.001262e-01 2.984359e-15
    outer loop
      vertex   -2.578744e+01 2.366449e+01 3.200000e+00
      vertex   -2.416655e+01 2.531754e+01 4.900000e+00
      vertex   -2.578744e+01 2.366449e+01 4.900000e+00
    endloop
  endfacet
  facet normal 7.587427e-01 -6.513905e-01 3.171289e-15
    outer loop
      vertex   -2.578744e+01 2.366449e+01 3.200000e+00
      vertex   -2.578744e+01 2.366449e+01 4.900000e+00
      vertex   -2.729549e+01 2.190790e+01 3.200000e+00
    endloop
  endfacet
  facet normal 7.587427e-01 -6.513905e-01 -1.136948e-15
    outer loop
      vertex   -2.729549e+01 2.190790e+01 3.200000e+00
      vertex   -2.578744e+01 2.366449e+01 4.900000e+00
      vertex   -2.729549e+01 2.190790e+01 4.900000e+00
    endloop
  endfacet
  facet normal 8.001465e-01 -5.998046e-01 -8.348099e-16
    outer loop
      vertex   -2.729549e+01 2.190790e+01 3.200000e+00
      vertex   -2.729549e+01 2.190790e+01 4.900000e+00
      vertex   -2.868412e+01 2.005545e+01 3.200000e+00
    endloop
  endfacet
  facet normal 8.001465e-01 -5.998046e-01 -2.088301e-15
    outer loop
      vertex   -2.868412e+01 2.005545e+01 3.200000e+00
      vertex   -2.729549e+01 2.190790e+01 4.900000e+00
      vertex   -2.868412e+01 2.005545e+01 4.900000e+00
    endloop
  endfacet
  facet normal 8.380494e-01 -5.455944e-01 -1.669219e-15
    outer loop
      vertex   -2.868412e+01 2.005545e+01 3.200000e+00
      vertex   -2.868412e+01 2.005545e+01 4.900000e+00
      vertex   -2.994724e+01 1.811526e+01 3.200000e+00
    endloop
  endfacet
  facet normal 8.380494e-01 -5.455944e-01 -1.669219e-15
    outer loop
      vertex   -2.994724e+01 1.811526e+01 3.200000e+00
      vertex   -2.868412e+01 2.005545e+01 4.900000e+00
      vertex   -2.994724e+01 1.811526e+01 4.900000e+00
    endloop
  endfacet
  facet normal 8.722855e-01 -4.889970e-01 -1.242835e-15
    outer loop
      vertex   -2.994724e+01 1.811526e+01 3.200000e+00
      vertex   -2.994724e+01 1.811526e+01 4.900000e+00
      vertex   -3.107934e+01 1.609580e+01 3.200000e+00
    endloop
  endfacet
  facet normal 8.722855e-01 -4.889970e-01 -2.209131e-16
    outer loop
      vertex   -3.107934e+01 1.609580e+01 3.200000e+00
      vertex   -2.994724e+01 1.811526e+01 4.900000e+00
      vertex   -3.107934e+01 1.609580e+01 4.900000e+00
    endloop
  endfacet
  facet normal 9.027050e-01 -4.302601e-01 8.815918e-17
    outer loop
      vertex   -3.107934e+01 1.609580e+01 3.200000e+00
      vertex   -3.107934e+01 1.609580e+01 4.900000e+00
      vertex   -3.207544e+01 1.400592e+01 3.200000e+00
    endloop
  endfacet
  facet normal 9.027050e-01 -4.302601e-01 -2.247928e-15
    outer loop
      vertex   -3.207544e+01 1.400592e+01 3.200000e+00
      vertex   -3.107934e+01 1.609580e+01 4.900000e+00
      vertex   -3.207544e+01 1.400592e+01 4.900000e+00
    endloop
  endfacet
  facet normal 9.291748e-01 -3.696406e-01 -1.931216e-15
    outer loop
      vertex   -3.207544e+01 1.400592e+01 3.200000e+00
      vertex   -3.207544e+01 1.400592e+01 4.900000e+00
      vertex   -3.293121e+01 1.185476e+01 3.200000e+00
    endloop
  endfacet
  facet normal 9.291748e-01 -3.696406e-01 2.338665e-15
    outer loop
      vertex   -3.293121e+01 1.185476e+01 3.200000e+00
      vertex   -3.207544e+01 1.400592e+01 4.900000e+00
      vertex   -3.293121e+01 1.185476e+01 4.900000e+00
    endloop
  endfacet
  facet normal 9.515792e-01 -3.074038e-01 2.692436e-15
    outer loop
      vertex   -3.293121e+01 1.185476e+01 3.200000e+00
      vertex   -3.293121e+01 1.185476e+01 4.900000e+00
      vertex   -3.364289e+01 9.651731e+00 3.200000e+00
    endloop
  endfacet
  facet normal 9.515792e-01 -3.074038e-01 -1.284844e-15
    outer loop
      vertex   -3.364289e+01 9.651731e+00 3.200000e+00
      vertex   -3.293121e+01 1.185476e+01 4.900000e+00
      vertex   -3.364289e+01 9.651731e+00 4.900000e+00
    endloop
  endfacet
  facet normal 9.698200e-01 -2.438220e-01 -1.019094e-15
    outer loop
      vertex   -3.364289e+01 9.651731e+00 3.200000e+00
      vertex   -3.364289e+01 9.651731e+00 4.900000e+00
      vertex   -3.420737e+01 7.406470e+00 3.200000e+00
    endloop
  endfacet
  facet normal 9.698200e-01 -2.438220e-01 -1.146480e-15
    outer loop
      vertex   -3.420737e+01 7.406470e+00 3.200000e+00
      vertex   -3.364289e+01 9.651731e+00 4.900000e+00
      vertex   -3.420737e+01 7.406470e+00 4.900000e+00
    endloop
  endfacet
  facet normal 9.838175e-01 -1.791733e-01 -8.424947e-16
    outer loop
      vertex   -3.420737e+01 7.406470e+00 3.200000e+00
      vertex   -3.420737e+01 7.406470e+00 4.900000e+00
      vertex   -3.462218e+01 5.128803e+00 3.200000e+00
    endloop
  endfacet
  facet normal 9.838175e-01 -1.791733e-01 -9.361053e-16
    outer loop
      vertex   -3.462218e+01 5.128803e+00 3.200000e+00
      vertex   -3.420737e+01 7.406470e+00 4.900000e+00
      vertex   -3.462218e+01 5.128803e+00 4.900000e+00
    endloop
  endfacet
  facet normal 9.935105e-01 -1.137408e-01 -5.942476e-16
    outer loop
      vertex   -3.462218e+01 5.128803e+00 3.200000e+00
      vertex   -3.462218e+01 5.128803e+00 4.900000e+00
      vertex   -3.488551e+01 2.828695e+00 3.200000e+00
    endloop
  endfacet
  facet normal 9.935105e-01 -1.137408e-01 -5.348228e-16
    outer loop
      vertex   -3.488551e+01 2.828695e+00 3.200000e+00
      vertex   -3.462218e+01 5.128803e+00 4.900000e+00
      vertex   -3.488551e+01 2.828695e+00 4.900000e+00
    endloop
  endfacet
  facet normal 9.988564e-01 -4.781053e-02 -2.248109e-16
    outer loop
      vertex   -3.488551e+01 2.828695e+00 3.200000e+00
      vertex   -3.488551e+01 2.828695e+00 4.900000e+00
      vertex   -3.499619e+01 5.162111e-01 3.200000e+00
    endloop
  endfacet
  facet normal 9.988564e-01 -4.781053e-02 -2.373004e-16
    outer loop
      vertex   -3.499619e+01 5.162111e-01 3.200000e+00
      vertex   -3.488551e+01 2.828695e+00 4.900000e+00
      vertex   -3.499619e+01 5.162111e-01 4.900000e+00
    endloop
  endfacet
  facet normal 9.998320e-01 1.832889e-02 9.097270e-17
    outer loop
      vertex   -3.499619e+01 5.162111e-01 3.200000e+00
      vertex   -3.499619e+01 5.162111e-01 4.900000e+00
      vertex   -3.495376e+01 -1.798532e+00 3.200000e+00
    endloop
  endfacet
  facet normal 9.998320e-01 1.832889e-02 9.336672e-17
    outer loop
      vertex   -3.495376e+01 -1.798532e+00 3.200000e+00
      vertex   -3.499619e+01 5.162111e-01 4.900000e+00
      vertex   -3.495376e+01 -1.798532e+00 4.900000e+00
    endloop
  endfacet
  facet normal 9.964330e-01 8.438812e-02 4.298701e-16
    outer loop
      vertex   -3.495376e+01 -1.798532e+00 3.200000e+00
      vertex   -3.495376e+01 -1.798532e+00 4.900000e+00
      vertex   -3.475839e+01 -4.105405e+00 3.200000e+00
    endloop
  endfacet
  facet normal 9.964330e-01 8.438812e-02 4.408924e-16
    outer loop
      vertex   -3.475839e+01 -4.105405e+00 3.200000e+00
      vertex   -3.495376e+01 -1.798532e+00 4.900000e+00
      vertex   -3.475839e+01 -4.105405e+00 4.900000e+00
    endloop
  endfacet
  facet normal 9.886741e-01 1.500781e-01 7.840950e-16
    outer loop
      vertex   -3.475839e+01 -4.105405e+00 3.200000e+00
      vertex   -3.475839e+01 -4.105405e+00 4.900000e+00
      vertex   -3.441094e+01 -6.394316e+00 3.200000e+00
    endloop
  endfacet
  facet normal 9.886741e-01 1.500781e-01 7.840950e-16
    outer loop
      vertex   -3.441094e+01 -6.394316e+00 3.200000e+00
      vertex   -3.475839e+01 -4.105405e+00 4.900000e+00
      vertex   -3.441094e+01 -6.394316e+00 4.900000e+00
    endloop
  endfacet
  facet normal 9.765895e-01 2.151115e-01 1.123867e-15
    outer loop
      vertex   -3.441094e+01 -6.394316e+00 3.200000e+00
      vertex   -3.441094e+01 -6.394316e+00 4.900000e+00
      vertex   -3.391293e+01 -8.655249e+00 3.200000e+00
    endloop
  endfacet
  facet normal 9.765895e-01 2.151115e-01 -2.957948e-15
    outer loop
      vertex   -3.391293e+01 -8.655249e+00 3.200000e+00
      vertex   -3.441094e+01 -6.394316e+00 4.900000e+00
      vertex   -3.391293e+01 -8.655249e+00 4.900000e+00
    endloop
  endfacet
  facet normal 9.602319e-01 2.792036e-01 -2.554725e-15
    outer loop
      vertex   -3.391293e+01 -8.655249e+00 3.200000e+00
      vertex   -3.391293e+01 -8.655249e+00 4.900000e+00
      vertex   -3.326653e+01 -1.087831e+01 3.200000e+00
    endloop
  endfacet
  facet normal 9.602319e-01 2.792036e-01 -1.971236e-15
    outer loop
      vertex   -3.326653e+01 -1.087831e+01 3.200000e+00
      vertex   -3.391293e+01 -8.655249e+00 4.900000e+00
      vertex   -3.326653e+01 -1.087831e+01 4.900000e+00
    endloop
  endfacet
  facet normal 9.396730e-01 3.420742e-01 -1.425446e-15
    outer loop
      vertex   -3.326653e+01 -1.087831e+01 3.200000e+00
      vertex   -3.326653e+01 -1.087831e+01 4.900000e+00
      vertex   -3.247459e+01 -1.305378e+01 3.200000e+00
    endloop
  endfacet
  facet normal 9.396730e-01 3.420742e-01 2.144632e-15
    outer loop
      vertex   -3.247459e+01 -1.305378e+01 3.200000e+00
      vertex   -3.326653e+01 -1.087831e+01 4.900000e+00
      vertex   -3.247459e+01 -1.305378e+01 4.900000e+00
    endloop
  endfacet
  facet normal 9.150026e-01 4.034480e-01 2.529415e-15
    outer loop
      vertex   -3.247459e+01 -1.305378e+01 3.200000e+00
      vertex   -3.247459e+01 -1.305378e+01 4.900000e+00
      vertex   -3.154055e+01 -1.517213e+01 3.200000e+00
    endloop
  endfacet
  facet normal 9.150026e-01 4.034480e-01 1.956446e-16
    outer loop
      vertex   -3.154055e+01 -1.517213e+01 3.200000e+00
      vertex   -3.247459e+01 -1.305378e+01 4.900000e+00
      vertex   -3.154055e+01 -1.517213e+01 4.900000e+00
    endloop
  endfacet
  facet normal 8.863287e-01 4.630566e-01 5.669979e-16
    outer loop
      vertex   -3.154055e+01 -1.517213e+01 3.200000e+00
      vertex   -3.154055e+01 -1.517213e+01 4.900000e+00
      vertex   -3.046852e+01 -1.722410e+01 3.200000e+00
    endloop
  endfacet
  facet normal 8.863287e-01 4.630566e-01 8.845675e-16
    outer loop
      vertex   -3.046852e+01 -1.722410e+01 3.200000e+00
      vertex   -3.154055e+01 -1.517213e+01 4.900000e+00
      vertex   -3.046852e+01 -1.722410e+01 4.900000e+00
    endloop
  endfacet
  facet normal 8.537768e-01 5.206391e-01 6.962017e-16
    outer loop
      vertex   -3.046852e+01 -1.722410e+01 3.200000e+00
      vertex   -3.046852e+01 -1.722410e+01 4.900000e+00
      vertex   -2.926317e+01 -1.920070e+01 3.200000e+00
    endloop
  endfacet
  facet normal 8.537768e-01 5.206391e-01 -6.962017e-16
    outer loop
      vertex   -2.926317e+01 -1.920070e+01 3.200000e+00
      vertex   -3.046852e+01 -1.722410e+01 4.900000e+00
      vertex   -2.926317e+01 -1.920070e+01 4.900000e+00
    endloop
  endfacet
  facet normal 8.174894e-01 5.759437e-01 -5.047898e-16
    outer loop
      vertex   -2.926317e+01 -1.920070e+01 3.200000e+00
      vertex   -2.926317e+01 -1.920070e+01 4.900000e+00
      vertex   -2.792978e+01 -2.109330e+01 3.200000e+00
    endloop
  endfacet
  facet normal 8.174894e-01 5.759437e-01 -3.921620e-15
    outer loop
      vertex   -2.792978e+01 -2.109330e+01 3.200000e+00
      vertex   -2.926317e+01 -1.920070e+01 4.900000e+00
      vertex   -2.792978e+01 -2.109330e+01 4.900000e+00
    endloop
  endfacet
  facet normal 7.776251e-01 6.287283e-01 -3.561380e-15
    outer loop
      vertex   -2.792978e+01 -2.109330e+01 3.200000e+00
      vertex   -2.792978e+01 -2.109330e+01 4.900000e+00
      vertex   -2.647419e+01 -2.289360e+01 3.200000e+00
    endloop
  endfacet
  facet normal 7.776251e-01 6.287283e-01 1.936275e-15
    outer loop
      vertex   -2.647419e+01 -2.289360e+01 3.200000e+00
      vertex   -2.792978e+01 -2.109330e+01 4.900000e+00
      vertex   -2.647419e+01 -2.289360e+01 4.900000e+00
    endloop
  endfacet
  facet normal 7.343584e-01 6.787620e-01 1.650872e-15
    outer loop
      vertex   -2.647419e+01 -2.289360e+01 3.200000e+00
      vertex   -2.647419e+01 -2.289360e+01 4.900000e+00
      vertex   -2.490277e+01 -2.459374e+01 3.200000e+00
    endloop
  endfacet
  facet normal 7.343584e-01 6.787620e-01 -3.185558e-15
    outer loop
      vertex   -2.490277e+01 -2.459374e+01 3.200000e+00
      vertex   -2.647419e+01 -2.289360e+01 4.900000e+00
      vertex   -2.490277e+01 -2.459374e+01 4.900000e+00
    endloop
  endfacet
  facet normal 6.878786e-01 7.258258e-01 -2.795797e-15
    outer loop
      vertex   -2.490277e+01 -2.459374e+01 3.200000e+00
      vertex   -2.490277e+01 -2.459374e+01 4.900000e+00
      vertex   -2.322239e+01 -2.618627e+01 3.200000e+00
    endloop
  endfacet
  facet normal 6.878786e-01 7.258258e-01 1.596157e-15
    outer loop
      vertex   -2.322239e+01 -2.618627e+01 3.200000e+00
      vertex   -2.490277e+01 -2.459374e+01 4.900000e+00
      vertex   -2.322239e+01 -2.618627e+01 4.900000e+00
    endloop
  endfacet
  facet normal 6.383891e-01 7.697139e-01 1.883019e-15
    outer loop
      vertex   -2.322239e+01 -2.618627e+01 3.200000e+00
      vertex   -2.322239e+01 -2.618627e+01 4.900000e+00
      vertex   -2.144040e+01 -2.766422e+01 3.200000e+00
    endloop
  endfacet
  facet normal 6.383891e-01 7.697139e-01 -2.744467e-16
    outer loop
      vertex   -2.144040e+01 -2.766422e+01 3.200000e+00
      vertex   -2.322239e+01 -2.618627e+01 4.900000e+00
      vertex   -2.144040e+01 -2.766422e+01 4.900000e+00
    endloop
  endfacet
  facet normal 5.861063e-01 8.102341e-01 -4.683893e-16
    outer loop
      vertex   -2.144040e+01 -2.766422e+01 3.200000e+00
      vertex   -2.144040e+01 -2.766422e+01 4.900000e+00
      vertex   -1.956460e+01 -2.902114e+01 3.200000e+00
    endloop
  endfacet
  facet normal 5.861063e-01 8.102341e-01 4.683893e-16
    outer loop
      vertex   -1.956460e+01 -2.902114e+01 3.200000e+00
      vertex   -2.144040e+01 -2.766422e+01 4.900000e+00
      vertex   -1.956460e+01 -2.902114e+01 4.900000e+00
    endloop
  endfacet
  facet normal 5.312592e-01 8.472093e-01 6.602826e-16
    outer loop
      vertex   -1.956460e+01 -2.902114e+01 3.200000e+00
      vertex   -1.956460e+01 -2.902114e+01 4.900000e+00
      vertex   -1.760320e+01 -3.025107e+01 3.200000e+00
    endloop
  endfacet
  facet normal 5.312592e-01 8.472093e-01 1.110242e-15
    outer loop
      vertex   -1.760320e+01 -3.025107e+01 3.200000e+00
      vertex   -1.956460e+01 -2.902114e+01 4.900000e+00
      vertex   -1.760320e+01 -3.025107e+01 4.900000e+00
    endloop
  endfacet
  facet normal 4.740876e-01 8.804777e-01 9.907632e-16
    outer loop
      vertex   -1.760320e+01 -3.025107e+01 3.200000e+00
      vertex   -1.760320e+01 -3.025107e+01 4.900000e+00
      vertex   -1.556478e+01 -3.134865e+01 3.200000e+00
    endloop
  endfacet
  facet normal 4.740876e-01 8.804777e-01 1.981526e-15
    outer loop
      vertex   -1.556478e+01 -3.134865e+01 3.200000e+00
      vertex   -1.760320e+01 -3.025107e+01 4.900000e+00
      vertex   -1.556478e+01 -3.134865e+01 4.900000e+00
    endloop
  endfacet
  facet normal 4.148417e-01 9.098936e-01 1.733898e-15
    outer loop
      vertex   -1.556478e+01 -3.134865e+01 3.200000e+00
      vertex   -1.556478e+01 -3.134865e+01 4.900000e+00
      vertex   -1.345825e+01 -3.230906e+01 3.200000e+00
    endloop
  endfacet
  facet normal 4.148417e-01 9.098936e-01 -2.600848e-15
    outer loop
      vertex   -1.345825e+01 -3.230906e+01 3.200000e+00
      vertex   -1.556478e+01 -3.134865e+01 4.900000e+00
      vertex   -1.345825e+01 -3.230906e+01 4.900000e+00
    endloop
  endfacet
  facet normal 3.537807e-01 9.353284e-01 -2.218026e-15
    outer loop
      vertex   -1.345825e+01 -3.230906e+01 3.200000e+00
      vertex   -1.345825e+01 -3.230906e+01 4.900000e+00
      vertex   -1.129285e+01 -3.312811e+01 3.200000e+00
    endloop
  endfacet
  facet normal 3.537807e-01 9.353284e-01 2.218026e-15
    outer loop
      vertex   -1.129285e+01 -3.312811e+01 3.200000e+00
      vertex   -1.345825e+01 -3.230906e+01 4.900000e+00
      vertex   -1.129285e+01 -3.312811e+01 4.900000e+00
    endloop
  endfacet
  facet normal 2.911718e-01 9.566708e-01 1.825500e-15
    outer loop
      vertex   -1.129285e+01 -3.312811e+01 3.200000e+00
      vertex   -1.129285e+01 -3.312811e+01 4.900000e+00
      vertex   -9.078027e+00 -3.380221e+01 3.200000e+00
    endloop
  endfacet
  facet normal 2.911718e-01 9.566708e-01 -1.521250e-15
    outer loop
      vertex   -9.078027e+00 -3.380221e+01 3.200000e+00
      vertex   -1.129285e+01 -3.312811e+01 4.900000e+00
      vertex   -9.078027e+00 -3.380221e+01 4.900000e+00
    endloop
  endfacet
  facet normal 2.272888e-01 9.738274e-01 -1.187489e-15
    outer loop
      vertex   -9.078027e+00 -3.380221e+01 3.200000e+00
      vertex   -9.078027e+00 -3.380221e+01 4.900000e+00
      vertex   -6.823488e+00 -3.432841e+01 3.200000e+00
    endloop
  endfacet
  facet normal 2.272888e-01 9.738274e-01 -1.187489e-15
    outer loop
      vertex   -6.823488e+00 -3.432841e+01 3.200000e+00
      vertex   -9.078027e+00 -3.380221e+01 4.900000e+00
      vertex   -6.823488e+00 -3.432841e+01 4.900000e+00
    endloop
  endfacet
  facet normal 1.624115e-01 9.867231e-01 -8.485315e-16
    outer loop
      vertex   -6.823488e+00 -3.432841e+01 3.200000e+00
      vertex   -6.823488e+00 -3.432841e+01 4.900000e+00
      vertex   -4.539094e+00 -3.470442e+01 3.200000e+00
    endloop
  endfacet
  facet normal 1.624115e-01 9.867231e-01 -3.530198e-15
    outer loop
      vertex   -4.539094e+00 -3.470442e+01 3.200000e+00
      vertex   -6.823488e+00 -3.432841e+01 4.900000e+00
      vertex   -4.539094e+00 -3.470442e+01 4.900000e+00
    endloop
  endfacet
  facet normal 9.682346e-02 9.953016e-01 -3.805922e-15
    outer loop
      vertex   -4.539094e+00 -3.470442e+01 3.200000e+00
      vertex   -4.539094e+00 -3.470442e+01 4.900000e+00
      vertex   -2.234840e+00 -3.492858e+01 3.200000e+00
    endloop
  endfacet
  facet normal 9.682346e-02 9.953016e-01 -5.058618e-16
    outer loop
      vertex   -2.234840e+00 -3.492858e+01 3.200000e+00
      vertex   -4.539094e+00 -3.470442e+01 4.900000e+00
      vertex   -2.234840e+00 -3.492858e+01 4.900000e+00
    endloop
  endfacet
  facet normal 3.081183e-02 9.995252e-01 -1.609788e-16
    outer loop
      vertex   -2.234840e+00 -3.492858e+01 3.200000e+00
      vertex   -2.234840e+00 -3.492858e+01 4.900000e+00
      vertex   7.919219e-02 -3.499991e+01 3.200000e+00
    endloop
  endfacet
  facet normal 3.081183e-02 9.995252e-01 -1.549421e-16
    outer loop
      vertex   7.919219e-02 -3.499991e+01 3.200000e+00
      vertex   -2.234840e+00 -3.492858e+01 4.900000e+00
      vertex   7.919219e-02 -3.499991e+01 4.900000e+00
    endloop
  endfacet
  facet normal -3.533462e-02 9.993755e-01 1.776857e-16
    outer loop
      vertex   7.919219e-02 -3.499991e+01 3.200000e+00
      vertex   7.919219e-02 -3.499991e+01 4.900000e+00
      vertex   2.392878e+00 -3.491811e+01 3.200000e+00
    endloop
  endfacet
  facet normal -3.533462e-02 9.993755e-01 4.047827e-15
    outer loop
      vertex   2.392878e+00 -3.491811e+01 3.200000e+00
      vertex   7.919219e-02 -3.499991e+01 4.900000e+00
      vertex   2.392878e+00 -3.491811e+01 4.900000e+00
    endloop
  endfacet
  facet normal -1.013265e-01 9.948532e-01 3.787580e-15
    outer loop
      vertex   2.392878e+00 -3.491811e+01 3.200000e+00
      vertex   2.392878e+00 -3.491811e+01 4.900000e+00
      vertex   4.696094e+00 -3.468352e+01 3.200000e+00
    endloop
  endfacet
  facet normal -1.013265e-01 9.948532e-01 5.293881e-16
    outer loop
      vertex   4.696094e+00 -3.468352e+01 3.200000e+00
      vertex   2.392878e+00 -3.491811e+01 4.900000e+00
      vertex   4.696094e+00 -3.468352e+01 4.900000e+00
    endloop
  endfacet
  facet normal -1.668750e-01 9.859781e-01 8.718515e-16
    outer loop
      vertex   4.696094e+00 -3.468352e+01 3.200000e+00
      vertex   4.696094e+00 -3.468352e+01 4.900000e+00
      vertex   6.978763e+00 -3.429718e+01 3.200000e+00
    endloop
  endfacet
  facet normal -1.668750e-01 9.859781e-01 -6.974812e-16
    outer loop
      vertex   6.978763e+00 -3.429718e+01 3.200000e+00
      vertex   4.696094e+00 -3.468352e+01 4.900000e+00
      vertex   6.978763e+00 -3.429718e+01 4.900000e+00
    endloop
  endfacet
  facet normal -2.316933e-01 9.727889e-01 -9.684001e-16
    outer loop
      vertex   6.978763e+00 -3.429718e+01 3.200000e+00
      vertex   6.978763e+00 -3.429718e+01 4.900000e+00
      vertex   9.230898e+00 -3.376078e+01 3.200000e+00
    endloop
  endfacet
  facet normal -2.316933e-01 9.727889e-01 -9.684001e-16
    outer loop
      vertex   9.230898e+00 -3.376078e+01 3.200000e+00
      vertex   6.978763e+00 -3.429718e+01 4.900000e+00
      vertex   9.230898e+00 -3.376078e+01 4.900000e+00
    endloop
  endfacet
  facet normal -2.954980e-01 9.553434e-01 -1.235082e-15
    outer loop
      vertex   9.230898e+00 -3.376078e+01 3.200000e+00
      vertex   9.230898e+00 -3.376078e+01 4.900000e+00
      vertex   1.144264e+01 -3.307667e+01 3.200000e+00
    endloop
  endfacet
  facet normal -2.954980e-01 9.553434e-01 1.543852e-15
    outer loop
      vertex   1.144264e+01 -3.307667e+01 3.200000e+00
      vertex   9.230898e+00 -3.376078e+01 4.900000e+00
      vertex   1.144264e+01 -3.307667e+01 4.900000e+00
    endloop
  endfacet
  facet normal -3.580097e-01 9.337179e-01 1.870450e-15
    outer loop
      vertex   1.144264e+01 -3.307667e+01 3.200000e+00
      vertex   1.144264e+01 -3.307667e+01 4.900000e+00
      vertex   1.360432e+01 -3.224783e+01 3.200000e+00
    endloop
  endfacet
  facet normal -3.580097e-01 9.337179e-01 2.780356e-15
    outer loop
      vertex   1.360432e+01 -3.224783e+01 3.200000e+00
      vertex   1.144264e+01 -3.307667e+01 4.900000e+00
      vertex   1.360432e+01 -3.224783e+01 4.900000e+00
    endloop
  endfacet
  facet normal -4.189549e-01 9.080070e-01 2.481846e-15
    outer loop
      vertex   1.360432e+01 -3.224783e+01 3.200000e+00
      vertex   1.360432e+01 -3.224783e+01 4.900000e+00
      vertex   1.570648e+01 -3.127789e+01 3.200000e+00
    endloop
  endfacet
  facet normal -4.189549e-01 9.080070e-01 1.022036e-15
    outer loop
      vertex   1.570648e+01 -3.127789e+01 3.200000e+00
      vertex   1.360432e+01 -3.224783e+01 4.900000e+00
      vertex   1.570648e+01 -3.127789e+01 4.900000e+00
    endloop
  endfacet
  facet normal -4.780671e-01 8.783233e-01 8.364680e-16
    outer loop
      vertex   1.570648e+01 -3.127789e+01 3.200000e+00
      vertex   1.570648e+01 -3.127789e+01 4.900000e+00
      vertex   1.773991e+01 -3.017110e+01 3.200000e+00
    endloop
  endfacet
  facet normal -4.780671e-01 8.783233e-01 1.626118e-16
    outer loop
      vertex   1.773991e+01 -3.017110e+01 3.200000e+00
      vertex   1.570648e+01 -3.127789e+01 4.900000e+00
      vertex   1.773991e+01 -3.017110e+01 4.900000e+00
    endloop
  endfacet
  facet normal -5.350876e-01 8.447966e-01 4.710034e-16
    outer loop
      vertex   1.773991e+01 -3.017110e+01 3.200000e+00
      vertex   1.773991e+01 -3.017110e+01 4.900000e+00
      vertex   1.969573e+01 -2.893231e+01 3.200000e+00
    endloop
  endfacet
  facet normal -5.350876e-01 8.447966e-01 2.412722e-15
    outer loop
      vertex   1.969573e+01 -2.893231e+01 3.200000e+00
      vertex   1.773991e+01 -3.017110e+01 4.900000e+00
      vertex   1.969573e+01 -2.893231e+01 4.900000e+00
    endloop
  endfacet
  facet normal -5.897669e-01 8.075736e-01 2.142872e-15
    outer loop
      vertex   1.969573e+01 -2.893231e+01 3.200000e+00
      vertex   1.969573e+01 -2.893231e+01 4.900000e+00
      vertex   2.156537e+01 -2.756692e+01 3.200000e+00
    endloop
  endfacet
  facet normal -5.897669e-01 8.075736e-01 -9.103586e-16
    outer loop
      vertex   2.156537e+01 -2.756692e+01 3.200000e+00
      vertex   1.969573e+01 -2.893231e+01 4.900000e+00
      vertex   2.156537e+01 -2.756692e+01 4.900000e+00
    endloop
  endfacet
  facet normal -6.418657e-01 7.668171e-01 -5.222549e-16
    outer loop
      vertex   2.156537e+01 -2.756692e+01 3.200000e+00
      vertex   2.156537e+01 -2.756692e+01 4.900000e+00
      vertex   2.334065e+01 -2.608091e+01 3.200000e+00
    endloop
  endfacet
  facet normal -6.418657e-01 7.668171e-01 8.191363e-16
    outer loop
      vertex   2.334065e+01 -2.608091e+01 3.200000e+00
      vertex   2.156537e+01 -2.756692e+01 4.900000e+00
      vertex   2.334065e+01 -2.608091e+01 4.900000e+00
    endloop
  endfacet
  facet normal -6.911561e-01 7.227055e-01 1.312534e-15
    outer loop
      vertex   2.334065e+01 -2.608091e+01 3.200000e+00
      vertex   2.334065e+01 -2.608091e+01 4.900000e+00
      vertex   2.501381e+01 -2.448080e+01 3.200000e+00
    endloop
  endfacet
  facet normal -6.911561e-01 7.227055e-01 4.530998e-15
    outer loop
      vertex   2.501381e+01 -2.448080e+01 3.200000e+00
      vertex   2.334065e+01 -2.608091e+01 4.900000e+00
      vertex   2.501381e+01 -2.448080e+01 4.900000e+00
    endloop
  endfacet
  facet normal -7.374224e-01 6.754318e-01 4.234616e-15
    outer loop
      vertex   2.501381e+01 -2.448080e+01 3.200000e+00
      vertex   2.501381e+01 -2.448080e+01 4.900000e+00
      vertex   2.657752e+01 -2.277357e+01 3.200000e+00
    endloop
  endfacet
  facet normal -7.374224e-01 6.754318e-01 2.590997e-16
    outer loop
      vertex   2.657752e+01 -2.277357e+01 3.200000e+00
      vertex   2.501381e+01 -2.448080e+01 4.900000e+00
      vertex   2.657752e+01 -2.277357e+01 4.900000e+00
    endloop
  endfacet
  facet normal -7.804623e-01 6.252029e-01 6.489318e-16
    outer loop
      vertex   2.657752e+01 -2.277357e+01 3.200000e+00
      vertex   2.657752e+01 -2.277357e+01 4.900000e+00
      vertex   2.802495e+01 -2.096669e+01 3.200000e+00
    endloop
  endfacet
  facet normal -7.804623e-01 6.252029e-01 3.244659e-16
    outer loop
      vertex   2.802495e+01 -2.096669e+01 3.200000e+00
      vertex   2.657752e+01 -2.277357e+01 4.900000e+00
      vertex   2.802495e+01 -2.096669e+01 4.900000e+00
    endloop
  endfacet
  facet normal -8.200873e-01 5.722385e-01 5.179623e-16
    outer loop
      vertex   2.802495e+01 -2.096669e+01 3.200000e+00
      vertex   2.802495e+01 -2.096669e+01 4.900000e+00
      vertex   2.934976e+01 -1.906808e+01 3.200000e+00
    endloop
  endfacet
  facet normal -8.200873e-01 5.722385e-01 1.599573e-16
    outer loop
      vertex   2.934976e+01 -1.906808e+01 3.200000e+00
      vertex   2.802495e+01 -2.096669e+01 4.900000e+00
      vertex   2.934976e+01 -1.906808e+01 4.900000e+00
    endloop
  endfacet
  facet normal -8.561241e-01 5.167702e-01 -3.384221e-16
    outer loop
      vertex   2.934976e+01 -1.906808e+01 3.200000e+00
      vertex   2.934976e+01 -1.906808e+01 4.900000e+00
      vertex   3.054615e+01 -1.708604e+01 3.200000e+00
    endloop
  endfacet
  facet normal -8.561241e-01 5.167702e-01 -2.159926e-15
    outer loop
      vertex   3.054615e+01 -1.708604e+01 3.200000e+00
      vertex   2.934976e+01 -1.906808e+01 4.900000e+00
      vertex   3.054615e+01 -1.708604e+01 4.900000e+00
    endloop
  endfacet
  facet normal -8.884151e-01 4.590410e-01 -1.918637e-15
    outer loop
      vertex   3.054615e+01 -1.708604e+01 3.200000e+00
      vertex   3.054615e+01 -1.708604e+01 4.900000e+00
      vertex   3.160889e+01 -1.502925e+01 3.200000e+00
    endloop
  endfacet
  facet normal -8.884151e-01 4.590410e-01 -5.416579e-16
    outer loop
      vertex   3.160889e+01 -1.502925e+01 3.200000e+00
      vertex   3.054615e+01 -1.708604e+01 4.900000e+00
      vertex   3.160889e+01 -1.502925e+01 4.900000e+00
    endloop
  endfacet
  facet normal -9.168189e-01 3.993032e-01 -1.701942e-16
    outer loop
      vertex   3.160889e+01 -1.502925e+01 3.200000e+00
      vertex   3.160889e+01 -1.502925e+01 4.900000e+00
      vertex   3.253333e+01 -1.290669e+01 3.200000e+00
    endloop
  endfacet
  facet normal -9.168189e-01 3.993032e-01 1.668953e-15
    outer loop
      vertex   3.253333e+01 -1.290669e+01 3.200000e+00
      vertex   3.160889e+01 -1.502925e+01 4.900000e+00
      vertex   3.253333e+01 -1.290669e+01 4.900000e+00
    endloop
  endfacet
  facet normal -9.412113e-01 3.378184e-01 1.411967e-15
    outer loop
      vertex   3.253333e+01 -1.290669e+01 3.200000e+00
      vertex   3.253333e+01 -1.290669e+01 4.900000e+00
      vertex   3.331542e+01 -1.072766e+01 3.200000e+00
    endloop
  endfacet
  facet normal -9.412113e-01 3.378184e-01 -2.117951e-15
    outer loop
      vertex   3.331542e+01 -1.072766e+01 3.200000e+00
      vertex   3.253333e+01 -1.290669e+01 4.900000e+00
      vertex   3.331542e+01 -1.072766e+01 4.900000e+00
    endloop
  endfacet
  facet normal -9.614856e-01 2.748555e-01 -1.723205e-15
    outer loop
      vertex   3.331542e+01 -1.072766e+01 3.200000e+00
      vertex   3.331542e+01 -1.072766e+01 4.900000e+00
      vertex   3.395175e+01 -8.501696e+00 3.200000e+00
    endloop
  endfacet
  facet normal -9.614856e-01 2.748555e-01 1.148803e-15
    outer loop
      vertex   3.395175e+01 -8.501696e+00 3.200000e+00
      vertex   3.331542e+01 -1.072766e+01 4.900000e+00
      vertex   3.395175e+01 -8.501696e+00 4.900000e+00
    endloop
  endfacet
  facet normal -9.775529e-01 2.106899e-01 8.806130e-16
    outer loop
      vertex   3.395175e+01 -8.501696e+00 3.200000e+00
      vertex   3.395175e+01 -8.501696e+00 4.900000e+00
      vertex   3.443952e+01 -6.238532e+00 3.200000e+00
    endloop
  endfacet
  facet normal -9.775529e-01 2.106899e-01 7.705364e-16
    outer loop
      vertex   3.443952e+01 -6.238532e+00 3.200000e+00
      vertex   3.395175e+01 -8.501696e+00 4.900000e+00
      vertex   3.443952e+01 -6.238532e+00 4.900000e+00
    endloop
  endfacet
  facet normal -9.893432e-01 1.456026e-01 5.324985e-16
    outer loop
      vertex   3.443952e+01 -6.238532e+00 3.200000e+00
      vertex   3.443952e+01 -6.238532e+00 4.900000e+00
      vertex   3.477661e+01 -3.948072e+00 3.200000e+00
    endloop
  endfacet
  facet normal -9.893432e-01 1.456026e-01 -7.607122e-16
    outer loop
      vertex   3.477661e+01 -3.948072e+00 3.200000e+00
      vertex   3.443952e+01 -6.238532e+00 4.900000e+00
      vertex   3.477661e+01 -3.948072e+00 4.900000e+00
    endloop
  endfacet
  facet normal -9.968046e-01 7.987814e-02 -4.173296e-16
    outer loop
      vertex   3.477661e+01 -3.948072e+00 3.200000e+00
      vertex   3.477661e+01 -3.948072e+00 4.900000e+00
      vertex   3.496154e+01 -1.640338e+00 3.200000e+00
    endloop
  endfacet
  facet normal -9.968046e-01 7.987814e-02 3.234305e-16
    outer loop
      vertex   3.496154e+01 -1.640338e+00 3.200000e+00
      vertex   3.477661e+01 -3.948072e+00 4.900000e+00
      vertex   3.496154e+01 -1.640338e+00 4.900000e+00
    endloop
  endfacet
  facet normal -9.999047e-01 1.380421e-02 5.589391e-17
    outer loop
      vertex   3.496154e+01 -1.640338e+00 3.200000e+00
      vertex   3.496154e+01 -1.640338e+00 4.900000e+00
      vertex   3.499350e+01 6.745726e-01 3.200000e+00
    endloop
  endfacet
  facet normal -9.999047e-01 1.380421e-02 5.499239e-17
    outer loop
      vertex   3.499350e+01 6.745726e-01 3.200000e+00
      vertex   3.496154e+01 -1.640338e+00 4.900000e+00
      vertex   3.499350e+01 6.745726e-01 4.900000e+00
    endloop
  endfacet
  facet normal -9.986298e-01 -5.233012e-02 -2.084697e-16
    outer loop
      vertex   3.499350e+01 6.745726e-01 3.200000e+00
      vertex   3.499350e+01 6.745726e-01 4.900000e+00
      vertex   3.487235e+01 2.986532e+00 3.200000e+00
    endloop
  endfacet
  facet normal -9.986298e-01 -5.233012e-02 2.597327e-16
    outer loop
      vertex   3.487235e+01 2.986532e+00 3.200000e+00
      vertex   3.499350e+01 6.745726e-01 4.900000e+00
      vertex   3.487235e+01 2.986532e+00 4.900000e+00
    endloop
  endfacet
  facet normal -9.929856e-01 -1.182355e-01 5.868441e-16
    outer loop
      vertex   3.487235e+01 2.986532e+00 3.200000e+00
      vertex   3.487235e+01 2.986532e+00 4.900000e+00
      vertex   3.459862e+01 5.285424e+00 3.200000e+00
    endloop
  endfacet
  facet normal -9.929856e-01 -1.182355e-01 -4.324115e-16
    outer loop
      vertex   3.459862e+01 5.285424e+00 3.200000e+00
      vertex   3.487235e+01 2.986532e+00 4.900000e+00
      vertex   3.459862e+01 5.285424e+00 4.900000e+00
    endloop
  endfacet
  facet normal -9.829966e-01 -1.836235e-01 -6.715489e-16
    outer loop
      vertex   3.459862e+01 5.285424e+00 3.200000e+00
      vertex   3.459862e+01 5.285424e+00 4.900000e+00
      vertex   3.417350e+01 7.561191e+00 3.200000e+00
    endloop
  endfacet
  facet normal -9.829966e-01 -1.836235e-01 8.634201e-16
    outer loop
      vertex   3.417350e+01 7.561191e+00 3.200000e+00
      vertex   3.459862e+01 5.285424e+00 4.900000e+00
      vertex   3.417350e+01 7.561191e+00 4.900000e+00
    endloop
  endfacet
  facet normal -9.687067e-01 -2.482082e-01 1.167105e-15
    outer loop
      vertex   3.417350e+01 7.561191e+00 3.200000e+00
      vertex   3.417350e+01 7.561191e+00 4.900000e+00
      vertex   3.359887e+01 9.803875e+00 3.200000e+00
    endloop
  endfacet
  facet normal -9.687067e-01 -2.482082e-01 -2.752085e-15
    outer loop
      vertex   3.359887e+01 9.803875e+00 3.200000e+00
      vertex   3.417350e+01 7.561191e+00 4.900000e+00
      vertex   3.359887e+01 9.803875e+00 4.900000e+00
    endloop
  endfacet
  facet normal -9.501783e-01 -3.117068e-01 -2.342889e-15
    outer loop
      vertex   3.359887e+01 9.803875e+00 3.200000e+00
      vertex   3.359887e+01 9.803875e+00 4.900000e+00
      vertex   3.287723e+01 1.200366e+01 3.200000e+00
    endloop
  endfacet
  facet normal -9.501783e-01 -3.117068e-01 1.302829e-15
    outer loop
      vertex   3.287723e+01 1.200366e+01 3.200000e+00
      vertex   3.359887e+01 9.803875e+00 4.900000e+00
      vertex   3.287723e+01 1.200366e+01 4.900000e+00
    endloop
  endfacet
  facet normal -9.274926e-01 -3.738416e-01 1.562532e-15
    outer loop
      vertex   3.287723e+01 1.200366e+01 3.200000e+00
      vertex   3.287723e+01 1.200366e+01 4.900000e+00
      vertex   3.201174e+01 1.415093e+01 3.200000e+00
    endloop
  endfacet
  facet normal -9.274926e-01 -3.738416e-01 2.343798e-15
    outer loop
      vertex   3.201174e+01 1.415093e+01 3.200000e+00
      vertex   3.287723e+01 1.200366e+01 4.900000e+00
      vertex   3.201174e+01 1.415093e+01 4.900000e+00
    endloop
  endfacet
  facet normal -9.007487e-01 -4.343406e-01 2.723096e-15
    outer loop
      vertex   3.201174e+01 1.415093e+01 3.200000e+00
      vertex   3.201174e+01 1.415093e+01 4.900000e+00
      vertex   3.100618e+01 1.623628e+01 3.200000e+00
    endloop
  endfacet
  facet normal -9.007487e-01 -4.343406e-01 6.701550e-17
    outer loop
      vertex   3.100618e+01 1.623628e+01 3.200000e+00
      vertex   3.201174e+01 1.415093e+01 4.900000e+00
      vertex   3.100618e+01 1.623628e+01 4.900000e+00
    endloop
  endfacet
  facet normal -8.700637e-01 -4.929393e-01 -2.420337e-16
    outer loop
      vertex   3.100618e+01 1.623628e+01 3.200000e+00
      vertex   3.100618e+01 1.623628e+01 4.900000e+00
      vertex   2.986496e+01 1.825059e+01 3.200000e+00
    endloop
  endfacet
  facet normal -8.700637e-01 -4.929393e-01 -2.420337e-16
    outer loop
      vertex   2.986496e+01 1.825059e+01 3.200000e+00
      vertex   3.100618e+01 1.623628e+01 4.900000e+00
      vertex   2.986496e+01 1.825059e+01 4.900000e+00
    endloop
  endfacet
  facet normal -8.355718e-01 -5.493812e-01 -5.500240e-16
    outer loop
      vertex   2.986496e+01 1.825059e+01 3.200000e+00
      vertex   2.986496e+01 1.825059e+01 4.900000e+00
      vertex   2.859307e+01 2.018505e+01 3.200000e+00
    endloop
  endfacet
  facet normal -8.355718e-01 -5.493812e-01 3.444343e-15
    outer loop
      vertex   2.859307e+01 2.018505e+01 3.200000e+00
      vertex   2.986496e+01 1.825059e+01 4.900000e+00
      vertex   2.859307e+01 2.018505e+01 4.900000e+00
    endloop
  endfacet
  facet normal -7.974240e-01 -6.034193e-01 3.783134e-15
    outer loop
      vertex   2.859307e+01 2.018505e+01 3.200000e+00
      vertex   2.859307e+01 2.018505e+01 4.900000e+00
      vertex   2.719607e+01 2.203119e+01 3.200000e+00
    endloop
  endfacet
  facet normal -7.974240e-01 -6.034193e-01 -2.116653e-15
    outer loop
      vertex   2.719607e+01 2.203119e+01 3.200000e+00
      vertex   2.859307e+01 2.018505e+01 4.900000e+00
      vertex   2.719607e+01 2.203119e+01 4.900000e+00
    endloop
  endfacet
  facet normal -7.557872e-01 -6.548173e-01 -2.525906e-15
    outer loop
      vertex   2.719607e+01 2.203119e+01 3.200000e+00
      vertex   2.719607e+01 2.203119e+01 4.900000e+00
      vertex   2.568009e+01 2.378094e+01 3.200000e+00
    endloop
  endfacet
  facet normal -7.557872e-01 -6.548173e-01 1.790478e-15
    outer loop
      vertex   2.568009e+01 2.378094e+01 3.200000e+00
      vertex   2.719607e+01 2.203119e+01 4.900000e+00
      vertex   2.568009e+01 2.378094e+01 4.900000e+00
    endloop
  endfacet
  facet normal -7.108435e-01 -7.033502e-01 1.501203e-15
    outer loop
      vertex   2.568009e+01 2.378094e+01 3.200000e+00
      vertex   2.568009e+01 2.378094e+01 4.900000e+00
      vertex   2.405174e+01 2.542664e+01 3.200000e+00
    endloop
  endfacet
  facet normal -7.108435e-01 -7.033502e-01 -3.131964e-17
    outer loop
      vertex   2.405174e+01 2.542664e+01 3.200000e+00
      vertex   2.568009e+01 2.378094e+01 4.900000e+00
      vertex   2.405174e+01 2.542664e+01 4.900000e+00
    endloop
  endfacet
  facet normal -6.627896e-01 -7.488056e-01 3.595179e-16
    outer loop
      vertex   2.405174e+01 2.542664e+01 3.200000e+00
      vertex   2.405174e+01 2.542664e+01 4.900000e+00
      vertex   2.231815e+01 2.696108e+01 3.200000e+00
    endloop
  endfacet
  facet normal -6.627896e-01 -7.488056e-01 -7.190359e-16
    outer loop
      vertex   2.231815e+01 2.696108e+01 3.200000e+00
      vertex   2.405174e+01 2.542664e+01 4.900000e+00
      vertex   2.231815e+01 2.696108e+01 4.900000e+00
    endloop
  endfacet
  facet normal -6.118358e-01 -7.909848e-01 -1.497565e-15
    outer loop
      vertex   2.231815e+01 2.696108e+01 3.200000e+00
      vertex   2.231815e+01 2.696108e+01 4.900000e+00
      vertex   2.048692e+01 2.837756e+01 3.200000e+00
    endloop
  endfacet
  facet normal -6.118358e-01 -7.909848e-01 -3.743912e-16
    outer loop
      vertex   2.048692e+01 2.837756e+01 3.200000e+00
      vertex   2.231815e+01 2.696108e+01 4.900000e+00
      vertex   2.048692e+01 2.837756e+01 4.900000e+00
    endloop
  endfacet
  facet normal -5.582049e-01 -8.297031e-01 -5.673854e-16
    outer loop
      vertex   2.048692e+01 2.837756e+01 3.200000e+00
      vertex   2.048692e+01 2.837756e+01 4.900000e+00
      vertex   1.856605e+01 2.966988e+01 3.200000e+00
    endloop
  endfacet
  facet normal -5.582049e-01 -8.297031e-01 -5.991689e-16
    outer loop
      vertex   1.856605e+01 2.966988e+01 3.200000e+00
      vertex   2.048692e+01 2.837756e+01 4.900000e+00
      vertex   1.856605e+01 2.966988e+01 4.900000e+00
    endloop
  endfacet
  facet normal -5.021317e-01 -8.647911e-01 -2.914737e-16
    outer loop
      vertex   1.856605e+01 2.966988e+01 3.200000e+00
      vertex   1.856605e+01 2.966988e+01 4.900000e+00
      vertex   1.656394e+01 3.083238e+01 3.200000e+00
    endloop
  endfacet
  facet normal -5.021317e-01 -8.647911e-01 -7.578971e-16
    outer loop
      vertex   1.656394e+01 3.083238e+01 3.200000e+00
      vertex   1.856605e+01 2.966988e+01 4.900000e+00
      vertex   1.656394e+01 3.083238e+01 4.900000e+00
    endloop
  endfacet
  facet normal -4.438615e-01 -8.960954e-01 -9.450926e-16
    outer loop
      vertex   1.656394e+01 3.083238e+01 3.200000e+00
      vertex   1.656394e+01 3.083238e+01 4.900000e+00
      vertex   1.448936e+01 3.185998e+01 3.200000e+00
    endloop
  endfacet
  facet normal -4.438615e-01 -8.960954e-01 0.000000e+00
    outer loop
      vertex   1.448936e+01 3.185998e+01 3.200000e+00
      vertex   1.656394e+01 3.083238e+01 4.900000e+00
      vertex   1.448936e+01 3.185998e+01 4.900000e+00
    endloop
  endfacet
  facet normal -3.836492e-01 -9.234789e-01 0.000000e+00
    outer loop
      vertex   1.448936e+01 3.185998e+01 3.200000e+00
      vertex   1.448936e+01 3.185998e+01 4.900000e+00
      vertex   1.235139e+01 3.274818e+01 3.200000e+00
    endloop
  endfacet
  facet normal -3.836492e-01 -9.234789e-01 -1.603525e-15
    outer loop
      vertex   1.235139e+01 3.274818e+01 3.200000e+00
      vertex   1.448936e+01 3.185998e+01 4.900000e+00
      vertex   1.235139e+01 3.274818e+01 4.900000e+00
    endloop
  endfacet
  facet normal -3.217583e-01 -9.468218e-01 -1.344841e-15
    outer loop
      vertex   1.235139e+01 3.274818e+01 3.200000e+00
      vertex   1.235139e+01 3.274818e+01 4.900000e+00
      vertex   1.015937e+01 3.349309e+01 3.200000e+00
    endloop
  endfacet
  facet normal -3.217583e-01 -9.468218e-01 -2.948765e-15
    outer loop
      vertex   1.015937e+01 3.349309e+01 3.200000e+00
      vertex   1.235139e+01 3.274818e+01 4.900000e+00
      vertex   1.015937e+01 3.349309e+01 4.900000e+00
    endloop
  endfacet
  facet normal -2.584596e-01 -9.660221e-01 -3.227441e-15
    outer loop
      vertex   1.015937e+01 3.349309e+01 3.200000e+00
      vertex   1.015937e+01 3.349309e+01 4.900000e+00
      vertex   7.922904e+00 3.409146e+01 3.200000e+00
    endloop
  endfacet
  facet normal -2.584596e-01 -9.660221e-01 1.350343e-16
    outer loop
      vertex   7.922904e+00 3.409146e+01 3.200000e+00
      vertex   1.015937e+01 3.349309e+01 4.900000e+00
      vertex   7.922904e+00 3.409146e+01 4.900000e+00
    endloop
  endfacet
  facet normal -1.000000e+00 -1.447549e-16 5.224579e-16
    outer loop
      vertex   7.922904e+00 3.409146e+01 4.900000e+00
      vertex   7.922904e+00 4.022720e+01 4.900000e+00
      vertex   7.922904e+00 3.409146e+01 3.200000e+00
    endloop
  endfacet
  facet normal -1.000000e+00 0.000000e+00 0.000000e+00
    outer loop
      vertex   7.922904e+00 3.409146e+01 3.200000e+00
      vertex   7.922904e+00 4.022720e+01 4.900000e+00
      vertex   7.922904e+00 4.022720e+01 3.200000e+00
    endloop
  endfacet
  facet normal 9.993628e-01 3.569233e-02 -0.000000e+00
    outer loop
      vertex   2.992356e+01 2.140175e+00 3.200000e+00
      vertex   2.992356e+01 2.140175e+00 4.900000e+00
      vertex   3.000000e+01 3.673940e-15 3.200000e+00
    endloop
  endfacet
  facet normal 9.993628e-01 3.569233e-02 -0.000000e+00
    outer loop
      vertex   3.000000e+01 3.673940e-15 3.200000e+00
      vertex   2.992356e+01 2.140175e+00 4.900000e+00
      vertex   3.000000e+01 3.673940e-15 4.900000e+00
    endloop
  endfacet
  facet normal 9.993628e-01 -3.569233e-02 0.000000e+00
    outer loop
      vertex   3.000000e+01 3.673940e-15 3.200000e+00
      vertex   3.000000e+01 3.673940e-15 4.900000e+00
      vertex   2.992356e+01 -2.140175e+00 3.200000e+00
    endloop
  endfacet
  facet normal 9.993628e-01 -3.569233e-02 0.000000e+00
    outer loop
      vertex   2.992356e+01 -2.140175e+00 3.200000e+00
      vertex   3.000000e+01 3.673940e-15 4.900000e+00
      vertex   2.992356e+01 -2.140175e+00 4.900000e+00
    endloop
  endfacet
  facet normal 9.942703e-01 -1.068951e-01 0.000000e+00
    outer loop
      vertex   2.992356e+01 -2.140175e+00 3.200000e+00
      vertex   2.992356e+01 -2.140175e+00 4.900000e+00
      vertex   2.969464e+01 -4.269445e+00 3.200000e+00
    endloop
  endfacet
  facet normal 9.942703e-01 -1.068951e-01 0.000000e+00
    outer loop
      vertex   2.969464e+01 -4.269445e+00 3.200000e+00
      vertex   2.992356e+01 -2.140175e+00 4.900000e+00
      vertex   2.969464e+01 -4.269445e+00 4.900000e+00
    endloop
  endfacet
  facet normal 9.841112e-01 -1.775532e-01 0.000000e+00
    outer loop
      vertex   2.969464e+01 -4.269445e+00 3.200000e+00
      vertex   2.969464e+01 -4.269445e+00 4.900000e+00
      vertex   2.931441e+01 -6.376959e+00 3.200000e+00
    endloop
  endfacet
  facet normal 9.841112e-01 -1.775532e-01 0.000000e+00
    outer loop
      vertex   2.931441e+01 -6.376959e+00 3.200000e+00
      vertex   2.969464e+01 -4.269445e+00 4.900000e+00
      vertex   2.931441e+01 -6.376959e+00 4.900000e+00
    endloop
  endfacet
  facet normal 9.689373e-01 -2.473065e-01 0.000000e+00
    outer loop
      vertex   2.931441e+01 -6.376959e+00 3.200000e+00
      vertex   2.931441e+01 -6.376959e+00 4.900000e+00
      vertex   2.878479e+01 -8.451977e+00 3.200000e+00
    endloop
  endfacet
  facet normal 9.689373e-01 -2.473065e-01 0.000000e+00
    outer loop
      vertex   2.878479e+01 -8.451977e+00 3.200000e+00
      vertex   2.931441e+01 -6.376959e+00 4.900000e+00
      vertex   2.878479e+01 -8.451977e+00 4.900000e+00
    endloop
  endfacet
  facet normal 9.488259e-01 -3.157996e-01 0.000000e+00
    outer loop
      vertex   2.878479e+01 -8.451977e+00 3.200000e+00
      vertex   2.878479e+01 -8.451977e+00 4.900000e+00
      vertex   2.810849e+01 -1.048393e+01 3.200000e+00
    endloop
  endfacet
  facet normal 9.488259e-01 -3.157996e-01 0.000000e+00
    outer loop
      vertex   2.810849e+01 -1.048393e+01 3.200000e+00
      vertex   2.878479e+01 -8.451977e+00 4.900000e+00
      vertex   2.810849e+01 -1.048393e+01 4.900000e+00
    endloop
  endfacet
  facet normal 9.238795e-01 -3.826834e-01 0.000000e+00
    outer loop
      vertex   2.810849e+01 -1.048393e+01 3.200000e+00
      vertex   2.810849e+01 -1.048393e+01 4.900000e+00
      vertex   2.728896e+01 -1.246245e+01 3.200000e+00
    endloop
  endfacet
  facet normal 9.238795e-01 -3.826834e-01 0.000000e+00
    outer loop
      vertex   2.728896e+01 -1.246245e+01 3.200000e+00
      vertex   2.810849e+01 -1.048393e+01 4.900000e+00
      vertex   2.728896e+01 -1.246245e+01 4.900000e+00
    endloop
  endfacet
  facet normal 8.942253e-01 -4.476172e-01 0.000000e+00
    outer loop
      vertex   2.728896e+01 -1.246245e+01 3.200000e+00
      vertex   2.728896e+01 -1.246245e+01 4.900000e+00
      vertex   2.633037e+01 -1.437747e+01 3.200000e+00
    endloop
  endfacet
  facet normal 8.942253e-01 -4.476172e-01 0.000000e+00
    outer loop
      vertex   2.633037e+01 -1.437747e+01 3.200000e+00
      vertex   2.728896e+01 -1.246245e+01 4.900000e+00
      vertex   2.633037e+01 -1.437747e+01 4.900000e+00
    endloop
  endfacet
  facet normal 8.600142e-01 -5.102700e-01 0.000000e+00
    outer loop
      vertex   2.633037e+01 -1.437747e+01 3.200000e+00
      vertex   2.633037e+01 -1.437747e+01 4.900000e+00
      vertex   2.523761e+01 -1.621922e+01 3.200000e+00
    endloop
  endfacet
  facet normal 8.600142e-01 -5.102700e-01 0.000000e+00
    outer loop
      vertex   2.523761e+01 -1.621922e+01 3.200000e+00
      vertex   2.633037e+01 -1.437747e+01 4.900000e+00
      vertex   2.523761e+01 -1.621922e+01 4.900000e+00
    endloop
  endfacet
  facet normal 8.214208e-01 -5.703226e-01 0.000000e+00
    outer loop
      vertex   2.523761e+01 -1.621922e+01 3.200000e+00
      vertex   2.523761e+01 -1.621922e+01 4.900000e+00
      vertex   2.401624e+01 -1.797833e+01 3.200000e+00
    endloop
  endfacet
  facet normal 8.214208e-01 -5.703226e-01 0.000000e+00
    outer loop
      vertex   2.401624e+01 -1.797833e+01 3.200000e+00
      vertex   2.523761e+01 -1.621922e+01 4.900000e+00
      vertex   2.401624e+01 -1.797833e+01 4.900000e+00
    endloop
  endfacet
  facet normal 7.786415e-01 -6.274690e-01 0.000000e+00
    outer loop
      vertex   2.401624e+01 -1.797833e+01 3.200000e+00
      vertex   2.401624e+01 -1.797833e+01 4.900000e+00
      vertex   2.267249e+01 -1.964582e+01 3.200000e+00
    endloop
  endfacet
  facet normal 7.786415e-01 -6.274690e-01 0.000000e+00
    outer loop
      vertex   2.267249e+01 -1.964582e+01 3.200000e+00
      vertex   2.401624e+01 -1.797833e+01 4.900000e+00
      vertex   2.267249e+01 -1.964582e+01 4.900000e+00
    endloop
  endfacet
  facet normal 7.318945e-01 -6.814179e-01 0.000000e+00
    outer loop
      vertex   2.267249e+01 -1.964582e+01 3.200000e+00
      vertex   2.267249e+01 -1.964582e+01 4.900000e+00
      vertex   2.121320e+01 -2.121320e+01 3.200000e+00
    endloop
  endfacet
  facet normal 7.318945e-01 -6.814179e-01 0.000000e+00
    outer loop
      vertex   2.121320e+01 -2.121320e+01 3.200000e+00
      vertex   2.267249e+01 -1.964582e+01 4.900000e+00
      vertex   2.121320e+01 -2.121320e+01 4.900000e+00
    endloop
  endfacet
  facet normal 6.814179e-01 -7.318945e-01 0.000000e+00
    outer loop
      vertex   2.121320e+01 -2.121320e+01 3.200000e+00
      vertex   2.121320e+01 -2.121320e+01 4.900000e+00
      vertex   1.964582e+01 -2.267249e+01 3.200000e+00
    endloop
  endfacet
  facet normal 6.814179e-01 -7.318945e-01 0.000000e+00
    outer loop
      vertex   1.964582e+01 -2.267249e+01 3.200000e+00
      vertex   2.121320e+01 -2.121320e+01 4.900000e+00
      vertex   1.964582e+01 -2.267249e+01 4.900000e+00
    endloop
  endfacet
  facet normal 6.274690e-01 -7.786415e-01 0.000000e+00
    outer loop
      vertex   1.964582e+01 -2.267249e+01 3.200000e+00
      vertex   1.964582e+01 -2.267249e+01 4.900000e+00
      vertex   1.797833e+01 -2.401624e+01 3.200000e+00
    endloop
  endfacet
  facet normal 6.274690e-01 -7.786415e-01 0.000000e+00
    outer loop
      vertex   1.797833e+01 -2.401624e+01 3.200000e+00
      vertex   1.964582e+01 -2.267249e+01 4.900000e+00
      vertex   1.797833e+01 -2.401624e+01 4.900000e+00
    endloop
  endfacet
  facet normal 5.703226e-01 -8.214208e-01 0.000000e+00
    outer loop
      vertex   1.797833e+01 -2.401624e+01 3.200000e+00
      vertex   1.797833e+01 -2.401624e+01 4.900000e+00
      vertex   1.621922e+01 -2.523761e+01 3.200000e+00
    endloop
  endfacet
  facet normal 5.703226e-01 -8.214208e-01 0.000000e+00
    outer loop
      vertex   1.621922e+01 -2.523761e+01 3.200000e+00
      vertex   1.797833e+01 -2.401624e+01 4.900000e+00
      vertex   1.621922e+01 -2.523761e+01 4.900000e+00
    endloop
  endfacet
  facet normal 5.102700e-01 -8.600142e-01 0.000000e+00
    outer loop
      vertex   1.621922e+01 -2.523761e+01 3.200000e+00
      vertex   1.621922e+01 -2.523761e+01 4.900000e+00
      vertex   1.437747e+01 -2.633037e+01 3.200000e+00
    endloop
  endfacet
  facet normal 5.102700e-01 -8.600142e-01 0.000000e+00
    outer loop
      vertex   1.437747e+01 -2.633037e+01 3.200000e+00
      vertex   1.621922e+01 -2.523761e+01 4.900000e+00
      vertex   1.437747e+01 -2.633037e+01 4.900000e+00
    endloop
  endfacet
  facet normal 4.476172e-01 -8.942253e-01 0.000000e+00
    outer loop
      vertex   1.437747e+01 -2.633037e+01 3.200000e+00
      vertex   1.437747e+01 -2.633037e+01 4.900000e+00
      vertex   1.246245e+01 -2.728896e+01 3.200000e+00
    endloop
  endfacet
  facet normal 4.476172e-01 -8.942253e-01 0.000000e+00
    outer loop
      vertex   1.246245e+01 -2.728896e+01 3.200000e+00
      vertex   1.437747e+01 -2.633037e+01 4.900000e+00
      vertex   1.246245e+01 -2.728896e+01 4.900000e+00
    endloop
  endfacet
  facet normal 3.826834e-01 -9.238795e-01 0.000000e+00
    outer loop
      vertex   1.246245e+01 -2.728896e+01 3.200000e+00
      vertex   1.246245e+01 -2.728896e+01 4.900000e+00
      vertex   1.048393e+01 -2.810849e+01 3.200000e+00
    endloop
  endfacet
  facet normal 3.826834e-01 -9.238795e-01 0.000000e+00
    outer loop
      vertex   1.048393e+01 -2.810849e+01 3.200000e+00
      vertex   1.246245e+01 -2.728896e+01 4.900000e+00
      vertex   1.048393e+01 -2.810849e+01 4.900000e+00
    endloop
  endfacet
  facet normal 3.157996e-01 -9.488259e-01 0.000000e+00
    outer loop
      vertex   1.048393e+01 -2.810849e+01 3.200000e+00
      vertex   1.048393e+01 -2.810849e+01 4.900000e+00
      vertex   8.451977e+00 -2.878479e+01 3.200000e+00
    endloop
  endfacet
  facet normal 3.157996e-01 -9.488259e-01 0.000000e+00
    outer loop
      vertex   8.451977e+00 -2.878479e+01 3.200000e+00
      vertex   1.048393e+01 -2.810849e+01 4.900000e+00
      vertex   8.451977e+00 -2.878479e+01 4.900000e+00
    endloop
  endfacet
  facet normal 2.473065e-01 -9.689373e-01 0.000000e+00
    outer loop
      vertex   8.451977e+00 -2.878479e+01 3.200000e+00
      vertex   8.451977e+00 -2.878479e+01 4.900000e+00
      vertex   6.376959e+00 -2.931441e+01 3.200000e+00
    endloop
  endfacet
  facet normal 2.473065e-01 -9.689373e-01 0.000000e+00
    outer loop
      vertex   6.376959e+00 -2.931441e+01 3.200000e+00
      vertex   8.451977e+00 -2.878479e+01 4.900000e+00
      vertex   6.376959e+00 -2.931441e+01 4.900000e+00
    endloop
  endfacet
  facet normal 1.775532e-01 -9.841112e-01 0.000000e+00
    outer loop
      vertex   6.376959e+00 -2.931441e+01 3.200000e+00
      vertex   6.376959e+00 -2.931441e+01 4.900000e+00
      vertex   4.269445e+00 -2.969464e+01 3.200000e+00
    endloop
  endfacet
  facet normal 1.775532e-01 -9.841112e-01 0.000000e+00
    outer loop
      vertex   4.269445e+00 -2.969464e+01 3.200000e+00
      vertex   6.376959e+00 -2.931441e+01 4.900000e+00
      vertex   4.269445e+00 -2.969464e+01 4.900000e+00
    endloop
  endfacet
  facet normal 1.068951e-01 -9.942703e-01 0.000000e+00
    outer loop
      vertex   4.269445e+00 -2.969464e+01 3.200000e+00
      vertex   4.269445e+00 -2.969464e+01 4.900000e+00
      vertex   2.140175e+00 -2.992356e+01 3.200000e+00
    endloop
  endfacet
  facet normal 1.068951e-01 -9.942703e-01 0.000000e+00
    outer loop
      vertex   2.140175e+00 -2.992356e+01 3.200000e+00
      vertex   4.269445e+00 -2.969464e+01 4.900000e+00
      vertex   2.140175e+00 -2.992356e+01 4.900000e+00
    endloop
  endfacet
  facet normal 3.569233e-02 -9.993628e-01 0.000000e+00
    outer loop
      vertex   2.140175e+00 -2.992356e+01 3.200000e+00
      vertex   2.140175e+00 -2.992356e+01 4.900000e+00
      vertex   -1.836970e-15 -3.000000e+01 3.200000e+00
    endloop
  endfacet
  facet normal 3.569233e-02 -9.993628e-01 0.000000e+00
    outer loop
      vertex   -1.836970e-15 -3.000000e+01 3.200000e+00
      vertex   2.140175e+00 -2.992356e+01 4.900000e+00
      vertex   -1.836970e-15 -3.000000e+01 4.900000e+00
    endloop
  endfacet
  facet normal -3.569233e-02 -9.993628e-01 0.000000e+00
    outer loop
      vertex   -1.836970e-15 -3.000000e+01 3.200000e+00
      vertex   -1.836970e-15 -3.000000e+01 4.900000e+00
      vertex   -2.140175e+00 -2.992356e+01 3.200000e+00
    endloop
  endfacet
  facet normal -3.569233e-02 -9.993628e-01 0.000000e+00
    outer loop
      vertex   -2.140175e+00 -2.992356e+01 3.200000e+00
      vertex   -1.836970e-15 -3.000000e+01 4.900000e+00
      vertex   -2.140175e+00 -2.992356e+01 4.900000e+00
    endloop
  endfacet
  facet normal -1.068951e-01 -9.942703e-01 0.000000e+00
    outer loop
      vertex   -2.140175e+00 -2.992356e+01 3.200000e+00
      vertex   -2.140175e+00 -2.992356e+01 4.900000e+00
      vertex   -4.269445e+00 -2.969464e+01 3.200000e+00
    endloop
  endfacet
  facet normal -1.068951e-01 -9.942703e-01 0.000000e+00
    outer loop
      vertex   -4.269445e+00 -2.969464e+01 3.200000e+00
      vertex   -2.140175e+00 -2.992356e+01 4.900000e+00
      vertex   -4.269445e+00 -2.969464e+01 4.900000e+00
    endloop
  endfacet
  facet normal -1.775532e-01 -9.841112e-01 0.000000e+00
    outer loop
      vertex   -4.269445e+00 -2.969464e+01 3.200000e+00
      vertex   -4.269445e+00 -2.969464e+01 4.900000e+00
      vertex   -6.376959e+00 -2.931441e+01 3.200000e+00
    endloop
  endfacet
  facet normal -1.775532e-01 -9.841112e-01 0.000000e+00
    outer loop
      vertex   -6.376959e+00 -2.931441e+01 3.200000e+00
      vertex   -4.269445e+00 -2.969464e+01 4.900000e+00
      vertex   -6.376959e+00 -2.931441e+01 4.900000e+00
    endloop
  endfacet
  facet normal -2.473065e-01 -9.689373e-01 0.000000e+00
    outer loop
      vertex   -6.376959e+00 -2.931441e+01 3.200000e+00
      vertex   -6.376959e+00 -2.931441e+01 4.900000e+00
      vertex   -8.451977e+00 -2.878479e+01 3.200000e+00
    endloop
  endfacet
  facet normal -2.473065e-01 -9.689373e-01 0.000000e+00
    outer loop
      vertex   -8.451977e+00 -2.878479e+01 3.200000e+00
      vertex   -6.376959e+00 -2.931441e+01 4.900000e+00
      vertex   -8.451977e+00 -2.878479e+01 4.900000e+00
    endloop
  endfacet
  facet normal -3.157996e-01 -9.488259e-01 0.000000e+00
    outer loop
      vertex   -8.451977e+00 -2.878479e+01 3.200000e+00
      vertex   -8.451977e+00 -2.878479e+01 4.900000e+00
      vertex   -1.048393e+01 -2.810849e+01 3.200000e+00
    endloop
  endfacet
  facet normal -3.157996e-01 -9.488259e-01 0.000000e+00
    outer loop
      vertex   -1.048393e+01 -2.810849e+01 3.200000e+00
      vertex   -8.451977e+00 -2.878479e+01 4.900000e+00
      vertex   -1.048393e+01 -2.810849e+01 4.900000e+00
    endloop
  endfacet
  facet normal -3.826834e-01 -9.238795e-01 0.000000e+00
    outer loop
      vertex   -1.048393e+01 -2.810849e+01 3.200000e+00
      vertex   -1.048393e+01 -2.810849e+01 4.900000e+00
      vertex   -1.246245e+01 -2.728896e+01 3.200000e+00
    endloop
  endfacet
  facet normal -3.826834e-01 -9.238795e-01 0.000000e+00
    outer loop
      vertex   -1.246245e+01 -2.728896e+01 3.200000e+00
      vertex   -1.048393e+01 -2.810849e+01 4.900000e+00
      vertex   -1.246245e+01 -2.728896e+01 4.900000e+00
    endloop
  endfacet
  facet normal -4.476172e-01 -8.942253e-01 0.000000e+00
    outer loop
      vertex   -1.246245e+01 -2.728896e+01 3.200000e+00
      vertex   -1.246245e+01 -2.728896e+01 4.900000e+00
      vertex   -1.437747e+01 -2.633037e+01 3.200000e+00
    endloop
  endfacet
  facet normal -4.476172e-01 -8.942253e-01 0.000000e+00
    outer loop
      vertex   -1.437747e+01 -2.633037e+01 3.200000e+00
      vertex   -1.246245e+01 -2.728896e+01 4.900000e+00
      vertex   -1.437747e+01 -2.633037e+01 4.900000e+00
    endloop
  endfacet
  facet normal -5.102700e-01 -8.600142e-01 0.000000e+00
    outer loop
      vertex   -1.437747e+01 -2.633037e+01 3.200000e+00
      vertex   -1.437747e+01 -2.633037e+01 4.900000e+00
      vertex   -1.621922e+01 -2.523761e+01 3.200000e+00
    endloop
  endfacet
  facet normal -5.102700e-01 -8.600142e-01 0.000000e+00
    outer loop
      vertex   -1.621922e+01 -2.523761e+01 3.200000e+00
      vertex   -1.437747e+01 -2.633037e+01 4.900000e+00
      vertex   -1.621922e+01 -2.523761e+01 4.900000e+00
    endloop
  endfacet
  facet normal -5.703226e-01 -8.214208e-01 0.000000e+00
    outer loop
      vertex   -1.621922e+01 -2.523761e+01 3.200000e+00
      vertex   -1.621922e+01 -2.523761e+01 4.900000e+00
      vertex   -1.797833e+01 -2.401624e+01 3.200000e+00
    endloop
  endfacet
  facet normal -5.703226e-01 -8.214208e-01 0.000000e+00
    outer loop
      vertex   -1.797833e+01 -2.401624e+01 3.200000e+00
      vertex   -1.621922e+01 -2.523761e+01 4.900000e+00
      vertex   -1.797833e+01 -2.401624e+01 4.900000e+00
    endloop
  endfacet
  facet normal -6.274690e-01 -7.786415e-01 0.000000e+00
    outer loop
      vertex   -1.797833e+01 -2.401624e+01 3.200000e+00
      vertex   -1.797833e+01 -2.401624e+01 4.900000e+00
      vertex   -1.964582e+01 -2.267249e+01 3.200000e+00
    endloop
  endfacet
  facet normal -6.274690e-01 -7.786415e-01 0.000000e+00
    outer loop
      vertex   -1.964582e+01 -2.267249e+01 3.200000e+00
      vertex   -1.797833e+01 -2.401624e+01 4.900000e+00
      vertex   -1.964582e+01 -2.267249e+01 4.900000e+00
    endloop
  endfacet
  facet normal -6.814179e-01 -7.318945e-01 0.000000e+00
    outer loop
      vertex   -1.964582e+01 -2.267249e+01 3.200000e+00
      vertex   -1.964582e+01 -2.267249e+01 4.900000e+00
      vertex   -2.121320e+01 -2.121320e+01 3.200000e+00
    endloop
  endfacet
  facet normal -6.814179e-01 -7.318945e-01 0.000000e+00
    outer loop
      vertex   -2.121320e+01 -2.121320e+01 3.200000e+00
      vertex   -1.964582e+01 -2.267249e+01 4.900000e+00
      vertex   -2.121320e+01 -2.121320e+01 4.900000e+00
    endloop
  endfacet
  facet normal -7.318945e-01 -6.814179e-01 0.000000e+00
    outer loop
      vertex   -2.121320e+01 -2.121320e+01 3.200000e+00
      vertex   -2.121320e+01 -2.121320e+01 4.900000e+00
      vertex   -2.267249e+01 -1.964582e+01 3.200000e+00
    endloop
  endfacet
  facet normal -7.318945e-01 -6.814179e-01 0.000000e+00
    outer loop
      vertex   -2.267249e+01 -1.964582e+01 3.200000e+00
      vertex   -2.121320e+01 -2.121320e+01 4.900000e+00
      vertex   -2.267249e+01 -1.964582e+01 4.900000e+00
    endloop
  endfacet
  facet normal -7.786415e-01 -6.274690e-01 0.000000e+00
    outer loop
      vertex   -2.267249e+01 -1.964582e+01 3.200000e+00
      vertex   -2.267249e+01 -1.964582e+01 4.900000e+00
      vertex   -2.401624e+01 -1.797833e+01 3.200000e+00
    endloop
  endfacet
  facet normal -7.786415e-01 -6.274690e-01 0.000000e+00
    outer loop
      vertex   -2.401624e+01 -1.797833e+01 3.200000e+00
      vertex   -2.267249e+01 -1.964582e+01 4.900000e+00
      vertex   -2.401624e+01 -1.797833e+01 4.900000e+00
    endloop
  endfacet
  facet normal -8.214208e-01 -5.703226e-01 0.000000e+00
    outer loop
      vertex   -2.401624e+01 -1.797833e+01 3.200000e+00
      vertex   -2.401624e+01 -1.797833e+01 4.900000e+00
      vertex   -2.523761e+01 -1.621922e+01 3.200000e+00
    endloop
  endfacet
  facet normal -8.214208e-01 -5.703226e-01 0.000000e+00
    outer loop
      vertex   -2.523761e+01 -1.621922e+01 3.200000e+00
      vertex   -2.401624e+01 -1.797833e+01 4.900000e+00
      vertex   -2.523761e+01 -1.621922e+01 4.900000e+00
    endloop
  endfacet
  facet normal -8.600142e-01 -5.102700e-01 0.000000e+00
    outer loop
      vertex   -2.523761e+01 -1.621922e+01 3.200000e+00
      vertex   -2.523761e+01 -1.621922e+01 4.900000e+00
      vertex   -2.633037e+01 -1.437747e+01 3.200000e+00
    endloop
  endfacet
  facet normal -8.600142e-01 -5.102700e-01 0.000000e+00
    outer loop
      vertex   -2.633037e+01 -1.437747e+01 3.200000e+00
      vertex   -2.523761e+01 -1.621922e+01 4.900000e+00
      vertex   -2.633037e+01 -1.437747e+01 4.900000e+00
    endloop
  endfacet
  facet normal -8.942253e-01 -4.476172e-01 0.000000e+00
    outer loop
      vertex   -2.633037e+01 -1.437747e+01 3.200000e+00
      vertex   -2.633037e+01 -1.437747e+01 4.900000e+00
      vertex   -2.728896e+01 -1.246245e+01 3.200000e+00
    endloop
  endfacet
  facet normal -8.942253e-01 -4.476172e-01 0.000000e+00
    outer loop
      vertex   -2.728896e+01 -1.246245e+01 3.200000e+00
      vertex   -2.633037e+01 -1.437747e+01 4.900000e+00
      vertex   -2.728896e+01 -1.246245e+01 4.900000e+00
    endloop
  endfacet
  facet normal -9.238795e-01 -3.826834e-01 0.000000e+00
    outer loop
      vertex   -2.728896e+01 -1.246245e+01 3.200000e+00
      vertex   -2.728896e+01 -1.246245e+01 4.900000e+00
      vertex   -2.810849e+01 -1.048393e+01 3.200000e+00
    endloop
  endfacet
  facet normal -9.238795e-01 -3.826834e-01 0.000000e+00
    outer loop
      vertex   -2.810849e+01 -1.048393e+01 3.200000e+00
      vertex   -2.728896e+01 -1.246245e+01 4.900000e+00
      vertex   -2.810849e+01 -1.048393e+01 4.900000e+00
    endloop
  endfacet
  facet normal -9.488259e-01 -3.157996e-01 0.000000e+00
    outer loop
      vertex   -2.810849e+01 -1.048393e+01 3.200000e+00
      vertex   -2.810849e+01 -1.048393e+01 4.900000e+00
      vertex   -2.878479e+01 -8.451977e+00 3.200000e+00
    endloop
  endfacet
  facet normal -9.488259e-01 -3.157996e-01 0.000000e+00
    outer loop
      vertex   -2.878479e+01 -8.451977e+00 3.200000e+00
      vertex   -2.810849e+01 -1.048393e+01 4.900000e+00
      vertex   -2.878479e+01 -8.451977e+00 4.900000e+00
    endloop
  endfacet
  facet normal -9.689373e-01 -2.473065e-01 0.000000e+00
    outer loop
      vertex   -2.878479e+01 -8.451977e+00 3.200000e+00
      vertex   -2.878479e+01 -8.451977e+00 4.900000e+00
      vertex   -2.931441e+01 -6.376959e+00 3.200000e+00
    endloop
  endfacet
  facet normal -9.689373e-01 -2.473065e-01 0.000000e+00
    outer loop
      vertex   -2.931441e+01 -6.376959e+00 3.200000e+00
      vertex   -2.878479e+01 -8.451977e+00 4.900000e+00
      vertex   -2.931441e+01 -6.376959e+00 4.900000e+00
    endloop
  endfacet
  facet normal -9.841112e-01 -1.775532e-01 0.000000e+00
    outer loop
      vertex   -2.931441e+01 -6.376959e+00 3.200000e+00
      vertex   -2.931441e+01 -6.376959e+00 4.900000e+00
      vertex   -2.969464e+01 -4.269445e+00 3.200000e+00
    endloop
  endfacet
  facet normal -9.841112e-01 -1.775532e-01 0.000000e+00
    outer loop
      vertex   -2.969464e+01 -4.269445e+00 3.200000e+00
      vertex   -2.931441e+01 -6.376959e+00 4.900000e+00
      vertex   -2.969464e+01 -4.269445e+00 4.900000e+00
    endloop
  endfacet
  facet normal -9.942703e-01 -1.068951e-01 0.000000e+00
    outer loop
      vertex   -2.969464e+01 -4.269445e+00 3.200000e+00
      vertex   -2.969464e+01 -4.269445e+00 4.900000e+00
      vertex   -2.992356e+01 -2.140175e+00 3.200000e+00
    endloop
  endfacet
  facet normal -9.942703e-01 -1.068951e-01 0.000000e+00
    outer loop
      vertex   -2.992356e+01 -2.140175e+00 3.200000e+00
      vertex   -2.969464e+01 -4.269445e+00 4.900000e+00
      vertex   -2.992356e+01 -2.140175e+00 4.900000e+00
    endloop
  endfacet
  facet normal -9.993628e-01 -3.569233e-02 0.000000e+00
    outer loop
      vertex   -2.992356e+01 -2.140175e+00 3.200000e+00
      vertex   -2.992356e+01 -2.140175e+00 4.900000e+00
      vertex   -3.000000e+01 0.000000e+00 3.200000e+00
    endloop
  endfacet
  facet normal -9.993628e-01 -3.569233e-02 0.000000e+00
    outer loop
      vertex   -3.000000e+01 0.000000e+00 3.200000e+00
      vertex   -2.992356e+01 -2.140175e+00 4.900000e+00
      vertex   -3.000000e+01 0.000000e+00 4.900000e+00
    endloop
  endfacet
  facet normal -9.993628e-01 3.569233e-02 0.000000e+00
    outer loop
      vertex   -3.000000e+01 0.000000e+00 3.200000e+00
      vertex   -3.000000e+01 0.000000e+00 4.900000e+00
      vertex   -2.992356e+01 2.140175e+00 3.200000e+00
    endloop
  endfacet
  facet normal -9.993628e-01 3.569233e-02 0.000000e+00
    outer loop
      vertex   -2.992356e+01 2.140175e+00 3.200000e+00
      vertex   -3.000000e+01 0.000000e+00 4.900000e+00
      vertex   -2.992356e+01 2.140175e+00 4.900000e+00
    endloop
  endfacet
  facet normal -9.942703e-01 1.068951e-01 0.000000e+00
    outer loop
      vertex   -2.992356e+01 2.140175e+00 3.200000e+00
      vertex   -2.992356e+01 2.140175e+00 4.900000e+00
      vertex   -2.969464e+01 4.269445e+00 3.200000e+00
    endloop
  endfacet
  facet normal -9.942703e-01 1.068951e-01 0.000000e+00
    outer loop
      vertex   -2.969464e+01 4.269445e+00 3.200000e+00
      vertex   -2.992356e+01 2.140175e+00 4.900000e+00
      vertex   -2.969464e+01 4.269445e+00 4.900000e+00
    endloop
  endfacet
  facet normal -9.841112e-01 1.775532e-01 0.000000e+00
    outer loop
      vertex   -2.969464e+01 4.269445e+00 3.200000e+00
      vertex   -2.969464e+01 4.269445e+00 4.900000e+00
      vertex   -2.931441e+01 6.376959e+00 3.200000e+00
    endloop
  endfacet
  facet normal -9.841112e-01 1.775532e-01 0.000000e+00
    outer loop
      vertex   -2.931441e+01 6.376959e+00 3.200000e+00
      vertex   -2.969464e+01 4.269445e+00 4.900000e+00
      vertex   -2.931441e+01 6.376959e+00 4.900000e+00
    endloop
  endfacet
  facet normal -9.689373e-01 2.473065e-01 0.000000e+00
    outer loop
      vertex   -2.931441e+01 6.376959e+00 3.200000e+00
      vertex   -2.931441e+01 6.376959e+00 4.900000e+00
      vertex   -2.878479e+01 8.451977e+00 3.200000e+00
    endloop
  endfacet
  facet normal -9.689373e-01 2.473065e-01 0.000000e+00
    outer loop
      vertex   -2.878479e+01 8.451977e+00 3.200000e+00
      vertex   -2.931441e+01 6.376959e+00 4.900000e+00
      vertex   -2.878479e+01 8.451977e+00 4.900000e+00
    endloop
  endfacet
  facet normal -9.488259e-01 3.157996e-01 0.000000e+00
    outer loop
      vertex   -2.878479e+01 8.451977e+00 3.200000e+00
      vertex   -2.878479e+01 8.451977e+00 4.900000e+00
      vertex   -2.810849e+01 1.048393e+01 3.200000e+00
    endloop
  endfacet
  facet normal -9.488259e-01 3.157996e-01 0.000000e+00
    outer loop
      vertex   -2.810849e+01 1.048393e+01 3.200000e+00
      vertex   -2.878479e+01 8.451977e+00 4.900000e+00
      vertex   -2.810849e+01 1.048393e+01 4.900000e+00
    endloop
  endfacet
  facet normal -9.238795e-01 3.826834e-01 0.000000e+00
    outer loop
      vertex   -2.810849e+01 1.048393e+01 3.200000e+00
      vertex   -2.810849e+01 1.048393e+01 4.900000e+00
      vertex   -2.728896e+01 1.246245e+01 3.200000e+00
    endloop
  endfacet
  facet normal -9.238795e-01 3.826834e-01 0.000000e+00
    outer loop
      vertex   -2.728896e+01 1.246245e+01 3.200000e+00
      vertex   -2.810849e+01 1.048393e+01 4.900000e+00
      vertex   -2.728896e+01 1.246245e+01 4.900000e+00
    endloop
  endfacet
  facet normal -8.942253e-01 4.476172e-01 0.000000e+00
    outer loop
      vertex   -2.728896e+01 1.246245e+01 3.200000e+00
      vertex   -2.728896e+01 1.246245e+01 4.900000e+00
      vertex   -2.633037e+01 1.437747e+01 3.200000e+00
    endloop
  endfacet
  facet normal -8.942253e-01 4.476172e-01 0.000000e+00
    outer loop
      vertex   -2.633037e+01 1.437747e+01 3.200000e+00
      vertex   -2.728896e+01 1.246245e+01 4.900000e+00
      vertex   -2.633037e+01 1.437747e+01 4.900000e+00
    endloop
  endfacet
  facet normal -8.600142e-01 5.102700e-01 0.000000e+00
    outer loop
      vertex   -2.633037e+01 1.437747e+01 3.200000e+00
      vertex   -2.633037e+01 1.437747e+01 4.900000e+00
      vertex   -2.523761e+01 1.621922e+01 3.200000e+00
    endloop
  endfacet
  facet normal -8.600142e-01 5.102700e-01 0.000000e+00
    outer loop
      vertex   -2.523761e+01 1.621922e+01 3.200000e+00
      vertex   -2.633037e+01 1.437747e+01 4.900000e+00
      vertex   -2.523761e+01 1.621922e+01 4.900000e+00
    endloop
  endfacet
  facet normal -8.214208e-01 5.703226e-01 0.000000e+00
    outer loop
      vertex   -2.523761e+01 1.621922e+01 3.200000e+00
      vertex   -2.523761e+01 1.621922e+01 4.900000e+00
      vertex   -2.401624e+01 1.797833e+01 3.200000e+00
    endloop
  endfacet
  facet normal -8.214208e-01 5.703226e-01 0.000000e+00
    outer loop
      vertex   -2.401624e+01 1.797833e+01 3.200000e+00
      vertex   -2.523761e+01 1.621922e+01 4.900000e+00
      vertex   -2.401624e+01 1.797833e+01 4.900000e+00
    endloop
  endfacet
  facet normal -7.786415e-01 6.274690e-01 0.000000e+00
    outer loop
      vertex   -2.401624e+01 1.797833e+01 3.200000e+00
      vertex   -2.401624e+01 1.797833e+01 4.900000e+00
      vertex   -2.267249e+01 1.964582e+01 3.200000e+00
    endloop
  endfacet
  facet normal -7.786415e-01 6.274690e-01 0.000000e+00
    outer loop
      vertex   -2.267249e+01 1.964582e+01 3.200000e+00
      vertex   -2.401624e+01 1.797833e+01 4.900000e+00
      vertex   -2.267249e+01 1.964582e+01 4.900000e+00
    endloop
  endfacet
  facet normal -7.318945e-01 6.814179e-01 0.000000e+00
    outer loop
      vertex   -2.267249e+01 1.964582e+01 3.200000e+00
      vertex   -2.267249e+01 1.964582e+01 4.900000e+00
      vertex   -2.121320e+01 2.121320e+01 3.200000e+00
    endloop
  endfacet
  facet normal -7.318945e-01 6.814179e-01 0.000000e+00
    outer loop
      vertex   -2.121320e+01 2.121320e+01 3.200000e+00
      vertex   -2.267249e+01 1.964582e+01 4.900000e+00
      vertex   -2.121320e+01 2.121320e+01 4.900000e+00
    endloop
  endfacet
  facet normal -6.814179e-01 7.318945e-01 0.000000e+00
    outer loop
      vertex   -2.121320e+01 2.121320e+01 3.200000e+00
      vertex   -2.121320e+01 2.121320e+01 4.900000e+00
      vertex   -1.964582e+01 2.267249e+01 3.200000e+00
    endloop
  endfacet
  facet normal -6.814179e-01 7.318945e-01 0.000000e+00
    outer loop
      vertex   -1.964582e+01 2.267249e+01 3.200000e+00
      vertex   -2.121320e+01 2.121320e+01 4.900000e+00
      vertex   -1.964582e+01 2.267249e+01 4.900000e+00
    endloop
  endfacet
  facet normal -6.274690e-01 7.786415e-01 0.000000e+00
    outer loop
      vertex   -1.964582e+01 2.267249e+01 3.200000e+00
      vertex   -1.964582e+01 2.267249e+01 4.900000e+00
      vertex   -1.797833e+01 2.401624e+01 3.200000e+00
    endloop
  endfacet
  facet normal -6.274690e-01 7.786415e-01 0.000000e+00
    outer loop
      vertex   -1.797833e+01 2.401624e+01 3.200000e+00
      vertex   -1.964582e+01 2.267249e+01 4.900000e+00
      vertex   -1.797833e+01 2.401624e+01 4.900000e+00
    endloop
  endfacet
  facet normal -5.703226e-01 8.214208e-01 0.000000e+00
    outer loop
      vertex   -1.797833e+01 2.401624e+01 3.200000e+00
      vertex   -1.797833e+01 2.401624e+01 4.900000e+00
      vertex   -1.621922e+01 2.523761e+01 3.200000e+00
    endloop
  endfacet
  facet normal -5.703226e-01 8.214208e-01 0.000000e+00
    outer loop
      vertex   -1.621922e+01 2.523761e+01 3.200000e+00
      vertex   -1.797833e+01 2.401624e+01 4.900000e+00
      vertex   -1.621922e+01 2.523761e+01 4.900000e+00
    endloop
  endfacet
  facet normal -5.102700e-01 8.600142e-01 0.000000e+00
    outer loop
      vertex   -1.621922e+01 2.523761e+01 3.200000e+00
      vertex   -1.621922e+01 2.523761e+01 4.900000e+00
      vertex   -1.437747e+01 2.633037e+01 3.200000e+00
    endloop
  endfacet
  facet normal -5.102700e-01 8.600142e-01 0.000000e+00
    outer loop
      vertex   -1.437747e+01 2.633037e+01 3.200000e+00
      vertex   -1.621922e+01 2.523761e+01 4.900000e+00
      vertex   -1.437747e+01 2.633037e+01 4.900000e+00
    endloop
  endfacet
  facet normal -4.476172e-01 8.942253e-01 0.000000e+00
    outer loop
      vertex   -1.437747e+01 2.633037e+01 3.200000e+00
      vertex   -1.437747e+01 2.633037e+01 4.900000e+00
      vertex   -1.246245e+01 2.728896e+01 3.200000e+00
    endloop
  endfacet
  facet normal -4.476172e-01 8.942253e-01 0.000000e+00
    outer loop
      vertex   -1.246245e+01 2.728896e+01 3.200000e+00
      vertex   -1.437747e+01 2.633037e+01 4.900000e+00
      vertex   -1.246245e+01 2.728896e+01 4.900000e+00
    endloop
  endfacet
  facet normal -3.826834e-01 9.238795e-01 0.000000e+00
    outer loop
      vertex   -1.246245e+01 2.728896e+01 3.200000e+00
      vertex   -1.246245e+01 2.728896e+01 4.900000e+00
      vertex   -1.048393e+01 2.810849e+01 3.200000e+00
    endloop
  endfacet
  facet normal -3.826834e-01 9.238795e-01 0.000000e+00
    outer loop
      vertex   -1.048393e+01 2.810849e+01 3.200000e+00
      vertex   -1.246245e+01 2.728896e+01 4.900000e+00
      vertex   -1.048393e+01 2.810849e+01 4.900000e+00
    endloop
  endfacet
  facet normal -3.157996e-01 9.488259e-01 0.000000e+00
    outer loop
      vertex   -1.048393e+01 2.810849e+01 3.200000e+00
      vertex   -1.048393e+01 2.810849e+01 4.900000e+00
      vertex   -8.451977e+00 2.878479e+01 3.200000e+00
    endloop
  endfacet
  facet normal -3.157996e-01 9.488259e-01 0.000000e+00
    outer loop
      vertex   -8.451977e+00 2.878479e+01 3.200000e+00
      vertex   -1.048393e+01 2.810849e+01 4.900000e+00
      vertex   -8.451977e+00 2.878479e+01 4.900000e+00
    endloop
  endfacet
  facet normal -2.473065e-01 9.689373e-01 0.000000e+00
    outer loop
      vertex   -8.451977e+00 2.878479e+01 3.200000e+00
      vertex   -8.451977e+00 2.878479e+01 4.900000e+00
      vertex   -6.376959e+00 2.931441e+01 3.200000e+00
    endloop
  endfacet
  facet normal -2.473065e-01 9.689373e-01 0.000000e+00
    outer loop
      vertex   -6.376959e+00 2.931441e+01 3.200000e+00
      vertex   -8.451977e+00 2.878479e+01 4.900000e+00
      vertex   -6.376959e+00 2.931441e+01 4.900000e+00
    endloop
  endfacet
  facet normal -1.775532e-01 9.841112e-01 0.000000e+00
    outer loop
      vertex   -6.376959e+00 2.931441e+01 3.200000e+00
      vertex   -6.376959e+00 2.931441e+01 4.900000e+00
      vertex   -4.269445e+00 2.969464e+01 3.200000e+00
    endloop
  endfacet
  facet normal -1.775532e-01 9.841112e-01 0.000000e+00
    outer loop
      vertex   -4.269445e+00 2.969464e+01 3.200000e+00
      vertex   -6.376959e+00 2.931441e+01 4.900000e+00
      vertex   -4.269445e+00 2.969464e+01 4.900000e+00
    endloop
  endfacet
  facet normal -1.068951e-01 9.942703e-01 0.000000e+00
    outer loop
      vertex   -4.269445e+00 2.969464e+01 3.200000e+00
      vertex   -4.269445e+00 2.969464e+01 4.900000e+00
      vertex   -2.140175e+00 2.992356e+01 3.200000e+00
    endloop
  endfacet
  facet normal -1.068951e-01 9.942703e-01 0.000000e+00
    outer loop
      vertex   -2.140175e+00 2.992356e+01 3.200000e+00
      vertex   -4.269445e+00 2.969464e+01 4.900000e+00
      vertex   -2.140175e+00 2.992356e+01 4.900000e+00
    endloop
  endfacet
  facet normal -3.569233e-02 9.993628e-01 0.000000e+00
    outer loop
      vertex   -2.140175e+00 2.992356e+01 3.200000e+00
      vertex   -2.140175e+00 2.992356e+01 4.900000e+00
      vertex   -1.836970e-15 3.000000e+01 3.200000e+00
    endloop
  endfacet
  facet normal -3.569233e-02 9.993628e-01 0.000000e+00
    outer loop
      vertex   -1.836970e-15 3.000000e+01 3.200000e+00
      vertex   -2.140175e+00 2.992356e+01 4.900000e+00
      vertex   -1.836970e-15 3.000000e+01 4.900000e+00
    endloop
  endfacet
  facet normal 3.569233e-02 9.993628e-01 -0.000000e+00
    outer loop
      vertex   -1.836970e-15 3.000000e+01 3.200000e+00
      vertex   -1.836970e-15 3.000000e+01 4.900000e+00
      vertex   2.140175e+00 2.992356e+01 3.200000e+00
    endloop
  endfacet
  facet normal 3.569233e-02 9.993628e-01 -0.000000e+00
    outer loop
      vertex   2.140175e+00 2.992356e+01 3.200000e+00
      vertex   -1.836970e-15 3.000000e+01 4.900000e+00
      vertex   2.140175e+00 2.992356e+01 4.900000e+00
    endloop
  endfacet
  facet normal 1.068951e-01 9.942703e-01 -0.000000e+00
    outer loop
      vertex   2.140175e+00 2.992356e+01 3.200000e+00
      vertex   2.140175e+00 2.992356e+01 4.900000e+00
      vertex   4.269445e+00 2.969464e+01 3.200000e+00
    endloop
  endfacet
  facet normal 1.068951e-01 9.942703e-01 -0.000000e+00
    outer loop
      vertex   4.269445e+00 2.969464e+01 3.200000e+00
      vertex   2.140175e+00 2.992356e+01 4.900000e+00
      vertex   4.269445e+00 2.969464e+01 4.900000e+00
    endloop
  endfacet
  facet normal 1.775532e-01 9.841112e-01 -0.000000e+00
    outer loop
      vertex   4.269445e+00 2.969464e+01 3.200000e+00
      vertex   4.269445e+00 2.969464e+01 4.900000e+00
      vertex   6.376959e+00 2.931441e+01 3.200000e+00
    endloop
  endfacet
  facet normal 1.775532e-01 9.841112e-01 -0.000000e+00
    outer loop
      vertex   6.376959e+00 2.931441e+01 3.200000e+00
      vertex   4.269445e+00 2.969464e+01 4.900000e+00
      vertex   6.376959e+00 2.931441e+01 4.900000e+00
    endloop
  endfacet
  facet normal 2.473065e-01 9.689373e-01 -0.000000e+00
    outer loop
      vertex   6.376959e+00 2.931441e+01 3.200000e+00
      vertex   6.376959e+00 2.931441e+01 4.900000e+00
      vertex   8.451977e+00 2.878479e+01 3.200000e+00
    endloop
  endfacet
  facet normal 2.473065e-01 9.689373e-01 -0.000000e+00
    outer loop
      vertex   8.451977e+00 2.878479e+01 3.200000e+00
      vertex   6.376959e+00 2.931441e+01 4.900000e+00
      vertex   8.451977e+00 2.878479e+01 4.900000e+00
    endloop
  endfacet
  facet normal 3.157996e-01 9.488259e-01 -0.000000e+00
    outer loop
      vertex   8.451977e+00 2.878479e+01 3.200000e+00
      vertex   8.451977e+00 2.878479e+01 4.900000e+00
      vertex   1.048393e+01 2.810849e+01 3.200000e+00
    endloop
  endfacet
  facet normal 3.157996e-01 9.488259e-01 -0.000000e+00
    outer loop
      vertex   1.048393e+01 2.810849e+01 3.200000e+00
      vertex   8.451977e+00 2.878479e+01 4.900000e+00
      vertex   1.048393e+01 2.810849e+01 4.900000e+00
    endloop
  endfacet
  facet normal 3.826834e-01 9.238795e-01 -0.000000e+00
    outer loop
      vertex   1.048393e+01 2.810849e+01 3.200000e+00
      vertex   1.048393e+01 2.810849e+01 4.900000e+00
      vertex   1.246245e+01 2.728896e+01 3.200000e+00
    endloop
  endfacet
  facet normal 3.826834e-01 9.238795e-01 -0.000000e+00
    outer loop
      vertex   1.246245e+01 2.728896e+01 3.200000e+00
      vertex   1.048393e+01 2.810849e+01 4.900000e+00
      vertex   1.246245e+01 2.728896e+01 4.900000e+00
    endloop
  endfacet
  facet normal 4.476172e-01 8.942253e-01 -0.000000e+00
    outer loop
      vertex   1.246245e+01 2.728896e+01 3.200000e+00
      vertex   1.246245e+01 2.728896e+01 4.900000e+00
      vertex   1.437747e+01 2.633037e+01 3.200000e+00
    endloop
  endfacet
  facet normal 4.476172e-01 8.942253e-01 -0.000000e+00
    outer loop
      vertex   1.437747e+01 2.633037e+01 3.200000e+00
      vertex   1.246245e+01 2.728896e+01 4.900000e+00
      vertex   1.437747e+01 2.633037e+01 4.900000e+00
    endloop
  endfacet
  facet normal 5.102700e-01 8.600142e-01 -0.000000e+00
    outer loop
      vertex   1.437747e+01 2.633037e+01 3.200000e+00
      vertex   1.437747e+01 2.633037e+01 4.900000e+00
      vertex   1.621922e+01 2.523761e+01 3.200000e+00
    endloop
  endfacet
  facet normal 5.102700e-01 8.600142e-01 -0.000000e+00
    outer loop
      vertex   1.621922e+01 2.523761e+01 3.200000e+00
      vertex   1.437747e+01 2.633037e+01 4.900000e+00
      vertex   1.621922e+01 2.523761e+01 4.900000e+00
    endloop
  endfacet
  facet normal 5.703226e-01 8.214208e-01 -0.000000e+00
    outer loop
      vertex   1.621922e+01 2.523761e+01 3.200000e+00
      vertex   1.621922e+01 2.523761e+01 4.900000e+00
      vertex   1.797833e+01 2.401624e+01 3.200000e+00
    endloop
  endfacet
  facet normal 5.703226e-01 8.214208e-01 -0.000000e+00
    outer loop
      vertex   1.797833e+01 2.401624e+01 3.200000e+00
      vertex   1.621922e+01 2.523761e+01 4.900000e+00
      vertex   1.797833e+01 2.401624e+01 4.900000e+00
    endloop
  endfacet
  facet normal 6.274690e-01 7.786415e-01 -0.000000e+00
    outer loop
      vertex   1.797833e+01 2.401624e+01 3.200000e+00
      vertex   1.797833e+01 2.401624e+01 4.900000e+00
      vertex   1.964582e+01 2.267249e+01 3.200000e+00
    endloop
  endfacet
  facet normal 6.274690e-01 7.786415e-01 -0.000000e+00
    outer loop
      vertex   1.964582e+01 2.267249e+01 3.200000e+00
      vertex   1.797833e+01 2.401624e+01 4.900000e+00
      vertex   1.964582e+01 2.267249e+01 4.900000e+00
    endloop
  endfacet
  facet normal 6.814179e-01 7.318945e-01 -0.000000e+00
    outer loop
      vertex   1.964582e+01 2.267249e+01 3.200000e+00
      vertex   1.964582e+01 2.267249e+01 4.900000e+00
      vertex   2.121320e+01 2.121320e+01 3.200000e+00
    endloop
  endfacet
  facet normal 6.814179e-01 7.318945e-01 -0.000000e+00
    outer loop
      vertex   2.121320e+01 2.121320e+01 3.200000e+00
      vertex   1.964582e+01 2.267249e+01 4.900000e+00
      vertex   2.121320e+01 2.121320e+01 4.900000e+00
    endloop
  endfacet
  facet normal 7.318945e-01 6.814179e-01 -0.000000e+00
    outer loop
      vertex   2.121320e+01 2.121320e+01 3.200000e+00
      vertex   2.121320e+01 2.121320e+01 4.900000e+00
      vertex   2.267249e+01 1.964582e+01 3.200000e+00
    endloop
  endfacet
  facet normal 7.318945e-01 6.814179e-01 -0.000000e+00
    outer loop
      vertex   2.267249e+01 1.964582e+01 3.200000e+00
      vertex   2.121320e+01 2.121320e+01 4.900000e+00
      vertex   2.267249e+01 1.964582e+01 4.900000e+00
    endloop
  endfacet
  facet normal 7.786415e-01 6.274690e-01 -0.000000e+00
    outer loop
      vertex   2.267249e+01 1.964582e+01 3.200000e+00
      vertex   2.267249e+01 1.964582e+01 4.900000e+00
      vertex   2.401624e+01 1.797833e+01 3.200000e+00
    endloop
  endfacet
  facet normal 7.786415e-01 6.274690e-01 -0.000000e+00
    outer loop
      vertex   2.401624e+01 1.797833e+01 3.200000e+00
      vertex   2.267249e+01 1.964582e+01 4.900000e+00
      vertex   2.401624e+01 1.797833e+01 4.900000e+00
    endloop
  endfacet
  facet normal 8.214208e-01 5.703226e-01 -0.000000e+00
    outer loop
      vertex   2.401624e+01 1.797833e+01 3.200000e+00
      vertex   2.401624e+01 1.797833e+01 4.900000e+00
      vertex   2.523761e+01 1.621922e+01 3.200000e+00
    endloop
  endfacet
  facet normal 8.214208e-01 5.703226e-01 -0.000000e+00
    outer loop
      vertex   2.523761e+01 1.621922e+01 3.200000e+00
      vertex   2.401624e+01 1.797833e+01 4.900000e+00
      vertex   2.523761e+01 1.621922e+01 4.900000e+00
    endloop
  endfacet
  facet normal 8.600142e-01 5.102700e-01 -0.000000e+00
    outer loop
      vertex   2.523761e+01 1.621922e+01 3.200000e+00
      vertex   2.523761e+01 1.621922e+01 4.900000e+00
      vertex   2.633037e+01 1.437747e+01 3.200000e+00
    endloop
  endfacet
  facet normal 8.600142e-01 5.102700e-01 -0.000000e+00
    outer loop
      vertex   2.633037e+01 1.437747e+01 3.200000e+00
      vertex   2.523761e+01 1.621922e+01 4.900000e+00
      vertex   2.633037e+01 1.437747e+01 4.900000e+00
    endloop
  endfacet
  facet normal 8.942253e-01 4.476172e-01 -0.000000e+00
    outer loop
      vertex   2.633037e+01 1.437747e+01 3.200000e+00
      vertex   2.633037e+01 1.437747e+01 4.900000e+00
      vertex   2.728896e+01 1.246245e+01 3.200000e+00
    endloop
  endfacet
  facet normal 8.942253e-01 4.476172e-01 -0.000000e+00
    outer loop
      vertex   2.728896e+01 1.246245e+01 3.200000e+00
      vertex   2.633037e+01 1.437747e+01 4.900000e+00
      vertex   2.728896e+01 1.246245e+01 4.900000e+00
    endloop
  endfacet
  facet normal 9.238795e-01 3.826834e-01 -0.000000e+00
    outer loop
      vertex   2.728896e+01 1.246245e+01 3.200000e+00
      vertex   2.728896e+01 1.246245e+01 4.900000e+00
      vertex   2.810849e+01 1.048393e+01 3.200000e+00
    endloop
  endfacet
  facet normal 9.238795e-01 3.826834e-01 -0.000000e+00
    outer loop
      vertex   2.810849e+01 1.048393e+01 3.200000e+00
      vertex   2.728896e+01 1.246245e+01 4.900000e+00
      vertex   2.810849e+01 1.048393e+01 4.900000e+00
    endloop
  endfacet
  facet normal 9.488259e-01 3.157996e-01 -0.000000e+00
    outer loop
      vertex   2.810849e+01 1.048393e+01 3.200000e+00
      vertex   2.810849e+01 1.048393e+01 4.900000e+00
      vertex   2.878479e+01 8.451977e+00 3.200000e+00
    endloop
  endfacet
  facet normal 9.488259e-01 3.157996e-01 -0.000000e+00
    outer loop
      vertex   2.878479e+01 8.451977e+00 3.200000e+00
      vertex   2.810849e+01 1.048393e+01 4.900000e+00
      vertex   2.878479e+01 8.451977e+00 4.900000e+00
    endloop
  endfacet
  facet normal 9.689373e-01 2.473065e-01 -0.000000e+00
    outer loop
      vertex   2.878479e+01 8.451977e+00 3.200000e+00
      vertex   2.878479e+01 8.451977e+00 4.900000e+00
      vertex   2.931441e+01 6.376959e+00 3.200000e+00
    endloop
  endfacet
  facet normal 9.689373e-01 2.473065e-01 -0.000000e+00
    outer loop
      vertex   2.931441e+01 6.376959e+00 3.200000e+00
      vertex   2.878479e+01 8.451977e+00 4.900000e+00
      vertex   2.931441e+01 6.376959e+00 4.900000e+00
    endloop
  endfacet
  facet normal 9.841112e-01 1.775532e-01 -0.000000e+00
    outer loop
      vertex   2.931441e+01 6.376959e+00 3.200000e+00
      vertex   2.931441e+01 6.376959e+00 4.900000e+00
      vertex   2.969464e+01 4.269445e+00 3.200000e+00
    endloop
  endfacet
  facet normal 9.841112e-01 1.775532e-01 -0.000000e+00
    outer loop
      vertex   2.969464e+01 4.269445e+00 3.200000e+00
      vertex   2.931441e+01 6.376959e+00 4.900000e+00
      vertex   2.969464e+01 4.269445e+00 4.900000e+00
    endloop
  endfacet
  facet normal 9.942703e-01 1.068951e-01 -0.000000e+00
    outer loop
      vertex   2.969464e+01 4.269445e+00 3.200000e+00
      vertex   2.969464e+01 4.269445e+00 4.900000e+00
      vertex   2.992356e+01 2.140175e+00 3.200000e+00
    endloop
  endfacet
  facet normal 9.942703e-01 1.068951e-01 -0.000000e+00
    outer loop
      vertex   2.992356e+01 2.140175e+00 3.200000e+00
      vertex   2.969464e+01 4.269445e+00 4.900000e+00
      vertex   2.992356e+01 2.140175e+00 4.900000e+00
    endloop
  endfacet
  facet normal 0.000000e+00 0.000000e+00 1.000000e+00
    outer loop
      vertex   2.992356e+01 -2.140175e+00 3.200000e+00
      vertex   3.496154e+01 -1.640338e+00 3.200000e+00
      vertex   3.000000e+01 3.673940e-15 3.200000e+00
    endloop
  endfacet
  facet normal -0.000000e+00 0.000000e+00 1.000000e+00
    outer loop
      vertex   3.000000e+01 3.673940e-15 3.200000e+00
      vertex   3.496154e+01 -1.640338e+00 3.200000e+00
      vertex   3.499350e+01 6.745726e-01 3.200000e+00
    endloop
  endfacet
  facet normal 0.000000e+00 -0.000000e+00 1.000000e+00
    outer loop
      vertex   3.000000e+01 3.673940e-15 3.200000e+00
      vertex   3.499350e+01 6.745726e-01 3.200000e+00
      vertex   2.992356e+01 2.140175e+00 3.200000e+00
    endloop
  endfacet
  facet normal -0.000000e+00 0.000000e+00 1.000000e+00
    outer loop
      vertex   2.992356e+01 2.140175e+00 3.200000e+00
      vertex   3.499350e+01 6.745726e-01 3.200000e+00
      vertex   3.487235e+01 2.986532e+00 3.200000e+00
    endloop
  endfacet
  facet normal 0.000000e+00 -0.000000e+00 1.000000e+00
    outer loop
      vertex   2.992356e+01 2.140175e+00 3.200000e+00
      vertex   3.487235e+01 2.986532e+00 3.200000e+00
      vertex   2.969464e+01 4.269445e+00 3.200000e+00
    endloop
  endfacet
  facet normal -0.000000e+00 0.000000e+00 1.000000e+00
    outer loop
      vertex   2.969464e+01 4.269445e+00 3.200000e+00
      vertex   3.487235e+01 2.986532e+00 3.200000e+00
      vertex   3.459862e+01 5.285424e+00 3.200000e+00
    endloop
  endfacet
  facet normal 0.000000e+00 -0.000000e+00 1.000000e+00
    outer loop
      vertex   2.969464e+01 4.269445e+00 3.200000e+00
      vertex   3.459862e+01 5.285424e+00 3.200000e+00
      vertex   2.931441e+01 6.376959e+00 3.200000e+00
    endloop
  endfacet
  facet normal -0.000000e+00 0.000000e+00 1.000000e+00
    outer loop
      vertex   2.931441e+01 6.376959e+00 3.200000e+00
      vertex   3.459862e+01 5.285424e+00 3.200000e+00
      vertex   3.417350e+01 7.561191e+00 3.200000e+00
    endloop
  endfacet
  facet normal 0.000000e+00 -0.000000e+00 1.000000e+00
    outer loop
      vertex   2.931441e+01 6.376959e+00 3.200000e+00
      vertex   3.417350e+01 7.561191e+00 3.200000e+00
      vertex   2.878479e+01 8.451977e+00 3.200000e+00
    endloop
  endfacet
  facet normal -0.000000e+00 0.000000e+00 1.000000e+00
    outer loop
      vertex   2.878479e+01 8.451977e+00 3.200000e+00
      vertex   3.417350e+01 7.561191e+00 3.200000e+00
      vertex   3.359887e+01 9.803875e+00 3.200000e+00
    endloop
  endfacet
  facet normal 0.000000e+00 0.000000e+00 1.000000e+00
    outer loop
      vertex   2.878479e+01 8.451977e+00 3.200000e+00
      vertex   3.359887e+01 9.803875e+00 3.200000e+00
      vertex   3.287723e+01 1.200366e+01 3.200000e+00
    endloop
  endfacet
  facet normal 0.000000e+00 0.000000e+00 1.000000e+00
    outer loop
      vertex   3.496154e+01 -1.640338e+00 3.200000e+00
      vertex   2.992356e+01 -2.140175e+00 3.200000e+00
      vertex   3.477661e+01 -3.948072e+00 3.200000e+00
    endloop
  endfacet
  facet normal 0.000000e+00 0.000000e+00 1.000000e+00
    outer loop
      vertex   3.477661e+01 -3.948072e+00 3.200000e+00
      vertex   2.992356e+01 -2.140175e+00 3.200000e+00
      vertex   2.969464e+01 -4.269445e+00 3.200000e+00
    endloop
  endfacet
  facet normal 0.000000e+00 0.000000e+00 1.000000e+00
    outer loop
      vertex   3.477661e+01 -3.948072e+00 3.200000e+00
      vertex   2.969464e+01 -4.269445e+00 3.200000e+00
      vertex   3.443952e+01 -6.238532e+00 3.200000e+00
    endloop
  endfacet
  facet normal 0.000000e+00 0.000000e+00 1.000000e+00
    outer loop
      vertex   3.443952e+01 -6.238532e+00 3.200000e+00
      vertex   2.969464e+01 -4.269445e+00 3.200000e+00
      vertex   2.931441e+01 -6.376959e+00 3.200000e+00
    endloop
  endfacet
  facet normal 0.000000e+00 0.000000e+00 1.000000e+00
    outer loop
      vertex   3.443952e+01 -6.238532e+00 3.200000e+00
      vertex   2.931441e+01 -6.376959e+00 3.200000e+00
      vertex   3.395175e+01 -8.501696e+00 3.200000e+00
    endloop
  endfacet
  facet normal 0.000000e+00 0.000000e+00 1.000000e+00
    outer loop
      vertex   3.395175e+01 -8.501696e+00 3.200000e+00
      vertex   2.931441e+01 -6.376959e+00 3.200000e+00
      vertex   2.878479e+01 -8.451977e+00 3.200000e+00
    endloop
  endfacet
  facet normal 0.000000e+00 0.000000e+00 1.000000e+00
    outer loop
      vertex   3.395175e+01 -8.501696e+00 3.200000e+00
      vertex   2.878479e+01 -8.451977e+00 3.200000e+00
      vertex   3.331542e+01 -1.072766e+01 3.200000e+00
    endloop
  endfacet
  facet normal 0.000000e+00 0.000000e+00 1.000000e+00
    outer loop
      vertex   3.331542e+01 -1.072766e+01 3.200000e+00
      vertex   2.878479e+01 -8.451977e+00 3.200000e+00
      vertex   2.810849e+01 -1.048393e+01 3.200000e+00
    endloop
  endfacet
  facet normal 0.000000e+00 0.000000e+00 1.000000e+00
    outer loop
      vertex   3.331542e+01 -1.072766e+01 3.200000e+00
      vertex   2.810849e+01 -1.048393e+01 3.200000e+00
      vertex   3.253333e+01 -1.290669e+01 3.200000e+00
    endloop
  endfacet
  facet normal 0.000000e+00 0.000000e+00 1.000000e+00
    outer loop
      vertex   3.253333e+01 -1.290669e+01 3.200000e+00
      vertex   2.810849e+01 -1.048393e+01 3.200000e+00
      vertex   2.728896e+01 -1.246245e+01 3.200000e+00
    endloop
  endfacet
  facet normal 0.000000e+00 0.000000e+00 1.000000e+00
    outer loop
      vertex   3.253333e+01 -1.290669e+01 3.200000e+00
      vertex   2.728896e+01 -1.246245e+01 3.200000e+00
      vertex   3.160889e+01 -1.502925e+01 3.200000e+00
    endloop
  endfacet
  facet normal 0.000000e+00 0.000000e+00 1.000000e+00
    outer loop
      vertex   3.160889e+01 -1.502925e+01 3.200000e+00
      vertex   2.728896e+01 -1.246245e+01 3.200000e+00
      vertex   2.633037e+01 -1.437747e+01 3.200000e+00
    endloop
  endfacet
  facet normal 0.000000e+00 0.000000e+00 1.000000e+00
    outer loop
      vertex   3.160889e+01 -1.502925e+01 3.200000e+00
      vertex   2.633037e+01 -1.437747e+01 3.200000e+00
      vertex   3.054615e+01 -1.708604e+01 3.200000e+00
    endloop
  endfacet
  facet normal 0.000000e+00 0.000000e+00 1.000000e+00
    outer loop
      vertex   3.054615e+01 -1.708604e+01 3.200000e+00
      vertex   2.633037e+01 -1.437747e+01 3.200000e+00
      vertex   2.523761e+01 -1.621922e+01 3.200000e+00
    endloop
  endfacet
  facet normal 0.000000e+00 0.000000e+00 1.000000e+00
    outer loop
      vertex   3.054615e+01 -1.708604e+01 3.200000e+00
      vertex   2.523761e+01 -1.621922e+01 3.200000e+00
      vertex   2.934976e+01 -1.906808e+01 3.200000e+00
    endloop
  endfacet
  facet normal 0.000000e+00 0.000000e+00 1.000000e+00
    outer loop
      vertex   2.934976e+01 -1.906808e+01 3.200000e+00
      vertex   2.523761e+01 -1.621922e+01 3.200000e+00
      vertex   2.401624e+01 -1.797833e+01 3.200000e+00
    endloop
  endfacet
  facet normal 0.000000e+00 0.000000e+00 1.000000e+00
    outer loop
      vertex   2.934976e+01 -1.906808e+01 3.200000e+00
      vertex   2.401624e+01 -1.797833e+01 3.200000e+00
      vertex   2.802495e+01 -2.096669e+01 3.200000e+00
    endloop
  endfacet
  facet normal 0.000000e+00 0.000000e+00 1.000000e+00
    outer loop
      vertex   2.802495e+01 -2.096669e+01 3.200000e+00
      vertex   2.401624e+01 -1.797833e+01 3.200000e+00
      vertex   2.657752e+01 -2.277357e+01 3.200000e+00
    endloop
  endfacet
  facet normal 0.000000e+00 0.000000e+00 1.000000e+00
    outer loop
      vertex   2.657752e+01 -2.277357e+01 3.200000e+00
      vertex   2.401624e+01 -1.797833e+01 3.200000e+00
      vertex   2.267249e+01 -1.964582e+01 3.200000e+00
    endloop
  endfacet
  facet normal 0.000000e+00 0.000000e+00 1.000000e+00
    outer loop
      vertex   2.657752e+01 -2.277357e+01 3.200000e+00
      vertex   2.267249e+01 -1.964582e+01 3.200000e+00
      vertex   2.501381e+01 -2.448080e+01 3.200000e+00
    endloop
  endfacet
  facet normal 0.000000e+00 0.000000e+00 1.000000e+00
    outer loop
      vertex   2.501381e+01 -2.448080e+01 3.200000e+00
      vertex   2.267249e+01 -1.964582e+01 3.200000e+00
      vertex   2.121320e+01 -2.121320e+01 3.200000e+00
    endloop
  endfacet
  facet normal 0.000000e+00 0.000000e+00 1.000000e+00
    outer loop
      vertex   2.501381e+01 -2.448080e+01 3.200000e+00
      vertex   2.121320e+01 -2.121320e+01 3.200000e+00
      vertex   2.334065e+01 -2.608091e+01 3.200000e+00
    endloop
  endfacet
  facet normal 0.000000e+00 0.000000e+00 1.000000e+00
    outer loop
      vertex   2.334065e+01 -2.608091e+01 3.200000e+00
      vertex   2.121320e+01 -2.121320e+01 3.200000e+00
      vertex   1.964582e+01 -2.267249e+01 3.200000e+00
    endloop
  endfacet
  facet normal 0.000000e+00 0.000000e+00 1.000000e+00
    outer loop
      vertex   2.334065e+01 -2.608091e+01 3.200000e+00
      vertex   1.964582e+01 -2.267249e+01 3.200000e+00
      vertex   2.156537e+01 -2.756692e+01 3.200000e+00
    endloop
  endfacet
  facet normal 0.000000e+00 0.000000e+00 1.000000e+00
    outer loop
      vertex   2.156537e+01 -2.756692e+01 3.200000e+00
      vertex   1.964582e+01 -2.267249e+01 3.200000e+00
      vertex   1.797833e+01 -2.401624e+01 3.200000e+00
    endloop
  endfacet
  facet normal 0.000000e+00 0.000000e+00 1.000000e+00
    outer loop
      vertex   2.156537e+01 -2.756692e+01 3.200000e+00
      vertex   1.797833e+01 -2.401624e+01 3.200000e+00
      vertex   1.969573e+01 -2.893231e+01 3.200000e+00
    endloop
  endfacet
  facet normal 0.000000e+00 0.000000e+00 1.000000e+00
    outer loop
      vertex   1.969573e+01 -2.893231e+01 3.200000e+00
      vertex   1.797833e+01 -2.401624e+01 3.200000e+00
      vertex   1.621922e+01 -2.523761e+01 3.200000e+00
    endloop
  endfacet
  facet normal 0.000000e+00 0.000000e+00 1.000000e+00
    outer loop
      vertex   1.969573e+01 -2.893231e+01 3.200000e+00
      vertex   1.621922e+01 -2.523761e+01 3.200000e+00
      vertex   1.773991e+01 -3.017110e+01 3.200000e+00
    endloop
  endfacet
  facet normal 0.000000e+00 0.000000e+00 1.000000e+00
    outer loop
      vertex   1.773991e+01 -3.017110e+01 3.200000e+00
      vertex   1.621922e+01 -2.523761e+01 3.200000e+00
      vertex   1.437747e+01 -2.633037e+01 3.200000e+00
    endloop
  endfacet
  facet normal 0.000000e+00 0.000000e+00 1.000000e+00
    outer loop
      vertex   1.773991e+01 -3.017110e+01 3.200000e+00
      vertex   1.437747e+01 -2.633037e+01 3.200000e+00
      vertex   1.570648e+01 -3.127789e+01 3.200000e+00
    endloop
  endfacet
  facet normal 0.000000e+00 0.000000e+00 1.000000e+00
    outer loop
      vertex   1.570648e+01 -3.127789e+01 3.200000e+00
      vertex   1.437747e+01 -2.633037e+01 3.200000e+00
      vertex   1.246245e+01 -2.728896e+01 3.200000e+00
    endloop
  endfacet
  facet normal 0.000000e+00 0.000000e+00 1.000000e+00
    outer loop
      vertex   1.570648e+01 -3.127789e+01 3.200000e+00
      vertex   1.246245e+01 -2.728896e+01 3.200000e+00
      vertex   1.360432e+01 -3.224783e+01 3.200000e+00
    endloop
  endfacet
  facet normal 0.000000e+00 0.000000e+00 1.000000e+00
    outer loop
      vertex   1.360432e+01 -3.224783e+01 3.200000e+00
      vertex   1.246245e+01 -2.728896e+01 3.200000e+00
      vertex   1.048393e+01 -2.810849e+01 3.200000e+00
    endloop
  endfacet
  facet normal 0.000000e+00 0.000000e+00 1.000000e+00
    outer loop
      vertex   1.360432e+01 -3.224783e+01 3.200000e+00
      vertex   1.048393e+01 -2.810849e+01 3.200000e+00
      vertex   1.144264e+01 -3.307667e+01 3.200000e+00
    endloop
  endfacet
  facet normal 0.000000e+00 0.000000e+00 1.000000e+00
    outer loop
      vertex   1.144264e+01 -3.307667e+01 3.200000e+00
      vertex   1.048393e+01 -2.810849e+01 3.200000e+00
      vertex   8.451977e+00 -2.878479e+01 3.200000e+00
    endloop
  endfacet
  facet normal 0.000000e+00 0.000000e+00 1.000000e+00
    outer loop
      vertex   1.144264e+01 -3.307667e+01 3.200000e+00
      vertex   8.451977e+00 -2.878479e+01 3.200000e+00
      vertex   9.230898e+00 -3.376078e+01 3.200000e+00
    endloop
  endfacet
  facet normal 0.000000e+00 0.000000e+00 1.000000e+00
    outer loop
      vertex   9.230898e+00 -3.376078e+01 3.200000e+00
      vertex   8.451977e+00 -2.878479e+01 3.200000e+00
      vertex   6.376959e+00 -2.931441e+01 3.200000e+00
    endloop
  endfacet
  facet normal 0.000000e+00 0.000000e+00 1.000000e+00
    outer loop
      vertex   9.230898e+00 -3.376078e+01 3.200000e+00
      vertex   6.376959e+00 -2.931441e+01 3.200000e+00
      vertex   6.978763e+00 -3.429718e+01 3.200000e+00
    endloop
  endfacet
  facet normal 0.000000e+00 0.000000e+00 1.000000e+00
    outer loop
      vertex   6.978763e+00 -3.429718e+01 3.200000e+00
      vertex   6.376959e+00 -2.931441e+01 3.200000e+00
      vertex   4.269445e+00 -2.969464e+01 3.200000e+00
    endloop
  endfacet
  facet normal 0.000000e+00 0.000000e+00 1.000000e+00
    outer loop
      vertex   6.978763e+00 -3.429718e+01 3.200000e+00
      vertex   4.269445e+00 -2.969464e+01 3.200000e+00
      vertex   4.696094e+00 -3.468352e+01 3.200000e+00
    endloop
  endfacet
  facet normal 0.000000e+00 0.000000e+00 1.000000e+00
    outer loop
      vertex   4.696094e+00 -3.468352e+01 3.200000e+00
      vertex   4.269445e+00 -2.969464e+01 3.200000e+00
      vertex   2.140175e+00 -2.992356e+01 3.200000e+00
    endloop
  endfacet
  facet normal 0.000000e+00 0.000000e+00 1.000000e+00
    outer loop
      vertex   4.696094e+00 -3.468352e+01 3.200000e+00
      vertex   2.140175e+00 -2.992356e+01 3.200000e+00
      vertex   2.392878e+00 -3.491811e+01 3.200000e+00
    endloop
  endfacet
  facet normal 0.000000e+00 0.000000e+00 1.000000e+00
    outer loop
      vertex   2.392878e+00 -3.491811e+01 3.200000e+00
      vertex   2.140175e+00 -2.992356e+01 3.200000e+00
      vertex   -1.836970e-15 -3.000000e+01 3.200000e+00
    endloop
  endfacet
  facet normal 0.000000e+00 0.000000e+00 1.000000e+00
    outer loop
      vertex   2.392878e+00 -3.491811e+01 3.200000e+00
      vertex   -1.836970e-15 -3.000000e+01 3.200000e+00
      vertex   7.919219e-02 -3.499991e+01 3.200000e+00
    endloop
  endfacet
  facet normal 0.000000e+00 0.000000e+00 1.000000e+00
    outer loop
      vertex   7.919219e-02 -3.499991e+01 3.200000e+00
      vertex   -1.836970e-15 -3.000000e+01 3.200000e+00
      vertex   -2.234840e+00 -3.492858e+01 3.200000e+00
    endloop
  endfacet
  facet normal 0.000000e+00 0.000000e+00 1.000000e+00
    outer loop
      vertex   -2.234840e+00 -3.492858e+01 3.200000e+00
      vertex   -1.836970e-15 -3.000000e+01 3.200000e+00
      vertex   -2.140175e+00 -2.992356e+01 3.200000e+00
    endloop
  endfacet
  facet normal 0.000000e+00 -0.000000e+00 1.000000e+00
    outer loop
      vertex   -2.234840e+00 -3.492858e+01 3.200000e+00
      vertex   -2.140175e+00 -2.992356e+01 3.200000e+00
      vertex   -4.539094e+00 -3.470442e+01 3.200000e+00
    endloop
  endfacet
  facet normal 0.000000e+00 0.000000e+00 1.000000e+00
    outer loop
      vertex   -4.539094e+00 -3.470442e+01 3.200000e+00
      vertex   -2.140175e+00 -2.992356e+01 3.200000e+00
      vertex   -4.269445e+00 -2.969464e+01 3.200000e+00
    endloop
  endfacet
  facet normal 0.000000e+00 -0.000000e+00 1.000000e+00
    outer loop
      vertex   -4.539094e+00 -3.470442e+01 3.200000e+00
      vertex   -4.269445e+00 -2.969464e+01 3.200000e+00
      vertex   -6.823488e+00 -3.432841e+01 3.200000e+00
    endloop
  endfacet
  facet normal 0.000000e+00 0.000000e+00 1.000000e+00
    outer loop
      vertex   -6.823488e+00 -3.432841e+01 3.200000e+00
      vertex   -4.269445e+00 -2.969464e+01 3.200000e+00
      vertex   -6.376959e+00 -2.931441e+01 3.200000e+00
    endloop
  endfacet
  facet normal 0.000000e+00 -0.000000e+00 1.000000e+00
    outer loop
      vertex   -6.823488e+00 -3.432841e+01 3.200000e+00
      vertex   -6.376959e+00 -2.931441e+01 3.200000e+00
      vertex   -9.078027e+00 -3.380221e+01 3.200000e+00
    endloop
  endfacet
  facet normal 0.000000e+00 0.000000e+00 1.000000e+00
    outer loop
      vertex   -9.078027e+00 -3.380221e+01 3.200000e+00
      vertex   -6.376959e+00 -2.931441e+01 3.200000e+00
      vertex   -8.451977e+00 -2.878479e+01 3.200000e+00
    endloop
  endfacet
  facet normal 0.000000e+00 -0.000000e+00 1.000000e+00
    outer loop
      vertex   -9.078027e+00 -3.380221e+01 3.200000e+00
      vertex   -8.451977e+00 -2.878479e+01 3.200000e+00
      vertex   -1.129285e+01 -3.312811e+01 3.200000e+00
    endloop
  endfacet
  facet normal 0.000000e+00 0.000000e+00 1.000000e+00
    outer loop
      vertex   -1.129285e+01 -3.312811e+01 3.200000e+00
      vertex   -8.451977e+00 -2.878479e+01 3.200000e+00
      vertex   -1.048393e+01 -2.810849e+01 3.200000e+00
    endloop
  endfacet
  facet normal 0.000000e+00 -0.000000e+00 1.000000e+00
    outer loop
      vertex   -1.129285e+01 -3.312811e+01 3.200000e+00
      vertex   -1.048393e+01 -2.810849e+01 3.200000e+00
      vertex   -1.345825e+01 -3.230906e+01 3.200000e+00
    endloop
  endfacet
  facet normal 0.000000e+00 0.000000e+00 1.000000e+00
    outer loop
      vertex   -1.345825e+01 -3.230906e+01 3.200000e+00
      vertex   -1.048393e+01 -2.810849e+01 3.200000e+00
      vertex   -1.246245e+01 -2.728896e+01 3.200000e+00
    endloop
  endfacet
  facet normal 0.000000e+00 -0.000000e+00 1.000000e+00
    outer loop
      vertex   -1.345825e+01 -3.230906e+01 3.200000e+00
      vertex   -1.246245e+01 -2.728896e+01 3.200000e+00
      vertex   -1.556478e+01 -3.134865e+01 3.200000e+00
    endloop
  endfacet
  facet normal 0.000000e+00 0.000000e+00 1.000000e+00
    outer loop
      vertex   -1.556478e+01 -3.134865e+01 3.200000e+00
      vertex   -1.246245e+01 -2.728896e+01 3.200000e+00
      vertex   -1.437747e+01 -2.633037e+01 3.200000e+00
    endloop
  endfacet
  facet normal 0.000000e+00 -0.000000e+00 1.000000e+00
    outer loop
      vertex   -1.556478e+01 -3.134865e+01 3.200000e+00
      vertex   -1.437747e+01 -2.633037e+01 3.200000e+00
      vertex   -1.760320e+01 -3.025107e+01 3.200000e+00
    endloop
  endfacet
  facet normal 0.000000e+00 0.000000e+00 1.000000e+00
    outer loop
      vertex   -1.760320e+01 -3.025107e+01 3.200000e+00
      vertex   -1.437747e+01 -2.633037e+01 3.200000e+00
      vertex   -1.621922e+01 -2.523761e+01 3.200000e+00
    endloop
  endfacet
  facet normal 0.000000e+00 -0.000000e+00 1.000000e+00
    outer loop
      vertex   -1.760320e+01 -3.025107e+01 3.200000e+00
      vertex   -1.621922e+01 -2.523761e+01 3.200000e+00
      vertex   -1.956460e+01 -2.902114e+01 3.200000e+00
    endloop
  endfacet
  facet normal 0.000000e+00 0.000000e+00 1.000000e+00
    outer loop
      vertex   -1.956460e+01 -2.902114e+01 3.200000e+00
      vertex   -1.621922e+01 -2.523761e+01 3.200000e+00
      vertex   -1.797833e+01 -2.401624e+01 3.200000e+00
    endloop
  endfacet
  facet normal 0.000000e+00 -0.000000e+00 1.000000e+00
    outer loop
      vertex   -1.956460e+01 -2.902114e+01 3.200000e+00
      vertex   -1.797833e+01 -2.401624e+01 3.200000e+00
      vertex   -2.144040e+01 -2.766422e+01 3.200000e+00
    endloop
  endfacet
  facet normal 0.000000e+00 0.000000e+00 1.000000e+00
    outer loop
      vertex   -2.144040e+01 -2.766422e+01 3.200000e+00
      vertex   -1.797833e+01 -2.401624e+01 3.200000e+00
      vertex   -1.964582e+01 -2.267249e+01 3.200000e+00
    endloop
  endfacet
  facet normal 0.000000e+00 -0.000000e+00 1.000000e+00
    outer loop
      vertex   -2.144040e+01 -2.766422e+01 3.200000e+00
      vertex   -1.964582e+01 -2.267249e+01 3.200000e+00
      vertex   -2.322239e+01 -2.618627e+01 3.200000e+00
    endloop
  endfacet
  facet normal 0.000000e+00 0.000000e+00 1.000000e+00
    outer loop
      vertex   -2.322239e+01 -2.618627e+01 3.200000e+00
      vertex   -1.964582e+01 -2.267249e+01 3.200000e+00
      vertex   -2.121320e+01 -2.121320e+01 3.200000e+00
    endloop
  endfacet
  facet normal 0.000000e+00 -0.000000e+00 1.000000e+00
    outer loop
      vertex   -2.322239e+01 -2.618627e+01 3.200000e+00
      vertex   -2.121320e+01 -2.121320e+01 3.200000e+00
      vertex   -2.490277e+01 -2.459374e+01 3.200000e+00
    endloop
  endfacet
  facet normal 0.000000e+00 0.000000e+00 1.000000e+00
    outer loop
      vertex   -2.490277e+01 -2.459374e+01 3.200000e+00
      vertex   -2.121320e+01 -2.121320e+01 3.200000e+00
      vertex   -2.267249e+01 -1.964582e+01 3.200000e+00
    endloop
  endfacet
  facet normal 0.000000e+00 -0.000000e+00 1.000000e+00
    outer loop
      vertex   -2.490277e+01 -2.459374e+01 3.200000e+00
      vertex   -2.267249e+01 -1.964582e+01 3.200000e+00
      vertex   -2.647419e+01 -2.289360e+01 3.200000e+00
    endloop
  endfacet
  facet normal 0.000000e+00 -0.000000e+00 1.000000e+00
    outer loop
      vertex   -2.647419e+01 -2.289360e+01 3.200000e+00
      vertex   -2.267249e+01 -1.964582e+01 3.200000e+00
      vertex   -2.792978e+01 -2.109330e+01 3.200000e+00
    endloop
  endfacet
  facet normal 0.000000e+00 0.000000e+00 1.000000e+00
    outer loop
      vertex   -2.792978e+01 -2.109330e+01 3.200000e+00
      vertex   -2.267249e+01 -1.964582e+01 3.200000e+00
      vertex   -2.401624e+01 -1.797833e+01 3.200000e+00
    endloop
  endfacet
  facet normal 0.000000e+00 -0.000000e+00 1.000000e+00
    outer loop
      vertex   -2.792978e+01 -2.109330e+01 3.200000e+00
      vertex   -2.401624e+01 -1.797833e+01 3.200000e+00
      vertex   -2.926317e+01 -1.920070e+01 3.200000e+00
    endloop
  endfacet
  facet normal 0.000000e+00 0.000000e+00 1.000000e+00
    outer loop
      vertex   -2.926317e+01 -1.920070e+01 3.200000e+00
      vertex   -2.401624e+01 -1.797833e+01 3.200000e+00
      vertex   -2.523761e+01 -1.621922e+01 3.200000e+00
    endloop
  endfacet
  facet normal 0.000000e+00 -0.000000e+00 1.000000e+00
    outer loop
      vertex   -2.926317e+01 -1.920070e+01 3.200000e+00
      vertex   -2.523761e+01 -1.621922e+01 3.200000e+00
      vertex   -3.046852e+01 -1.722410e+01 3.200000e+00
    endloop
  endfacet
  facet normal 0.000000e+00 0.000000e+00 1.000000e+00
    outer loop
      vertex   -3.046852e+01 -1.722410e+01 3.200000e+00
      vertex   -2.523761e+01 -1.621922e+01 3.200000e+00
      vertex   -2.633037e+01 -1.437747e+01 3.200000e+00
    endloop
  endfacet
  facet normal 0.000000e+00 -0.000000e+00 1.000000e+00
    outer loop
      vertex   -3.046852e+01 -1.722410e+01 3.200000e+00
      vertex   -2.633037e+01 -1.437747e+01 3.200000e+00
      vertex   -3.154055e+01 -1.517213e+01 3.200000e+00
    endloop
  endfacet
  facet normal 0.000000e+00 0.000000e+00 1.000000e+00
    outer loop
      vertex   -3.154055e+01 -1.517213e+01 3.200000e+00
      vertex   -2.633037e+01 -1.437747e+01 3.200000e+00
      vertex   -2.728896e+01 -1.246245e+01 3.200000e+00
    endloop
  endfacet
  facet normal 0.000000e+00 -0.000000e+00 1.000000e+00
    outer loop
      vertex   -3.154055e+01 -1.517213e+01 3.200000e+00
      vertex   -2.728896e+01 -1.246245e+01 3.200000e+00
      vertex   -3.247459e+01 -1.305378e+01 3.200000e+00
    endloop
  endfacet
  facet normal 0.000000e+00 0.000000e+00 1.000000e+00
    outer loop
      vertex   -3.247459e+01 -1.305378e+01 3.200000e+00
      vertex   -2.728896e+01 -1.246245e+01 3.200000e+00
      vertex   -2.810849e+01 -1.048393e+01 3.200000e+00
    endloop
  endfacet
  facet normal 0.000000e+00 -0.000000e+00 1.000000e+00
    outer loop
      vertex   -3.247459e+01 -1.305378e+01 3.200000e+00
      vertex   -2.810849e+01 -1.048393e+01 3.200000e+00
      vertex   -3.326653e+01 -1.087831e+01 3.200000e+00
    endloop
  endfacet
  facet normal 0.000000e+00 0.000000e+00 1.000000e+00
    outer loop
      vertex   -3.326653e+01 -1.087831e+01 3.200000e+00
      vertex   -2.810849e+01 -1.048393e+01 3.200000e+00
      vertex   -2.878479e+01 -8.451977e+00 3.200000e+00
    endloop
  endfacet
  facet normal 0.000000e+00 -0.000000e+00 1.000000e+00
    outer loop
      vertex   -3.326653e+01 -1.087831e+01 3.200000e+00
      vertex   -2.878479e+01 -8.451977e+00 3.200000e+00
      vertex   -3.391293e+01 -8.655249e+00 3.200000e+00
    endloop
  endfacet
  facet normal 0.000000e+00 0.000000e+00 1.000000e+00
    outer loop
      vertex   -3.391293e+01 -8.655249e+00 3.200000e+00
      vertex   -2.878479e+01 -8.451977e+00 3.200000e+00
      vertex   -2.931441e+01 -6.376959e+00 3.200000e+00
    endloop
  endfacet
  facet normal 0.000000e+00 -0.000000e+00 1.000000e+00
    outer loop
      vertex   -3.391293e+01 -8.655249e+00 3.200000e+00
      vertex   -2.931441e+01 -6.376959e+00 3.200000e+00
      vertex   -3.441094e+01 -6.394316e+00 3.200000e+00
    endloop
  endfacet
  facet normal 0.000000e+00 0.000000e+00 1.000000e+00
    outer loop
      vertex   -3.441094e+01 -6.394316e+00 3.200000e+00
      vertex   -2.931441e+01 -6.376959e+00 3.200000e+00
      vertex   -2.969464e+01 -4.269445e+00 3.200000e+00
    endloop
  endfacet
  facet normal 0.000000e+00 -0.000000e+00 1.000000e+00
    outer loop
      vertex   -3.441094e+01 -6.394316e+00 3.200000e+00
      vertex   -2.969464e+01 -4.269445e+00 3.200000e+00
      vertex   -3.475839e+01 -4.105405e+00 3.200000e+00
    endloop
  endfacet
  facet normal -0.000000e+00 0.000000e+00 1.000000e+00
    outer loop
      vertex   -3.475839e+01 -4.105405e+00 3.200000e+00
      vertex   -2.969464e+01 -4.269445e+00 3.200000e+00
      vertex   -2.992356e+01 -2.140175e+00 3.200000e+00
    endloop
  endfacet
  facet normal 0.000000e+00 -0.000000e+00 1.000000e+00
    outer loop
      vertex   -3.475839e+01 -4.105405e+00 3.200000e+00
      vertex   -2.992356e+01 -2.140175e+00 3.200000e+00
      vertex   -3.495376e+01 -1.798532e+00 3.200000e+00
    endloop
  endfacet
  facet normal -0.000000e+00 0.000000e+00 1.000000e+00
    outer loop
      vertex   -3.495376e+01 -1.798532e+00 3.200000e+00
      vertex   -2.992356e+01 -2.140175e+00 3.200000e+00
      vertex   -3.000000e+01 0.000000e+00 3.200000e+00
    endloop
  endfacet
  facet normal 0.000000e+00 -0.000000e+00 1.000000e+00
    outer loop
      vertex   -3.495376e+01 -1.798532e+00 3.200000e+00
      vertex   -3.000000e+01 0.000000e+00 3.200000e+00
      vertex   -3.499619e+01 5.162111e-01 3.200000e+00
    endloop
  endfacet
  facet normal -0.000000e+00 0.000000e+00 1.000000e+00
    outer loop
      vertex   -3.499619e+01 5.162111e-01 3.200000e+00
      vertex   -3.000000e+01 0.000000e+00 3.200000e+00
      vertex   -2.992356e+01 2.140175e+00 3.200000e+00
    endloop
  endfacet
  facet normal 0.000000e+00 0.000000e+00 1.000000e+00
    outer loop
      vertex   -3.499619e+01 5.162111e-01 3.200000e+00
      vertex   -2.992356e+01 2.140175e+00 3.200000e+00
      vertex   -3.488551e+01 2.828695e+00 3.200000e+00
    endloop
  endfacet
  facet normal -0.000000e+00 0.000000e+00 1.000000e+00
    outer loop
      vertex   -3.488551e+01 2.828695e+00 3.200000e+00
      vertex   -2.992356e+01 2.140175e+00 3.200000e+00
      vertex   -2.969464e+01 4.269445e+00 3.200000e+00
    endloop
  endfacet
  facet normal 0.000000e+00 0.000000e+00 1.000000e+00
    outer loop
      vertex   -3.488551e+01 2.828695e+00 3.200000e+00
      vertex   -2.969464e+01 4.269445e+00 3.200000e+00
      vertex   -3.462218e+01 5.128803e+00 3.200000e+00
    endloop
  endfacet
  facet normal -0.000000e+00 0.000000e+00 1.000000e+00
    outer loop
      vertex   -3.462218e+01 5.128803e+00 3.200000e+00
      vertex   -2.969464e+01 4.269445e+00 3.200000e+00
      vertex   -2.931441e+01 6.376959e+00 3.200000e+00
    endloop
  endfacet
  facet normal 0.000000e+00 0.000000e+00 1.000000e+00
    outer loop
      vertex   -3.462218e+01 5.128803e+00 3.200000e+00
      vertex   -2.931441e+01 6.376959e+00 3.200000e+00
      vertex   -3.420737e+01 7.406470e+00 3.200000e+00
    endloop
  endfacet
  facet normal -0.000000e+00 0.000000e+00 1.000000e+00
    outer loop
      vertex   -3.420737e+01 7.406470e+00 3.200000e+00
      vertex   -2.931441e+01 6.376959e+00 3.200000e+00
      vertex   -3.364289e+01 9.651731e+00 3.200000e+00
    endloop
  endfacet
  facet normal 0.000000e+00 0.000000e+00 1.000000e+00
    outer loop
      vertex   -3.364289e+01 9.651731e+00 3.200000e+00
      vertex   -2.931441e+01 6.376959e+00 3.200000e+00
      vertex   -2.878479e+01 8.451977e+00 3.200000e+00
    endloop
  endfacet
  facet normal -0.000000e+00 0.000000e+00 1.000000e+00
    outer loop
      vertex   -3.364289e+01 9.651731e+00 3.200000e+00
      vertex   -2.878479e+01 8.451977e+00 3.200000e+00
      vertex   -3.293121e+01 1.185476e+01 3.200000e+00
    endloop
  endfacet
  facet normal 0.000000e+00 0.000000e+00 1.000000e+00
    outer loop
      vertex   -3.293121e+01 1.185476e+01 3.200000e+00
      vertex   -2.878479e+01 8.451977e+00 3.200000e+00
      vertex   -2.810849e+01 1.048393e+01 3.200000e+00
    endloop
  endfacet
  facet normal -0.000000e+00 0.000000e+00 1.000000e+00
    outer loop
      vertex   -3.293121e+01 1.185476e+01 3.200000e+00
      vertex   -2.810849e+01 1.048393e+01 3.200000e+00
      vertex   -3.207544e+01 1.400592e+01 3.200000e+00
    endloop
  endfacet
  facet normal 0.000000e+00 0.000000e+00 1.000000e+00
    outer loop
      vertex   -3.207544e+01 1.400592e+01 3.200000e+00
      vertex   -2.810849e+01 1.048393e+01 3.200000e+00
      vertex   -2.728896e+01 1.246245e+01 3.200000e+00
    endloop
  endfacet
  facet normal -0.000000e+00 0.000000e+00 1.000000e+00
    outer loop
      vertex   -3.207544e+01 1.400592e+01 3.200000e+00
      vertex   -2.728896e+01 1.246245e+01 3.200000e+00
      vertex   -3.107934e+01 1.609580e+01 3.200000e+00
    endloop
  endfacet
  facet normal 0.000000e+00 0.000000e+00 1.000000e+00
    outer loop
      vertex   -3.107934e+01 1.609580e+01 3.200000e+00
      vertex   -2.728896e+01 1.246245e+01 3.200000e+00
      vertex   -2.633037e+01 1.437747e+01 3.200000e+00
    endloop
  endfacet
  facet normal -0.000000e+00 0.000000e+00 1.000000e+00
    outer loop
      vertex   -3.107934e+01 1.609580e+01 3.200000e+00
      vertex   -2.633037e+01 1.437747e+01 3.200000e+00
      vertex   -2.994724e+01 1.811526e+01 3.200000e+00
    endloop
  endfacet
  facet normal 0.000000e+00 0.000000e+00 1.000000e+00
    outer loop
      vertex   -2.994724e+01 1.811526e+01 3.200000e+00
      vertex   -2.633037e+01 1.437747e+01 3.200000e+00
      vertex   -2.523761e+01 1.621922e+01 3.200000e+00
    endloop
  endfacet
  facet normal -0.000000e+00 0.000000e+00 1.000000e+00
    outer loop
      vertex   -2.994724e+01 1.811526e+01 3.200000e+00
      vertex   -2.523761e+01 1.621922e+01 3.200000e+00
      vertex   -2.868412e+01 2.005545e+01 3.200000e+00
    endloop
  endfacet
  facet normal 0.000000e+00 0.000000e+00 1.000000e+00
    outer loop
      vertex   -2.868412e+01 2.005545e+01 3.200000e+00
      vertex   -2.523761e+01 1.621922e+01 3.200000e+00
      vertex   -2.401624e+01 1.797833e+01 3.200000e+00
    endloop
  endfacet
  facet normal -0.000000e+00 0.000000e+00 1.000000e+00
    outer loop
      vertex   -2.868412e+01 2.005545e+01 3.200000e+00
      vertex   -2.401624e+01 1.797833e+01 3.200000e+00
      vertex   -2.729549e+01 2.190790e+01 3.200000e+00
    endloop
  endfacet
  facet normal 0.000000e+00 0.000000e+00 1.000000e+00
    outer loop
      vertex   -2.729549e+01 2.190790e+01 3.200000e+00
      vertex   -2.401624e+01 1.797833e+01 3.200000e+00
      vertex   -2.267249e+01 1.964582e+01 3.200000e+00
    endloop
  endfacet
  facet normal -0.000000e+00 0.000000e+00 1.000000e+00
    outer loop
      vertex   -2.729549e+01 2.190790e+01 3.200000e+00
      vertex   -2.267249e+01 1.964582e+01 3.200000e+00
      vertex   -2.578744e+01 2.366449e+01 3.200000e+00
    endloop
  endfacet
  facet normal 0.000000e+00 0.000000e+00 1.000000e+00
    outer loop
      vertex   -2.578744e+01 2.366449e+01 3.200000e+00
      vertex   -2.267249e+01 1.964582e+01 3.200000e+00
      vertex   -2.121320e+01 2.121320e+01 3.200000e+00
    endloop
  endfacet
  facet normal -0.000000e+00 0.000000e+00 1.000000e+00
    outer loop
      vertex   -2.578744e+01 2.366449e+01 3.200000e+00
      vertex   -2.121320e+01 2.121320e+01 3.200000e+00
      vertex   -2.416655e+01 2.531754e+01 3.200000e+00
    endloop
  endfacet
  facet normal 0.000000e+00 0.000000e+00 1.000000e+00
    outer loop
      vertex   -2.416655e+01 2.531754e+01 3.200000e+00
      vertex   -2.121320e+01 2.121320e+01 3.200000e+00
      vertex   -1.964582e+01 2.267249e+01 3.200000e+00
    endloop
  endfacet
  facet normal -0.000000e+00 0.000000e+00 1.000000e+00
    outer loop
      vertex   -2.416655e+01 2.531754e+01 3.200000e+00
      vertex   -1.964582e+01 2.267249e+01 3.200000e+00
      vertex   -2.243993e+01 2.685981e+01 3.200000e+00
    endloop
  endfacet
  facet normal 0.000000e+00 0.000000e+00 1.000000e+00
    outer loop
      vertex   -2.243993e+01 2.685981e+01 3.200000e+00
      vertex   -1.964582e+01 2.267249e+01 3.200000e+00
      vertex   -1.797833e+01 2.401624e+01 3.200000e+00
    endloop
  endfacet
  facet normal -0.000000e+00 0.000000e+00 1.000000e+00
    outer loop
      vertex   -2.243993e+01 2.685981e+01 3.200000e+00
      vertex   -1.797833e+01 2.401624e+01 3.200000e+00
      vertex   -2.061513e+01 2.828456e+01 3.200000e+00
    endloop
  endfacet
  facet normal 0.000000e+00 0.000000e+00 1.000000e+00
    outer loop
      vertex   -2.061513e+01 2.828456e+01 3.200000e+00
      vertex   -1.797833e+01 2.401624e+01 3.200000e+00
      vertex   -1.621922e+01 2.523761e+01 3.200000e+00
    endloop
  endfacet
  facet normal -0.000000e+00 0.000000e+00 1.000000e+00
    outer loop
      vertex   -2.061513e+01 2.828456e+01 3.200000e+00
      vertex   -1.621922e+01 2.523761e+01 3.200000e+00
      vertex   -1.870012e+01 2.958556e+01 3.200000e+00
    endloop
  endfacet
  facet normal 0.000000e+00 0.000000e+00 1.000000e+00
    outer loop
      vertex   -1.870012e+01 2.958556e+01 3.200000e+00
      vertex   -1.621922e+01 2.523761e+01 3.200000e+00
      vertex   -1.437747e+01 2.633037e+01 3.200000e+00
    endloop
  endfacet
  facet normal -0.000000e+00 0.000000e+00 1.000000e+00
    outer loop
      vertex   -1.870012e+01 2.958556e+01 3.200000e+00
      vertex   -1.437747e+01 2.633037e+01 3.200000e+00
      vertex   -1.670330e+01 3.075711e+01 3.200000e+00
    endloop
  endfacet
  facet normal -0.000000e+00 0.000000e+00 1.000000e+00
    outer loop
      vertex   -1.670330e+01 3.075711e+01 3.200000e+00
      vertex   -1.437747e+01 2.633037e+01 3.200000e+00
      vertex   -1.463339e+01 3.179409e+01 3.200000e+00
    endloop
  endfacet
  facet normal 0.000000e+00 0.000000e+00 1.000000e+00
    outer loop
      vertex   -1.463339e+01 3.179409e+01 3.200000e+00
      vertex   -1.437747e+01 2.633037e+01 3.200000e+00
      vertex   -1.246245e+01 2.728896e+01 3.200000e+00
    endloop
  endfacet
  facet normal -0.000000e+00 0.000000e+00 1.000000e+00
    outer loop
      vertex   -1.463339e+01 3.179409e+01 3.200000e+00
      vertex   -1.246245e+01 2.728896e+01 3.200000e+00
      vertex   -1.249946e+01 3.269195e+01 3.200000e+00
    endloop
  endfacet
  facet normal 0.000000e+00 0.000000e+00 1.000000e+00
    outer loop
      vertex   -1.249946e+01 3.269195e+01 3.200000e+00
      vertex   -1.246245e+01 2.728896e+01 3.200000e+00
      vertex   -1.048393e+01 2.810849e+01 3.200000e+00
    endloop
  endfacet
  facet normal -0.000000e+00 0.000000e+00 1.000000e+00
    outer loop
      vertex   -1.249946e+01 3.269195e+01 3.200000e+00
      vertex   -1.048393e+01 2.810849e+01 3.200000e+00
      vertex   -1.031083e+01 3.344677e+01 3.200000e+00
    endloop
  endfacet
  facet normal 0.000000e+00 0.000000e+00 1.000000e+00
    outer loop
      vertex   -1.031083e+01 3.344677e+01 3.200000e+00
      vertex   -1.048393e+01 2.810849e+01 3.200000e+00
      vertex   -8.451977e+00 2.878479e+01 3.200000e+00
    endloop
  endfacet
  facet normal -0.000000e+00 0.000000e+00 1.000000e+00
    outer loop
      vertex   -1.031083e+01 3.344677e+01 3.200000e+00
      vertex   -8.451977e+00 2.878479e+01 3.200000e+00
      vertex   -8.077096e+00 3.405526e+01 3.200000e+00
    endloop
  endfacet
  facet normal 0.000000e+00 0.000000e+00 1.000000e+00
    outer loop
      vertex   -8.077096e+00 3.405526e+01 3.200000e+00
      vertex   -8.451977e+00 2.878479e+01 3.200000e+00
      vertex   -6.376959e+00 2.931441e+01 3.200000e+00
    endloop
  endfacet
  facet normal 0.000000e+00 0.000000e+00 1.000000e+00
    outer loop
      vertex   -8.077096e+00 3.405526e+01 3.200000e+00
      vertex   -6.376959e+00 2.931441e+01 3.200000e+00
      vertex   -4.269445e+00 2.969464e+01 3.200000e+00
    endloop
  endfacet
  facet normal 0.000000e+00 -0.000000e+00 1.000000e+00
    outer loop
      vertex   -4.269445e+00 2.969464e+01 3.200000e+00
      vertex   -2.140175e+00 2.992356e+01 3.200000e+00
      vertex   -8.077096e+00 3.405526e+01 3.200000e+00
    endloop
  endfacet
  facet normal -0.000000e+00 0.000000e+00 1.000000e+00
    outer loop
      vertex   -8.077096e+00 3.405526e+01 3.200000e+00
      vertex   -2.140175e+00 2.992356e+01 3.200000e+00
      vertex   -8.077096e+00 4.019652e+01 3.200000e+00
    endloop
  endfacet
  facet normal -0.000000e+00 0.000000e+00 1.000000e+00
    outer loop
      vertex   -8.077096e+00 4.019652e+01 3.200000e+00
      vertex   -2.140175e+00 2.992356e+01 3.200000e+00
      vertex   -4.494724e+00 4.276444e+01 3.200000e+00
    endloop
  endfacet
  facet normal 0.000000e+00 0.000000e+00 1.000000e+00
    outer loop
      vertex   -8.077096e+00 4.019652e+01 3.200000e+00
      vertex   -4.494724e+00 4.276444e+01 3.200000e+00
      vertex   -7.044170e+00 4.241910e+01 3.200000e+00
    endloop
  endfacet
  facet normal -0.000000e+00 0.000000e+00 1.000000e+00
    outer loop
      vertex   -4.494724e+00 4.276444e+01 3.200000e+00
      vertex   -2.140175e+00 2.992356e+01 3.200000e+00
      vertex   -1.929188e+00 4.295670e+01 3.200000e+00
    endloop
  endfacet
  facet normal 0.000000e+00 0.000000e+00 1.000000e+00
    outer loop
      vertex   -1.929188e+00 4.295670e+01 3.200000e+00
      vertex   -2.140175e+00 2.992356e+01 3.200000e+00
      vertex   -1.836970e-15 3.000000e+01 3.200000e+00
    endloop
  endfacet
  facet normal -0.000000e+00 0.000000e+00 1.000000e+00
    outer loop
      vertex   -1.929188e+00 4.295670e+01 3.200000e+00
      vertex   -1.836970e-15 3.000000e+01 3.200000e+00
      vertex   6.432545e-01 4.299519e+01 3.200000e+00
    endloop
  endfacet
  facet normal 0.000000e+00 0.000000e+00 1.000000e+00
    outer loop
      vertex   6.432545e-01 4.299519e+01 3.200000e+00
      vertex   -1.836970e-15 3.000000e+01 3.200000e+00
      vertex   2.140175e+00 2.992356e+01 3.200000e+00
    endloop
  endfacet
  facet normal 0.000000e+00 0.000000e+00 1.000000e+00
    outer loop
      vertex   6.432545e-01 4.299519e+01 3.200000e+00
      vertex   2.140175e+00 2.992356e+01 3.200000e+00
      vertex   3.213394e+00 4.287976e+01 3.200000e+00
    endloop
  endfacet
  facet normal 0.000000e+00 0.000000e+00 1.000000e+00
    outer loop
      vertex   3.213394e+00 4.287976e+01 3.200000e+00
      vertex   2.140175e+00 2.992356e+01 3.200000e+00
      vertex   7.922904e+00 3.409146e+01 3.200000e+00
    endloop
  endfacet
  facet normal 0.000000e+00 0.000000e+00 1.000000e+00
    outer loop
      vertex   3.213394e+00 4.287976e+01 3.200000e+00
      vertex   7.922904e+00 3.409146e+01 3.200000e+00
      vertex   7.922904e+00 4.022720e+01 3.200000e+00
    endloop
  endfacet
  facet normal -0.000000e+00 0.000000e+00 1.000000e+00
    outer loop
      vertex   2.140175e+00 2.992356e+01 3.200000e+00
      vertex   4.269445e+00 2.969464e+01 3.200000e+00
      vertex   7.922904e+00 3.409146e+01 3.200000e+00
    endloop
  endfacet
  facet normal 0.000000e+00 0.000000e+00 1.000000e+00
    outer loop
      vertex   7.922904e+00 3.409146e+01 3.200000e+00
      vertex   4.269445e+00 2.969464e+01 3.200000e+00
      vertex   6.376959e+00 2.931441e+01 3.200000e+00
    endloop
  endfacet
  facet normal 0.000000e+00 0.000000e+00 1.000000e+00
    outer loop
      vertex   7.922904e+00 3.409146e+01 3.200000e+00
      vertex   6.376959e+00 2.931441e+01 3.200000e+00
      vertex   8.451977e+00 2.878479e+01 3.200000e+00
    endloop
  endfacet
  facet normal 0.000000e+00 0.000000e+00 1.000000e+00
    outer loop
      vertex   7.922904e+00 3.409146e+01 3.200000e+00
      vertex   8.451977e+00 2.878479e+01 3.200000e+00
      vertex   1.015937e+01 3.349309e+01 3.200000e+00
    endloop
  endfacet
  facet normal 0.000000e+00 0.000000e+00 1.000000e+00
    outer loop
      vertex   1.015937e+01 3.349309e+01 3.200000e+00
      vertex   8.451977e+00 2.878479e+01 3.200000e+00
      vertex   1.048393e+01 2.810849e+01 3.200000e+00
    endloop
  endfacet
  facet normal 0.000000e+00 0.000000e+00 1.000000e+00
    outer loop
      vertex   1.015937e+01 3.349309e+01 3.200000e+00
      vertex   1.048393e+01 2.810849e+01 3.200000e+00
      vertex   1.235139e+01 3.274818e+01 3.200000e+00
    endloop
  endfacet
  facet normal 0.000000e+00 0.000000e+00 1.000000e+00
    outer loop
      vertex   1.235139e+01 3.274818e+01 3.200000e+00
      vertex   1.048393e+01 2.810849e+01 3.200000e+00
      vertex   1.246245e+01 2.728896e+01 3.200000e+00
    endloop
  endfacet
  facet normal 0.000000e+00 0.000000e+00 1.000000e+00
    outer loop
      vertex   1.235139e+01 3.274818e+01 3.200000e+00
      vertex   1.246245e+01 2.728896e+01 3.200000e+00
      vertex   1.448936e+01 3.185998e+01 3.200000e+00
    endloop
  endfacet
  facet normal 0.000000e+00 0.000000e+00 1.000000e+00
    outer loop
      vertex   1.448936e+01 3.185998e+01 3.200000e+00
      vertex   1.246245e+01 2.728896e+01 3.200000e+00
      vertex   1.656394e+01 3.083238e+01 3.200000e+00
    endloop
  endfacet
  facet normal 0.000000e+00 0.000000e+00 1.000000e+00
    outer loop
      vertex   1.656394e+01 3.083238e+01 3.200000e+00
      vertex   1.246245e+01 2.728896e+01 3.200000e+00
      vertex   1.437747e+01 2.633037e+01 3.200000e+00
    endloop
  endfacet
  facet normal 0.000000e+00 0.000000e+00 1.000000e+00
    outer loop
      vertex   1.656394e+01 3.083238e+01 3.200000e+00
      vertex   1.437747e+01 2.633037e+01 3.200000e+00
      vertex   1.856605e+01 2.966988e+01 3.200000e+00
    endloop
  endfacet
  facet normal 0.000000e+00 0.000000e+00 1.000000e+00
    outer loop
      vertex   1.856605e+01 2.966988e+01 3.200000e+00
      vertex   1.437747e+01 2.633037e+01 3.200000e+00
      vertex   1.621922e+01 2.523761e+01 3.200000e+00
    endloop
  endfacet
  facet normal 0.000000e+00 0.000000e+00 1.000000e+00
    outer loop
      vertex   1.856605e+01 2.966988e+01 3.200000e+00
      vertex   1.621922e+01 2.523761e+01 3.200000e+00
      vertex   2.048692e+01 2.837756e+01 3.200000e+00
    endloop
  endfacet
  facet normal 0.000000e+00 0.000000e+00 1.000000e+00
    outer loop
      vertex   2.048692e+01 2.837756e+01 3.200000e+00
      vertex   1.621922e+01 2.523761e+01 3.200000e+00
      vertex   1.797833e+01 2.401624e+01 3.200000e+00
    endloop
  endfacet
  facet normal 0.000000e+00 0.000000e+00 1.000000e+00
    outer loop
      vertex   2.048692e+01 2.837756e+01 3.200000e+00
      vertex   1.797833e+01 2.401624e+01 3.200000e+00
      vertex   2.231815e+01 2.696108e+01 3.200000e+00
    endloop
  endfacet
  facet normal 0.000000e+00 0.000000e+00 1.000000e+00
    outer loop
      vertex   2.231815e+01 2.696108e+01 3.200000e+00
      vertex   1.797833e+01 2.401624e+01 3.200000e+00
      vertex   1.964582e+01 2.267249e+01 3.200000e+00
    endloop
  endfacet
  facet normal 0.000000e+00 0.000000e+00 1.000000e+00
    outer loop
      vertex   2.231815e+01 2.696108e+01 3.200000e+00
      vertex   1.964582e+01 2.267249e+01 3.200000e+00
      vertex   2.405174e+01 2.542664e+01 3.200000e+00
    endloop
  endfacet
  facet normal 0.000000e+00 0.000000e+00 1.000000e+00
    outer loop
      vertex   2.405174e+01 2.542664e+01 3.200000e+00
      vertex   1.964582e+01 2.267249e+01 3.200000e+00
      vertex   2.121320e+01 2.121320e+01 3.200000e+00
    endloop
  endfacet
  facet normal 0.000000e+00 0.000000e+00 1.000000e+00
    outer loop
      vertex   2.405174e+01 2.542664e+01 3.200000e+00
      vertex   2.121320e+01 2.121320e+01 3.200000e+00
      vertex   2.568009e+01 2.378094e+01 3.200000e+00
    endloop
  endfacet
  facet normal 0.000000e+00 0.000000e+00 1.000000e+00
    outer loop
      vertex   2.568009e+01 2.378094e+01 3.200000e+00
      vertex   2.121320e+01 2.121320e+01 3.200000e+00
      vertex   2.267249e+01 1.964582e+01 3.200000e+00
    endloop
  endfacet
  facet normal 0.000000e+00 0.000000e+00 1.000000e+00
    outer loop
      vertex   2.568009e+01 2.378094e+01 3.200000e+00
      vertex   2.267249e+01 1.964582e+01 3.200000e+00
      vertex   2.719607e+01 2.203119e+01 3.200000e+00
    endloop
  endfacet
  facet normal 0.000000e+00 0.000000e+00 1.000000e+00
    outer loop
      vertex   2.719607e+01 2.203119e+01 3.200000e+00
      vertex   2.267249e+01 1.964582e+01 3.200000e+00
      vertex   2.401624e+01 1.797833e+01 3.200000e+00
    endloop
  endfacet
  facet normal 0.000000e+00 0.000000e+00 1.000000e+00
    outer loop
      vertex   2.719607e+01 2.203119e+01 3.200000e+00
      vertex   2.401624e+01 1.797833e+01 3.200000e+00
      vertex   2.859307e+01 2.018505e+01 3.200000e+00
    endloop
  endfacet
  facet normal 0.000000e+00 0.000000e+00 1.000000e+00
    outer loop
      vertex   2.859307e+01 2.018505e+01 3.200000e+00
      vertex   2.401624e+01 1.797833e+01 3.200000e+00
      vertex   2.523761e+01 1.621922e+01 3.200000e+00
    endloop
  endfacet
  facet normal 0.000000e+00 0.000000e+00 1.000000e+00
    outer loop
      vertex   2.859307e+01 2.018505e+01 3.200000e+00
      vertex   2.523761e+01 1.621922e+01 3.200000e+00
      vertex   2.986496e+01 1.825059e+01 3.200000e+00
    endloop
  endfacet
  facet normal 0.000000e+00 0.000000e+00 1.000000e+00
    outer loop
      vertex   2.986496e+01 1.825059e+01 3.200000e+00
      vertex   2.523761e+01 1.621922e+01 3.200000e+00
      vertex   2.633037e+01 1.437747e+01 3.200000e+00
    endloop
  endfacet
  facet normal 0.000000e+00 0.000000e+00 1.000000e+00
    outer loop
      vertex   2.986496e+01 1.825059e+01 3.200000e+00
      vertex   2.633037e+01 1.437747e+01 3.200000e+00
      vertex   3.100618e+01 1.623628e+01 3.200000e+00
    endloop
  endfacet
  facet normal 0.000000e+00 0.000000e+00 1.000000e+00
    outer loop
      vertex   3.100618e+01 1.623628e+01 3.200000e+00
      vertex   2.633037e+01 1.437747e+01 3.200000e+00
      vertex   2.728896e+01 1.246245e+01 3.200000e+00
    endloop
  endfacet
  facet normal 0.000000e+00 0.000000e+00 1.000000e+00
    outer loop
      vertex   3.100618e+01 1.623628e+01 3.200000e+00
      vertex   2.728896e+01 1.246245e+01 3.200000e+00
      vertex   3.201174e+01 1.415093e+01 3.200000e+00
    endloop
  endfacet
  facet normal 0.000000e+00 0.000000e+00 1.000000e+00
    outer loop
      vertex   3.201174e+01 1.415093e+01 3.200000e+00
      vertex   2.728896e+01 1.246245e+01 3.200000e+00
      vertex   2.810849e+01 1.048393e+01 3.200000e+00
    endloop
  endfacet
  facet normal 0.000000e+00 0.000000e+00 1.000000e+00
    outer loop
      vertex   3.201174e+01 1.415093e+01 3.200000e+00
      vertex   2.810849e+01 1.048393e+01 3.200000e+00
      vertex   3.287723e+01 1.200366e+01 3.200000e+00
    endloop
  endfacet
  facet normal 0.000000e+00 0.000000e+00 1.000000e+00
    outer loop
      vertex   3.287723e+01 1.200366e+01 3.200000e+00
      vertex   2.810849e+01 1.048393e+01 3.200000e+00
      vertex   2.878479e+01 8.451977e+00 3.200000e+00
    endloop
  endfacet
  facet normal 0.000000e+00 -0.000000e+00 1.000000e+00
    outer loop
      vertex   1.037473e+01 3.966567e+01 3.200000e+00
      vertex   1.081823e+01 4.161689e+01 3.200000e+00
      vertex   7.922904e+00 4.022720e+01 3.200000e+00
    endloop
  endfacet
  facet normal 0.000000e+00 0.000000e+00 1.000000e+00
    outer loop
      vertex   7.922904e+00 4.022720e+01 3.200000e+00
      vertex   1.081823e+01 4.161689e+01 3.200000e+00
      vertex   8.310004e+00 4.218938e+01 3.200000e+00
    endloop
  endfacet
  facet normal 0.000000e+00 -0.000000e+00 1.000000e+00
    outer loop
      vertex   7.922904e+00 4.022720e+01 3.200000e+00
      vertex   8.310004e+00 4.218938e+01 3.200000e+00
      vertex   5.772030e+00 4.261084e+01 3.200000e+00
    endloop
  endfacet
  facet normal 0.000000e+00 0.000000e+00 1.000000e+00
    outer loop
      vertex   1.081823e+01 4.161689e+01 3.200000e+00
      vertex   1.037473e+01 3.966567e+01 3.200000e+00
      vertex   1.328773e+01 4.089543e+01 3.200000e+00
    endloop
  endfacet
  facet normal 0.000000e+00 0.000000e+00 1.000000e+00
    outer loop
      vertex   1.328773e+01 4.089543e+01 3.200000e+00
      vertex   1.037473e+01 3.966567e+01 3.200000e+00
      vertex   1.278751e+01 3.895484e+01 3.200000e+00
    endloop
  endfacet
  facet normal 0.000000e+00 0.000000e+00 1.000000e+00
    outer loop
      vertex   1.328773e+01 4.089543e+01 3.200000e+00
      vertex   1.278751e+01 3.895484e+01 3.200000e+00
      vertex   1.570966e+01 4.002757e+01 3.200000e+00
    endloop
  endfacet
  facet normal 0.000000e+00 0.000000e+00 1.000000e+00
    outer loop
      vertex   1.570966e+01 4.002757e+01 3.200000e+00
      vertex   1.278751e+01 3.895484e+01 3.200000e+00
      vertex   1.515216e+01 3.809740e+01 3.200000e+00
    endloop
  endfacet
  facet normal 0.000000e+00 0.000000e+00 1.000000e+00
    outer loop
      vertex   1.570966e+01 4.002757e+01 3.200000e+00
      vertex   1.515216e+01 3.809740e+01 3.200000e+00
      vertex   1.807536e+01 3.901642e+01 3.200000e+00
    endloop
  endfacet
  facet normal 0.000000e+00 0.000000e+00 1.000000e+00
    outer loop
      vertex   1.807536e+01 3.901642e+01 3.200000e+00
      vertex   1.515216e+01 3.809740e+01 3.200000e+00
      vertex   1.745978e+01 3.709658e+01 3.200000e+00
    endloop
  endfacet
  facet normal 0.000000e+00 0.000000e+00 1.000000e+00
    outer loop
      vertex   1.807536e+01 3.901642e+01 3.200000e+00
      vertex   1.745978e+01 3.709658e+01 3.200000e+00
      vertex   2.037635e+01 3.786561e+01 3.200000e+00
    endloop
  endfacet
  facet normal 0.000000e+00 0.000000e+00 1.000000e+00
    outer loop
      vertex   2.037635e+01 3.786561e+01 3.200000e+00
      vertex   1.745978e+01 3.709658e+01 3.200000e+00
      vertex   1.970168e+01 3.595614e+01 3.200000e+00
    endloop
  endfacet
  facet normal 0.000000e+00 0.000000e+00 1.000000e+00
    outer loop
      vertex   2.037635e+01 3.786561e+01 3.200000e+00
      vertex   1.970168e+01 3.595614e+01 3.200000e+00
      vertex   2.260440e+01 3.657924e+01 3.200000e+00
    endloop
  endfacet
  facet normal 0.000000e+00 0.000000e+00 1.000000e+00
    outer loop
      vertex   2.260440e+01 3.657924e+01 3.200000e+00
      vertex   1.970168e+01 3.595614e+01 3.200000e+00
      vertex   2.186944e+01 3.468036e+01 3.200000e+00
    endloop
  endfacet
  facet normal 0.000000e+00 0.000000e+00 1.000000e+00
    outer loop
      vertex   2.260440e+01 3.657924e+01 3.200000e+00
      vertex   2.186944e+01 3.468036e+01 3.200000e+00
      vertex   2.475153e+01 3.516193e+01 3.200000e+00
    endloop
  endfacet
  facet normal 0.000000e+00 0.000000e+00 1.000000e+00
    outer loop
      vertex   2.475153e+01 3.516193e+01 3.200000e+00
      vertex   2.186944e+01 3.468036e+01 3.200000e+00
      vertex   2.395489e+01 3.327406e+01 3.200000e+00
    endloop
  endfacet
  facet normal 0.000000e+00 0.000000e+00 1.000000e+00
    outer loop
      vertex   2.475153e+01 3.516193e+01 3.200000e+00
      vertex   2.395489e+01 3.327406e+01 3.200000e+00
      vertex   2.681006e+01 3.361875e+01 3.200000e+00
    endloop
  endfacet
  facet normal 0.000000e+00 0.000000e+00 1.000000e+00
    outer loop
      vertex   2.681006e+01 3.361875e+01 3.200000e+00
      vertex   2.395489e+01 3.327406e+01 3.200000e+00
      vertex   2.595018e+01 3.174253e+01 3.200000e+00
    endloop
  endfacet
  facet normal 0.000000e+00 0.000000e+00 1.000000e+00
    outer loop
      vertex   2.681006e+01 3.361875e+01 3.200000e+00
      vertex   2.595018e+01 3.174253e+01 3.200000e+00
      vertex   2.877262e+01 3.195523e+01 3.200000e+00
    endloop
  endfacet
  facet normal 0.000000e+00 0.000000e+00 1.000000e+00
    outer loop
      vertex   2.877262e+01 3.195523e+01 3.200000e+00
      vertex   2.595018e+01 3.174253e+01 3.200000e+00
      vertex   2.784780e+01 3.009153e+01 3.200000e+00
    endloop
  endfacet
  facet normal 0.000000e+00 0.000000e+00 1.000000e+00
    outer loop
      vertex   2.877262e+01 3.195523e+01 3.200000e+00
      vertex   2.784780e+01 3.009153e+01 3.200000e+00
      vertex   3.063217e+01 3.017731e+01 3.200000e+00
    endloop
  endfacet
  facet normal 0.000000e+00 0.000000e+00 1.000000e+00
    outer loop
      vertex   3.063217e+01 3.017731e+01 3.200000e+00
      vertex   2.784780e+01 3.009153e+01 3.200000e+00
      vertex   2.964060e+01 2.832728e+01 3.200000e+00
    endloop
  endfacet
  facet normal 0.000000e+00 0.000000e+00 1.000000e+00
    outer loop
      vertex   3.063217e+01 3.017731e+01 3.200000e+00
      vertex   2.964060e+01 2.832728e+01 3.200000e+00
      vertex   3.238207e+01 2.829137e+01 3.200000e+00
    endloop
  endfacet
  facet normal 0.000000e+00 0.000000e+00 1.000000e+00
    outer loop
      vertex   3.238207e+01 2.829137e+01 3.200000e+00
      vertex   2.964060e+01 2.832728e+01 3.200000e+00
      vertex   3.132186e+01 2.645640e+01 3.200000e+00
    endloop
  endfacet
  facet normal 0.000000e+00 0.000000e+00 1.000000e+00
    outer loop
      vertex   3.238207e+01 2.829137e+01 3.200000e+00
      vertex   3.132186e+01 2.645640e+01 3.200000e+00
      vertex   3.401605e+01 2.630414e+01 3.200000e+00
    endloop
  endfacet
  facet normal 0.000000e+00 0.000000e+00 1.000000e+00
    outer loop
      vertex   3.401605e+01 2.630414e+01 3.200000e+00
      vertex   3.132186e+01 2.645640e+01 3.200000e+00
      vertex   3.288522e+01 2.448596e+01 3.200000e+00
    endloop
  endfacet
  facet normal 0.000000e+00 0.000000e+00 1.000000e+00
    outer loop
      vertex   3.401605e+01 2.630414e+01 3.200000e+00
      vertex   3.288522e+01 2.448596e+01 3.200000e+00
      vertex   3.552827e+01 2.422276e+01 3.200000e+00
    endloop
  endfacet
  facet normal 0.000000e+00 0.000000e+00 1.000000e+00
    outer loop
      vertex   3.552827e+01 2.422276e+01 3.200000e+00
      vertex   3.288522e+01 2.448596e+01 3.200000e+00
      vertex   3.432482e+01 2.242336e+01 3.200000e+00
    endloop
  endfacet
  facet normal 0.000000e+00 0.000000e+00 1.000000e+00
    outer loop
      vertex   3.552827e+01 2.422276e+01 3.200000e+00
      vertex   3.432482e+01 2.242336e+01 3.200000e+00
      vertex   3.691330e+01 2.205467e+01 3.200000e+00
    endloop
  endfacet
  facet normal 0.000000e+00 0.000000e+00 1.000000e+00
    outer loop
      vertex   3.691330e+01 2.205467e+01 3.200000e+00
      vertex   3.432482e+01 2.242336e+01 3.200000e+00
      vertex   3.563522e+01 2.027636e+01 3.200000e+00
    endloop
  endfacet
  facet normal 0.000000e+00 0.000000e+00 1.000000e+00
    outer loop
      vertex   3.691330e+01 2.205467e+01 3.200000e+00
      vertex   3.563522e+01 2.027636e+01 3.200000e+00
      vertex   3.816619e+01 1.980763e+01 3.200000e+00
    endloop
  endfacet
  facet normal 0.000000e+00 0.000000e+00 1.000000e+00
    outer loop
      vertex   3.816619e+01 1.980763e+01 3.200000e+00
      vertex   3.563522e+01 2.027636e+01 3.200000e+00
      vertex   3.681151e+01 1.805305e+01 3.200000e+00
    endloop
  endfacet
  facet normal 0.000000e+00 0.000000e+00 1.000000e+00
    outer loop
      vertex   3.816619e+01 1.980763e+01 3.200000e+00
      vertex   3.681151e+01 1.805305e+01 3.200000e+00
      vertex   3.928245e+01 1.748968e+01 3.200000e+00
    endloop
  endfacet
  facet normal 0.000000e+00 0.000000e+00 1.000000e+00
    outer loop
      vertex   3.928245e+01 1.748968e+01 3.200000e+00
      vertex   3.681151e+01 1.805305e+01 3.200000e+00
      vertex   3.784925e+01 1.576179e+01 3.200000e+00
    endloop
  endfacet
  facet normal 0.000000e+00 0.000000e+00 1.000000e+00
    outer loop
      vertex   3.928245e+01 1.748968e+01 3.200000e+00
      vertex   3.784925e+01 1.576179e+01 3.200000e+00
      vertex   4.025810e+01 1.510912e+01 3.200000e+00
    endloop
  endfacet
  facet normal 0.000000e+00 0.000000e+00 1.000000e+00
    outer loop
      vertex   4.025810e+01 1.510912e+01 3.200000e+00
      vertex   3.784925e+01 1.576179e+01 3.200000e+00
      vertex   3.874454e+01 1.341121e+01 3.200000e+00
    endloop
  endfacet
  facet normal 0.000000e+00 0.000000e+00 1.000000e+00
    outer loop
      vertex   4.025810e+01 1.510912e+01 3.200000e+00
      vertex   3.874454e+01 1.341121e+01 3.200000e+00
      vertex   4.108963e+01 1.267447e+01 3.200000e+00
    endloop
  endfacet
  facet normal 0.000000e+00 0.000000e+00 1.000000e+00
    outer loop
      vertex   4.108963e+01 1.267447e+01 3.200000e+00
      vertex   3.874454e+01 1.341121e+01 3.200000e+00
      vertex   3.949401e+01 1.101016e+01 3.200000e+00
    endloop
  endfacet
  facet normal 0.000000e+00 0.000000e+00 1.000000e+00
    outer loop
      vertex   4.108963e+01 1.267447e+01 3.200000e+00
      vertex   3.949401e+01 1.101016e+01 3.200000e+00
      vertex   4.177407e+01 1.019446e+01 3.200000e+00
    endloop
  endfacet
  facet normal 0.000000e+00 0.000000e+00 1.000000e+00
    outer loop
      vertex   4.177407e+01 1.019446e+01 3.200000e+00
      vertex   3.949401e+01 1.101016e+01 3.200000e+00
      vertex   4.009483e+01 8.567663e+00 3.200000e+00
    endloop
  endfacet
  facet normal 0.000000e+00 0.000000e+00 1.000000e+00
    outer loop
      vertex   4.177407e+01 1.019446e+01 3.200000e+00
      vertex   4.009483e+01 8.567663e+00 3.200000e+00
      vertex   4.230897e+01 7.677946e+00 3.200000e+00
    endloop
  endfacet
  facet normal 0.000000e+00 0.000000e+00 1.000000e+00
    outer loop
      vertex   4.230897e+01 7.677946e+00 3.200000e+00
      vertex   4.009483e+01 8.567663e+00 3.200000e+00
      vertex   4.054474e+01 6.092923e+00 3.200000e+00
    endloop
  endfacet
  facet normal 0.000000e+00 0.000000e+00 1.000000e+00
    outer loop
      vertex   4.230897e+01 7.677946e+00 3.200000e+00
      vertex   4.054474e+01 6.092923e+00 3.200000e+00
      vertex   4.269242e+01 5.133952e+00 3.200000e+00
    endloop
  endfacet
  facet normal 0.000000e+00 0.000000e+00 1.000000e+00
    outer loop
      vertex   4.269242e+01 5.133952e+00 3.200000e+00
      vertex   4.054474e+01 6.092923e+00 3.200000e+00
      vertex   4.084206e+01 3.595251e+00 3.200000e+00
    endloop
  endfacet
  facet normal 0.000000e+00 0.000000e+00 1.000000e+00
    outer loop
      vertex   4.269242e+01 5.133952e+00 3.200000e+00
      vertex   4.084206e+01 3.595251e+00 3.200000e+00
      vertex   4.292304e+01 2.571579e+00 3.200000e+00
    endloop
  endfacet
  facet normal 0.000000e+00 0.000000e+00 1.000000e+00
    outer loop
      vertex   4.292304e+01 2.571579e+00 3.200000e+00
      vertex   4.084206e+01 3.595251e+00 3.200000e+00
      vertex   4.098567e+01 1.084047e+00 3.200000e+00
    endloop
  endfacet
  facet normal 0.000000e+00 0.000000e+00 1.000000e+00
    outer loop
      vertex   4.292304e+01 2.571579e+00 3.200000e+00
      vertex   4.098567e+01 1.084047e+00 3.200000e+00
      vertex   4.300000e+01 5.265981e-15 3.200000e+00
    endloop
  endfacet
  facet normal 0.000000e+00 0.000000e+00 1.000000e+00
    outer loop
      vertex   4.300000e+01 5.265981e-15 3.200000e+00
      vertex   4.098567e+01 1.084047e+00 3.200000e+00
      vertex   4.097501e+01 -1.431236e+00 3.200000e+00
    endloop
  endfacet
  facet normal 0.000000e+00 0.000000e+00 1.000000e+00
    outer loop
      vertex   4.300000e+01 5.265981e-15 3.200000e+00
      vertex   4.097501e+01 -1.431236e+00 3.200000e+00
      vertex   4.292304e+01 -2.571579e+00 3.200000e+00
    endloop
  endfacet
  facet normal 0.000000e+00 0.000000e+00 1.000000e+00
    outer loop
      vertex   4.292304e+01 -2.571579e+00 3.200000e+00
      vertex   4.097501e+01 -1.431236e+00 3.200000e+00
      vertex   4.081014e+01 -3.941133e+00 3.200000e+00
    endloop
  endfacet
  facet normal 0.000000e+00 0.000000e+00 1.000000e+00
    outer loop
      vertex   4.292304e+01 -2.571579e+00 3.200000e+00
      vertex   4.081014e+01 -3.941133e+00 3.200000e+00
      vertex   4.269242e+01 -5.133952e+00 3.200000e+00
    endloop
  endfacet
  facet normal 0.000000e+00 0.000000e+00 1.000000e+00
    outer loop
      vertex   4.269242e+01 -5.133952e+00 3.200000e+00
      vertex   4.081014e+01 -3.941133e+00 3.200000e+00
      vertex   4.049167e+01 -6.436196e+00 3.200000e+00
    endloop
  endfacet
  facet normal 0.000000e+00 0.000000e+00 1.000000e+00
    outer loop
      vertex   4.269242e+01 -5.133952e+00 3.200000e+00
      vertex   4.049167e+01 -6.436196e+00 3.200000e+00
      vertex   4.230897e+01 -7.677946e+00 3.200000e+00
    endloop
  endfacet
  facet normal 0.000000e+00 0.000000e+00 1.000000e+00
    outer loop
      vertex   4.230897e+01 -7.677946e+00 3.200000e+00
      vertex   4.049167e+01 -6.436196e+00 3.200000e+00
      vertex   4.002080e+01 -8.907036e+00 3.200000e+00
    endloop
  endfacet
  facet normal 0.000000e+00 0.000000e+00 1.000000e+00
    outer loop
      vertex   4.230897e+01 -7.677946e+00 3.200000e+00
      vertex   4.002080e+01 -8.907036e+00 3.200000e+00
      vertex   4.177407e+01 -1.019446e+01 3.200000e+00
    endloop
  endfacet
  facet normal 0.000000e+00 0.000000e+00 1.000000e+00
    outer loop
      vertex   4.177407e+01 -1.019446e+01 3.200000e+00
      vertex   4.002080e+01 -8.907036e+00 3.200000e+00
      vertex   3.939931e+01 -1.134435e+01 3.200000e+00
    endloop
  endfacet
  facet normal 0.000000e+00 0.000000e+00 1.000000e+00
    outer loop
      vertex   4.177407e+01 -1.019446e+01 3.200000e+00
      vertex   3.939931e+01 -1.134435e+01 3.200000e+00
      vertex   4.108963e+01 -1.267447e+01 3.200000e+00
    endloop
  endfacet
  facet normal 0.000000e+00 0.000000e+00 1.000000e+00
    outer loop
      vertex   4.108963e+01 -1.267447e+01 3.200000e+00
      vertex   3.939931e+01 -1.134435e+01 3.200000e+00
      vertex   3.862953e+01 -1.373897e+01 3.200000e+00
    endloop
  endfacet
  facet normal 0.000000e+00 0.000000e+00 1.000000e+00
    outer loop
      vertex   4.108963e+01 -1.267447e+01 3.200000e+00
      vertex   3.862953e+01 -1.373897e+01 3.200000e+00
      vertex   4.025810e+01 -1.510912e+01 3.200000e+00
    endloop
  endfacet
  facet normal 0.000000e+00 0.000000e+00 1.000000e+00
    outer loop
      vertex   4.025810e+01 -1.510912e+01 3.200000e+00
      vertex   3.862953e+01 -1.373897e+01 3.200000e+00
      vertex   3.771436e+01 -1.608188e+01 3.200000e+00
    endloop
  endfacet
  facet normal 0.000000e+00 0.000000e+00 1.000000e+00
    outer loop
      vertex   4.025810e+01 -1.510912e+01 3.200000e+00
      vertex   3.771436e+01 -1.608188e+01 3.200000e+00
      vertex   3.928245e+01 -1.748968e+01 3.200000e+00
    endloop
  endfacet
  facet normal 0.000000e+00 0.000000e+00 1.000000e+00
    outer loop
      vertex   3.928245e+01 -1.748968e+01 3.200000e+00
      vertex   3.771436e+01 -1.608188e+01 3.200000e+00
      vertex   3.665725e+01 -1.836427e+01 3.200000e+00
    endloop
  endfacet
  facet normal 0.000000e+00 0.000000e+00 1.000000e+00
    outer loop
      vertex   3.928245e+01 -1.748968e+01 3.200000e+00
      vertex   3.665725e+01 -1.836427e+01 3.200000e+00
      vertex   3.816619e+01 -1.980763e+01 3.200000e+00
    endloop
  endfacet
  facet normal 0.000000e+00 0.000000e+00 1.000000e+00
    outer loop
      vertex   3.816619e+01 -1.980763e+01 3.200000e+00
      vertex   3.665725e+01 -1.836427e+01 3.200000e+00
      vertex   3.546217e+01 -2.057753e+01 3.200000e+00
    endloop
  endfacet
  facet normal 0.000000e+00 0.000000e+00 1.000000e+00
    outer loop
      vertex   3.816619e+01 -1.980763e+01 3.200000e+00
      vertex   3.546217e+01 -2.057753e+01 3.200000e+00
      vertex   3.691330e+01 -2.205467e+01 3.200000e+00
    endloop
  endfacet
  facet normal 0.000000e+00 0.000000e+00 1.000000e+00
    outer loop
      vertex   3.691330e+01 -2.205467e+01 3.200000e+00
      vertex   3.546217e+01 -2.057753e+01 3.200000e+00
      vertex   3.413362e+01 -2.271335e+01 3.200000e+00
    endloop
  endfacet
  facet normal 0.000000e+00 0.000000e+00 1.000000e+00
    outer loop
      vertex   3.691330e+01 -2.205467e+01 3.200000e+00
      vertex   3.413362e+01 -2.271335e+01 3.200000e+00
      vertex   3.552827e+01 -2.422276e+01 3.200000e+00
    endloop
  endfacet
  facet normal 0.000000e+00 0.000000e+00 1.000000e+00
    outer loop
      vertex   3.552827e+01 -2.422276e+01 3.200000e+00
      vertex   3.413362e+01 -2.271335e+01 3.200000e+00
      vertex   3.267660e+01 -2.476368e+01 3.200000e+00
    endloop
  endfacet
  facet normal 0.000000e+00 0.000000e+00 1.000000e+00
    outer loop
      vertex   3.552827e+01 -2.422276e+01 3.200000e+00
      vertex   3.267660e+01 -2.476368e+01 3.200000e+00
      vertex   3.401605e+01 -2.630414e+01 3.200000e+00
    endloop
  endfacet
  facet normal 0.000000e+00 0.000000e+00 1.000000e+00
    outer loop
      vertex   3.401605e+01 -2.630414e+01 3.200000e+00
      vertex   3.267660e+01 -2.476368e+01 3.200000e+00
      vertex   3.109660e+01 -2.672081e+01 3.200000e+00
    endloop
  endfacet
  facet normal 0.000000e+00 0.000000e+00 1.000000e+00
    outer loop
      vertex   3.401605e+01 -2.630414e+01 3.200000e+00
      vertex   3.109660e+01 -2.672081e+01 3.200000e+00
      vertex   3.238207e+01 -2.829137e+01 3.200000e+00
    endloop
  endfacet
  facet normal 0.000000e+00 0.000000e+00 1.000000e+00
    outer loop
      vertex   3.238207e+01 -2.829137e+01 3.200000e+00
      vertex   3.109660e+01 -2.672081e+01 3.200000e+00
      vertex   2.939955e+01 -2.857737e+01 3.200000e+00
    endloop
  endfacet
  facet normal 0.000000e+00 0.000000e+00 1.000000e+00
    outer loop
      vertex   3.238207e+01 -2.829137e+01 3.200000e+00
      vertex   2.939955e+01 -2.857737e+01 3.200000e+00
      vertex   3.063217e+01 -3.017731e+01 3.200000e+00
    endloop
  endfacet
  facet normal 0.000000e+00 0.000000e+00 1.000000e+00
    outer loop
      vertex   3.063217e+01 -3.017731e+01 3.200000e+00
      vertex   2.939955e+01 -2.857737e+01 3.200000e+00
      vertex   2.759186e+01 -3.032638e+01 3.200000e+00
    endloop
  endfacet
  facet normal 0.000000e+00 0.000000e+00 1.000000e+00
    outer loop
      vertex   3.063217e+01 -3.017731e+01 3.200000e+00
      vertex   2.759186e+01 -3.032638e+01 3.200000e+00
      vertex   2.877262e+01 -3.195523e+01 3.200000e+00
    endloop
  endfacet
  facet normal 0.000000e+00 0.000000e+00 1.000000e+00
    outer loop
      vertex   2.877262e+01 -3.195523e+01 3.200000e+00
      vertex   2.759186e+01 -3.032638e+01 3.200000e+00
      vertex   2.568032e+01 -3.196124e+01 3.200000e+00
    endloop
  endfacet
  facet normal 0.000000e+00 0.000000e+00 1.000000e+00
    outer loop
      vertex   2.877262e+01 -3.195523e+01 3.200000e+00
      vertex   2.568032e+01 -3.196124e+01 3.200000e+00
      vertex   2.681006e+01 -3.361875e+01 3.200000e+00
    endloop
  endfacet
  facet normal 0.000000e+00 0.000000e+00 1.000000e+00
    outer loop
      vertex   2.681006e+01 -3.361875e+01 3.200000e+00
      vertex   2.568032e+01 -3.196124e+01 3.200000e+00
      vertex   2.367213e+01 -3.347581e+01 3.200000e+00
    endloop
  endfacet
  facet normal 0.000000e+00 0.000000e+00 1.000000e+00
    outer loop
      vertex   2.681006e+01 -3.361875e+01 3.200000e+00
      vertex   2.367213e+01 -3.347581e+01 3.200000e+00
      vertex   2.475153e+01 -3.516193e+01 3.200000e+00
    endloop
  endfacet
  facet normal 0.000000e+00 0.000000e+00 1.000000e+00
    outer loop
      vertex   2.475153e+01 -3.516193e+01 3.200000e+00
      vertex   2.367213e+01 -3.347581e+01 3.200000e+00
      vertex   2.157485e+01 -3.486439e+01 3.200000e+00
    endloop
  endfacet
  facet normal 0.000000e+00 0.000000e+00 1.000000e+00
    outer loop
      vertex   2.475153e+01 -3.516193e+01 3.200000e+00
      vertex   2.157485e+01 -3.486439e+01 3.200000e+00
      vertex   2.260440e+01 -3.657924e+01 3.200000e+00
    endloop
  endfacet
  facet normal 0.000000e+00 0.000000e+00 1.000000e+00
    outer loop
      vertex   2.260440e+01 -3.657924e+01 3.200000e+00
      vertex   2.157485e+01 -3.486439e+01 3.200000e+00
      vertex   2.037635e+01 -3.786561e+01 3.200000e+00
    endloop
  endfacet
  facet normal 0.000000e+00 -0.000000e+00 1.000000e+00
    outer loop
      vertex   2.037635e+01 -3.786561e+01 3.200000e+00
      vertex   2.157485e+01 -3.486439e+01 3.200000e+00
      vertex   1.939636e+01 -3.612176e+01 3.200000e+00
    endloop
  endfacet
  facet normal 0.000000e+00 0.000000e+00 1.000000e+00
    outer loop
      vertex   2.037635e+01 -3.786561e+01 3.200000e+00
      vertex   1.939636e+01 -3.612176e+01 3.200000e+00
      vertex   1.807536e+01 -3.901642e+01 3.200000e+00
    endloop
  endfacet
  facet normal 0.000000e+00 -0.000000e+00 1.000000e+00
    outer loop
      vertex   1.807536e+01 -3.901642e+01 3.200000e+00
      vertex   1.939636e+01 -3.612176e+01 3.200000e+00
      vertex   1.714487e+01 -3.724317e+01 3.200000e+00
    endloop
  endfacet
  facet normal 0.000000e+00 0.000000e+00 1.000000e+00
    outer loop
      vertex   1.807536e+01 -3.901642e+01 3.200000e+00
      vertex   1.714487e+01 -3.724317e+01 3.200000e+00
      vertex   1.570966e+01 -4.002757e+01 3.200000e+00
    endloop
  endfacet
  facet normal 0.000000e+00 -0.000000e+00 1.000000e+00
    outer loop
      vertex   1.570966e+01 -4.002757e+01 3.200000e+00
      vertex   1.714487e+01 -3.724317e+01 3.200000e+00
      vertex   1.482885e+01 -3.822440e+01 3.200000e+00
    endloop
  endfacet
  facet normal 0.000000e+00 0.000000e+00 1.000000e+00
    outer loop
      vertex   1.570966e+01 -4.002757e+01 3.200000e+00
      vertex   1.482885e+01 -3.822440e+01 3.200000e+00
      vertex   1.328773e+01 -4.089543e+01 3.200000e+00
    endloop
  endfacet
  facet normal 0.000000e+00 -0.000000e+00 1.000000e+00
    outer loop
      vertex   1.328773e+01 -4.089543e+01 3.200000e+00
      vertex   1.482885e+01 -3.822440e+01 3.200000e+00
      vertex   1.245702e+01 -3.906178e+01 3.200000e+00
    endloop
  endfacet
  facet normal 0.000000e+00 0.000000e+00 1.000000e+00
    outer loop
      vertex   1.328773e+01 -4.089543e+01 3.200000e+00
      vertex   1.245702e+01 -3.906178e+01 3.200000e+00
      vertex   1.081823e+01 -4.161689e+01 3.200000e+00
    endloop
  endfacet
  facet normal 0.000000e+00 -0.000000e+00 1.000000e+00
    outer loop
      vertex   1.081823e+01 -4.161689e+01 3.200000e+00
      vertex   1.245702e+01 -3.906178e+01 3.200000e+00
      vertex   1.003831e+01 -3.975214e+01 3.200000e+00
    endloop
  endfacet
  facet normal 0.000000e+00 0.000000e+00 1.000000e+00
    outer loop
      vertex   1.081823e+01 -4.161689e+01 3.200000e+00
      vertex   1.003831e+01 -3.975214e+01 3.200000e+00
      vertex   8.310004e+00 -4.218938e+01 3.200000e+00
    endloop
  endfacet
  facet normal 0.000000e+00 -0.000000e+00 1.000000e+00
    outer loop
      vertex   8.310004e+00 -4.218938e+01 3.200000e+00
      vertex   1.003831e+01 -3.975214e+01 3.200000e+00
      vertex   7.581818e+00 -4.029288e+01 3.200000e+00
    endloop
  endfacet
  facet normal 0.000000e+00 0.000000e+00 1.000000e+00
    outer loop
      vertex   8.310004e+00 -4.218938e+01 3.200000e+00
      vertex   7.581818e+00 -4.029288e+01 3.200000e+00
      vertex   5.772030e+00 -4.261084e+01 3.200000e+00
    endloop
  endfacet
  facet normal 0.000000e+00 -0.000000e+00 1.000000e+00
    outer loop
      vertex   5.772030e+00 -4.261084e+01 3.200000e+00
      vertex   7.581818e+00 -4.029288e+01 3.200000e+00
      vertex   5.096789e+00 -4.068197e+01 3.200000e+00
    endloop
  endfacet
  facet normal 0.000000e+00 0.000000e+00 1.000000e+00
    outer loop
      vertex   5.772030e+00 -4.261084e+01 3.200000e+00
      vertex   5.096789e+00 -4.068197e+01 3.200000e+00
      vertex   3.213394e+00 -4.287976e+01 3.200000e+00
    endloop
  endfacet
  facet normal 0.000000e+00 -0.000000e+00 1.000000e+00
    outer loop
      vertex   3.213394e+00 -4.287976e+01 3.200000e+00
      vertex   5.096789e+00 -4.068197e+01 3.200000e+00
      vertex   2.592576e+00 -4.091795e+01 3.200000e+00
    endloop
  endfacet
  facet normal 0.000000e+00 0.000000e+00 1.000000e+00
    outer loop
      vertex   3.213394e+00 -4.287976e+01 3.200000e+00
      vertex   2.592576e+00 -4.091795e+01 3.200000e+00
      vertex   6.432545e-01 -4.299519e+01 3.200000e+00
    endloop
  endfacet
  facet normal 0.000000e+00 -0.000000e+00 1.000000e+00
    outer loop
      vertex   6.432545e-01 -4.299519e+01 3.200000e+00
      vertex   2.592576e+00 -4.091795e+01 3.200000e+00
      vertex   7.860664e-02 -4.099992e+01 3.200000e+00
    endloop
  endfacet
  facet normal 0.000000e+00 0.000000e+00 1.000000e+00
    outer loop
      vertex   6.432545e-01 -4.299519e+01 3.200000e+00
      vertex   7.860664e-02 -4.099992e+01 3.200000e+00
      vertex   -1.929188e+00 -4.295670e+01 3.200000e+00
    endloop
  endfacet
  facet normal 0.000000e+00 -0.000000e+00 1.000000e+00
    outer loop
      vertex   -1.929188e+00 -4.295670e+01 3.200000e+00
      vertex   7.860664e-02 -4.099992e+01 3.200000e+00
      vertex   -2.435659e+00 -4.092759e+01 3.200000e+00
    endloop
  endfacet
  facet normal 0.000000e+00 0.000000e+00 1.000000e+00
    outer loop
      vertex   -1.929188e+00 -4.295670e+01 3.200000e+00
      vertex   -2.435659e+00 -4.092759e+01 3.200000e+00
      vertex   -4.494724e+00 -4.276444e+01 3.200000e+00
    endloop
  endfacet
  facet normal 0.000000e+00 -0.000000e+00 1.000000e+00
    outer loop
      vertex   -4.494724e+00 -4.276444e+01 3.200000e+00
      vertex   -2.435659e+00 -4.092759e+01 3.200000e+00
      vertex   -4.940758e+00 -4.070122e+01 3.200000e+00
    endloop
  endfacet
  facet normal 0.000000e+00 0.000000e+00 1.000000e+00
    outer loop
      vertex   -4.494724e+00 -4.276444e+01 3.200000e+00
      vertex   -4.940758e+00 -4.070122e+01 3.200000e+00
      vertex   -7.044170e+00 -4.241910e+01 3.200000e+00
    endloop
  endfacet
  facet normal 0.000000e+00 -0.000000e+00 1.000000e+00
    outer loop
      vertex   -7.044170e+00 -4.241910e+01 3.200000e+00
      vertex   -4.940758e+00 -4.070122e+01 3.200000e+00
      vertex   -7.427261e+00 -4.032165e+01 3.200000e+00
    endloop
  endfacet
  facet normal 0.000000e+00 0.000000e+00 1.000000e+00
    outer loop
      vertex   -7.044170e+00 -4.241910e+01 3.200000e+00
      vertex   -7.427261e+00 -4.032165e+01 3.200000e+00
      vertex   -9.568400e+00 -4.192190e+01 3.200000e+00
    endloop
  endfacet
  facet normal 0.000000e+00 -0.000000e+00 1.000000e+00
    outer loop
      vertex   -9.568400e+00 -4.192190e+01 3.200000e+00
      vertex   -7.427261e+00 -4.032165e+01 3.200000e+00
      vertex   -9.885810e+00 -3.979034e+01 3.200000e+00
    endloop
  endfacet
  facet normal 0.000000e+00 0.000000e+00 1.000000e+00
    outer loop
      vertex   -9.568400e+00 -4.192190e+01 3.200000e+00
      vertex   -9.885810e+00 -3.979034e+01 3.200000e+00
      vertex   -1.205838e+01 -4.127464e+01 3.200000e+00
    endloop
  endfacet
  facet normal 0.000000e+00 -0.000000e+00 1.000000e+00
    outer loop
      vertex   -1.205838e+01 -4.127464e+01 3.200000e+00
      vertex   -9.885810e+00 -3.979034e+01 3.200000e+00
      vertex   -1.230715e+01 -3.910926e+01 3.200000e+00
    endloop
  endfacet
  facet normal 0.000000e+00 0.000000e+00 1.000000e+00
    outer loop
      vertex   -1.205838e+01 -4.127464e+01 3.200000e+00
      vertex   -1.230715e+01 -3.910926e+01 3.200000e+00
      vertex   -1.450519e+01 -4.047962e+01 3.200000e+00
    endloop
  endfacet
  facet normal 0.000000e+00 -0.000000e+00 1.000000e+00
    outer loop
      vertex   -1.450519e+01 -4.047962e+01 3.200000e+00
      vertex   -1.230715e+01 -3.910926e+01 3.200000e+00
      vertex   -1.468217e+01 -3.828098e+01 3.200000e+00
    endloop
  endfacet
  facet normal 0.000000e+00 0.000000e+00 1.000000e+00
    outer loop
      vertex   -1.450519e+01 -4.047962e+01 3.200000e+00
      vertex   -1.468217e+01 -3.828098e+01 3.200000e+00
      vertex   -1.690008e+01 -3.953969e+01 3.200000e+00
    endloop
  endfacet
  facet normal 0.000000e+00 -0.000000e+00 1.000000e+00
    outer loop
      vertex   -1.690008e+01 -3.953969e+01 3.200000e+00
      vertex   -1.468217e+01 -3.828098e+01 3.200000e+00
      vertex   -1.700194e+01 -3.730863e+01 3.200000e+00
    endloop
  endfacet
  facet normal 0.000000e+00 0.000000e+00 1.000000e+00
    outer loop
      vertex   -1.690008e+01 -3.953969e+01 3.200000e+00
      vertex   -1.700194e+01 -3.730863e+01 3.200000e+00
      vertex   -1.923447e+01 -3.845823e+01 3.200000e+00
    endloop
  endfacet
  facet normal 0.000000e+00 -0.000000e+00 1.000000e+00
    outer loop
      vertex   -1.923447e+01 -3.845823e+01 3.200000e+00
      vertex   -1.700194e+01 -3.730863e+01 3.200000e+00
      vertex   -1.925771e+01 -3.619586e+01 3.200000e+00
    endloop
  endfacet
  facet normal 0.000000e+00 0.000000e+00 1.000000e+00
    outer loop
      vertex   -1.923447e+01 -3.845823e+01 3.200000e+00
      vertex   -1.925771e+01 -3.619586e+01 3.200000e+00
      vertex   -2.150000e+01 -3.723909e+01 3.200000e+00
    endloop
  endfacet
  facet normal 0.000000e+00 0.000000e+00 1.000000e+00
    outer loop
      vertex   -2.150000e+01 -3.723909e+01 3.200000e+00
      vertex   -1.925771e+01 -3.619586e+01 3.200000e+00
      vertex   -2.144100e+01 -3.494687e+01 3.200000e+00
    endloop
  endfacet
  facet normal 0.000000e+00 -0.000000e+00 1.000000e+00
    outer loop
      vertex   -2.150000e+01 -3.723909e+01 3.200000e+00
      vertex   -2.144100e+01 -3.494687e+01 3.200000e+00
      vertex   -2.368857e+01 -3.588665e+01 3.200000e+00
    endloop
  endfacet
  facet normal 0.000000e+00 0.000000e+00 1.000000e+00
    outer loop
      vertex   -2.368857e+01 -3.588665e+01 3.200000e+00
      vertex   -2.144100e+01 -3.494687e+01 3.200000e+00
      vertex   -2.354360e+01 -3.356634e+01 3.200000e+00
    endloop
  endfacet
  facet normal 0.000000e+00 -0.000000e+00 1.000000e+00
    outer loop
      vertex   -2.368857e+01 -3.588665e+01 3.200000e+00
      vertex   -2.354360e+01 -3.356634e+01 3.200000e+00
      vertex   -2.579234e+01 -3.440574e+01 3.200000e+00
    endloop
  endfacet
  facet normal 0.000000e+00 0.000000e+00 1.000000e+00
    outer loop
      vertex   -2.579234e+01 -3.440574e+01 3.200000e+00
      vertex   -2.354360e+01 -3.356634e+01 3.200000e+00
      vertex   -2.555758e+01 -3.205948e+01 3.200000e+00
    endloop
  endfacet
  facet normal 0.000000e+00 -0.000000e+00 1.000000e+00
    outer loop
      vertex   -2.579234e+01 -3.440574e+01 3.200000e+00
      vertex   -2.555758e+01 -3.205948e+01 3.200000e+00
      vertex   -2.780378e+01 -3.280167e+01 3.200000e+00
    endloop
  endfacet
  facet normal 0.000000e+00 0.000000e+00 1.000000e+00
    outer loop
      vertex   -2.780378e+01 -3.280167e+01 3.200000e+00
      vertex   -2.555758e+01 -3.205948e+01 3.200000e+00
      vertex   -2.747537e+01 -3.043195e+01 3.200000e+00
    endloop
  endfacet
  facet normal 0.000000e+00 -0.000000e+00 1.000000e+00
    outer loop
      vertex   -2.780378e+01 -3.280167e+01 3.200000e+00
      vertex   -2.747537e+01 -3.043195e+01 3.200000e+00
      vertex   -2.971569e+01 -3.108018e+01 3.200000e+00
    endloop
  endfacet
  facet normal 0.000000e+00 0.000000e+00 1.000000e+00
    outer loop
      vertex   -2.971569e+01 -3.108018e+01 3.200000e+00
      vertex   -2.747537e+01 -3.043195e+01 3.200000e+00
      vertex   -2.928976e+01 -2.868989e+01 3.200000e+00
    endloop
  endfacet
  facet normal 0.000000e+00 -0.000000e+00 1.000000e+00
    outer loop
      vertex   -2.971569e+01 -3.108018e+01 3.200000e+00
      vertex   -2.928976e+01 -2.868989e+01 3.200000e+00
      vertex   -3.152123e+01 -2.924743e+01 3.200000e+00
    endloop
  endfacet
  facet normal 0.000000e+00 0.000000e+00 1.000000e+00
    outer loop
      vertex   -3.152123e+01 -2.924743e+01 3.200000e+00
      vertex   -2.928976e+01 -2.868989e+01 3.200000e+00
      vertex   -3.099391e+01 -2.683985e+01 3.200000e+00
    endloop
  endfacet
  facet normal 0.000000e+00 -0.000000e+00 1.000000e+00
    outer loop
      vertex   -3.152123e+01 -2.924743e+01 3.200000e+00
      vertex   -3.099391e+01 -2.683985e+01 3.200000e+00
      vertex   -3.321393e+01 -2.730998e+01 3.200000e+00
    endloop
  endfacet
  facet normal 0.000000e+00 0.000000e+00 1.000000e+00
    outer loop
      vertex   -3.321393e+01 -2.730998e+01 3.200000e+00
      vertex   -3.099391e+01 -2.683985e+01 3.200000e+00
      vertex   -3.258140e+01 -2.488880e+01 3.200000e+00
    endloop
  endfacet
  facet normal 0.000000e+00 -0.000000e+00 1.000000e+00
    outer loop
      vertex   -3.321393e+01 -2.730998e+01 3.200000e+00
      vertex   -3.258140e+01 -2.488880e+01 3.200000e+00
      vertex   -3.478773e+01 -2.527477e+01 3.200000e+00
    endloop
  endfacet
  facet normal 0.000000e+00 0.000000e+00 1.000000e+00
    outer loop
      vertex   -3.478773e+01 -2.527477e+01 3.200000e+00
      vertex   -3.258140e+01 -2.488880e+01 3.200000e+00
      vertex   -3.404627e+01 -2.284407e+01 3.200000e+00
    endloop
  endfacet
  facet normal 0.000000e+00 -0.000000e+00 1.000000e+00
    outer loop
      vertex   -3.478773e+01 -2.527477e+01 3.200000e+00
      vertex   -3.404627e+01 -2.284407e+01 3.200000e+00
      vertex   -3.623700e+01 -2.314908e+01 3.200000e+00
    endloop
  endfacet
  facet normal 0.000000e+00 0.000000e+00 1.000000e+00
    outer loop
      vertex   -3.623700e+01 -2.314908e+01 3.200000e+00
      vertex   -3.404627e+01 -2.284407e+01 3.200000e+00
      vertex   -3.538300e+01 -2.071336e+01 3.200000e+00
    endloop
  endfacet
  facet normal 0.000000e+00 -0.000000e+00 1.000000e+00
    outer loop
      vertex   -3.623700e+01 -2.314908e+01 3.200000e+00
      vertex   -3.538300e+01 -2.071336e+01 3.200000e+00
      vertex   -3.755655e+01 -2.094052e+01 3.200000e+00
    endloop
  endfacet
  facet normal 0.000000e+00 0.000000e+00 1.000000e+00
    outer loop
      vertex   -3.755655e+01 -2.094052e+01 3.200000e+00
      vertex   -3.538300e+01 -2.071336e+01 3.200000e+00
      vertex   -3.658656e+01 -1.850469e+01 3.200000e+00
    endloop
  endfacet
  facet normal 0.000000e+00 -0.000000e+00 1.000000e+00
    outer loop
      vertex   -3.755655e+01 -2.094052e+01 3.200000e+00
      vertex   -3.658656e+01 -1.850469e+01 3.200000e+00
      vertex   -3.874166e+01 -1.865700e+01 3.200000e+00
    endloop
  endfacet
  facet normal 0.000000e+00 0.000000e+00 1.000000e+00
    outer loop
      vertex   -3.874166e+01 -1.865700e+01 3.200000e+00
      vertex   -3.658656e+01 -1.850469e+01 3.200000e+00
      vertex   -3.765242e+01 -1.622638e+01 3.200000e+00
    endloop
  endfacet
  facet normal 0.000000e+00 -0.000000e+00 1.000000e+00
    outer loop
      vertex   -3.874166e+01 -1.865700e+01 3.200000e+00
      vertex   -3.765242e+01 -1.622638e+01 3.200000e+00
      vertex   -3.978808e+01 -1.630669e+01 3.200000e+00
    endloop
  endfacet
  facet normal 0.000000e+00 0.000000e+00 1.000000e+00
    outer loop
      vertex   -3.978808e+01 -1.630669e+01 3.200000e+00
      vertex   -3.765242e+01 -1.622638e+01 3.200000e+00
      vertex   -3.857657e+01 -1.388699e+01 3.200000e+00
    endloop
  endfacet
  facet normal 0.000000e+00 -0.000000e+00 1.000000e+00
    outer loop
      vertex   -3.978808e+01 -1.630669e+01 3.200000e+00
      vertex   -3.857657e+01 -1.388699e+01 3.200000e+00
      vertex   -4.069208e+01 -1.389802e+01 3.200000e+00
    endloop
  endfacet
  facet normal 0.000000e+00 0.000000e+00 1.000000e+00
    outer loop
      vertex   -4.069208e+01 -1.389802e+01 3.200000e+00
      vertex   -3.857657e+01 -1.388699e+01 3.200000e+00
      vertex   -3.935552e+01 -1.149534e+01 3.200000e+00
    endloop
  endfacet
  facet normal 0.000000e+00 -0.000000e+00 1.000000e+00
    outer loop
      vertex   -4.069208e+01 -1.389802e+01 3.200000e+00
      vertex   -3.935552e+01 -1.149534e+01 3.200000e+00
      vertex   -4.145040e+01 -1.143958e+01 3.200000e+00
    endloop
  endfacet
  facet normal -0.000000e+00 0.000000e+00 1.000000e+00
    outer loop
      vertex   -4.145040e+01 -1.143958e+01 3.200000e+00
      vertex   -3.935552e+01 -1.149534e+01 3.200000e+00
      vertex   -3.998636e+01 -9.060429e+00 3.200000e+00
    endloop
  endfacet
  facet normal 0.000000e+00 -0.000000e+00 1.000000e+00
    outer loop
      vertex   -4.145040e+01 -1.143958e+01 3.200000e+00
      vertex   -3.998636e+01 -9.060429e+00 3.200000e+00
      vertex   -4.206035e+01 -8.940203e+00 3.200000e+00
    endloop
  endfacet
  facet normal -0.000000e+00 0.000000e+00 1.000000e+00
    outer loop
      vertex   -4.206035e+01 -8.940203e+00 3.200000e+00
      vertex   -3.998636e+01 -9.060429e+00 3.200000e+00
      vertex   -4.046669e+01 -6.591413e+00 3.200000e+00
    endloop
  endfacet
  facet normal 0.000000e+00 -0.000000e+00 1.000000e+00
    outer loop
      vertex   -4.206035e+01 -8.940203e+00 3.200000e+00
      vertex   -4.046669e+01 -6.591413e+00 3.200000e+00
      vertex   -4.251973e+01 -6.408817e+00 3.200000e+00
    endloop
  endfacet
  facet normal -0.000000e+00 0.000000e+00 1.000000e+00
    outer loop
      vertex   -4.251973e+01 -6.408817e+00 3.200000e+00
      vertex   -4.046669e+01 -6.591413e+00 3.200000e+00
      vertex   -4.079473e+01 -4.097589e+00 3.200000e+00
    endloop
  endfacet
  facet normal 0.000000e+00 -0.000000e+00 1.000000e+00
    outer loop
      vertex   -4.251973e+01 -6.408817e+00 3.200000e+00
      vertex   -4.079473e+01 -4.097589e+00 3.200000e+00
      vertex   -4.282689e+01 -3.854490e+00 3.200000e+00
    endloop
  endfacet
  facet normal -0.000000e+00 0.000000e+00 1.000000e+00
    outer loop
      vertex   -4.282689e+01 -3.854490e+00 3.200000e+00
      vertex   -4.079473e+01 -4.097589e+00 3.200000e+00
      vertex   -4.096922e+01 -1.588343e+00 3.200000e+00
    endloop
  endfacet
  facet normal 0.000000e+00 -0.000000e+00 1.000000e+00
    outer loop
      vertex   -4.282689e+01 -3.854490e+00 3.200000e+00
      vertex   -4.096922e+01 -1.588343e+00 3.200000e+00
      vertex   -4.298075e+01 -1.286365e+00 3.200000e+00
    endloop
  endfacet
  facet normal -0.000000e+00 0.000000e+00 1.000000e+00
    outer loop
      vertex   -4.298075e+01 -1.286365e+00 3.200000e+00
      vertex   -4.096922e+01 -1.588343e+00 3.200000e+00
      vertex   -4.098952e+01 9.268814e-01 3.200000e+00
    endloop
  endfacet
  facet normal 0.000000e+00 0.000000e+00 1.000000e+00
    outer loop
      vertex   -4.298075e+01 -1.286365e+00 3.200000e+00
      vertex   -4.098952e+01 9.268814e-01 3.200000e+00
      vertex   -4.298075e+01 1.286365e+00 3.200000e+00
    endloop
  endfacet
  facet normal -0.000000e+00 0.000000e+00 1.000000e+00
    outer loop
      vertex   -4.298075e+01 1.286365e+00 3.200000e+00
      vertex   -4.098952e+01 9.268814e-01 3.200000e+00
      vertex   -4.085555e+01 3.438617e+00 3.200000e+00
    endloop
  endfacet
  facet normal 0.000000e+00 0.000000e+00 1.000000e+00
    outer loop
      vertex   -4.298075e+01 1.286365e+00 3.200000e+00
      vertex   -4.085555e+01 3.438617e+00 3.200000e+00
      vertex   -4.282689e+01 3.854490e+00 3.200000e+00
    endloop
  endfacet
  facet normal -0.000000e+00 0.000000e+00 1.000000e+00
    outer loop
      vertex   -4.282689e+01 3.854490e+00 3.200000e+00
      vertex   -4.085555e+01 3.438617e+00 3.200000e+00
      vertex   -4.056781e+01 5.937411e+00 3.200000e+00
    endloop
  endfacet
  facet normal 0.000000e+00 0.000000e+00 1.000000e+00
    outer loop
      vertex   -4.282689e+01 3.854490e+00 3.200000e+00
      vertex   -4.056781e+01 5.937411e+00 3.200000e+00
      vertex   -4.251973e+01 6.408817e+00 3.200000e+00
    endloop
  endfacet
  facet normal -0.000000e+00 0.000000e+00 1.000000e+00
    outer loop
      vertex   -4.251973e+01 6.408817e+00 3.200000e+00
      vertex   -4.056781e+01 5.937411e+00 3.200000e+00
      vertex   -4.012738e+01 8.413858e+00 3.200000e+00
    endloop
  endfacet
  facet normal 0.000000e+00 0.000000e+00 1.000000e+00
    outer loop
      vertex   -4.251973e+01 6.408817e+00 3.200000e+00
      vertex   -4.012738e+01 8.413858e+00 3.200000e+00
      vertex   -4.206035e+01 8.940203e+00 3.200000e+00
    endloop
  endfacet
  facet normal -0.000000e+00 0.000000e+00 1.000000e+00
    outer loop
      vertex   -4.206035e+01 8.940203e+00 3.200000e+00
      vertex   -4.012738e+01 8.413858e+00 3.200000e+00
      vertex   -3.953593e+01 1.085864e+01 3.200000e+00
    endloop
  endfacet
  facet normal 0.000000e+00 0.000000e+00 1.000000e+00
    outer loop
      vertex   -4.206035e+01 8.940203e+00 3.200000e+00
      vertex   -3.953593e+01 1.085864e+01 3.200000e+00
      vertex   -4.145040e+01 1.143958e+01 3.200000e+00
    endloop
  endfacet
  facet normal -0.000000e+00 0.000000e+00 1.000000e+00
    outer loop
      vertex   -4.145040e+01 1.143958e+01 3.200000e+00
      vertex   -3.953593e+01 1.085864e+01 3.200000e+00
      vertex   -3.879568e+01 1.326255e+01 3.200000e+00
    endloop
  endfacet
  facet normal 0.000000e+00 0.000000e+00 1.000000e+00
    outer loop
      vertex   -4.145040e+01 1.143958e+01 3.200000e+00
      vertex   -3.879568e+01 1.326255e+01 3.200000e+00
      vertex   -4.069208e+01 1.389802e+01 3.200000e+00
    endloop
  endfacet
  facet normal -0.000000e+00 0.000000e+00 1.000000e+00
    outer loop
      vertex   -4.069208e+01 1.389802e+01 3.200000e+00
      vertex   -3.879568e+01 1.326255e+01 3.200000e+00
      vertex   -3.978808e+01 1.630669e+01 3.200000e+00
    endloop
  endfacet
  facet normal 0.000000e+00 0.000000e+00 1.000000e+00
    outer loop
      vertex   -3.978808e+01 1.630669e+01 3.200000e+00
      vertex   -3.879568e+01 1.326255e+01 3.200000e+00
      vertex   -3.790941e+01 1.561654e+01 3.200000e+00
    endloop
  endfacet
  facet normal -0.000000e+00 0.000000e+00 1.000000e+00
    outer loop
      vertex   -3.978808e+01 1.630669e+01 3.200000e+00
      vertex   -3.790941e+01 1.561654e+01 3.200000e+00
      vertex   -3.874166e+01 1.865700e+01 3.200000e+00
    endloop
  endfacet
  facet normal 0.000000e+00 0.000000e+00 1.000000e+00
    outer loop
      vertex   -3.874166e+01 1.865700e+01 3.200000e+00
      vertex   -3.790941e+01 1.561654e+01 3.200000e+00
      vertex   -3.688047e+01 1.791176e+01 3.200000e+00
    endloop
  endfacet
  facet normal -0.000000e+00 0.000000e+00 1.000000e+00
    outer loop
      vertex   -3.874166e+01 1.865700e+01 3.200000e+00
      vertex   -3.688047e+01 1.791176e+01 3.200000e+00
      vertex   -3.755655e+01 2.094052e+01 3.200000e+00
    endloop
  endfacet
  facet normal 0.000000e+00 0.000000e+00 1.000000e+00
    outer loop
      vertex   -3.755655e+01 2.094052e+01 3.200000e+00
      vertex   -3.688047e+01 1.791176e+01 3.200000e+00
      vertex   -3.571271e+01 2.013957e+01 3.200000e+00
    endloop
  endfacet
  facet normal -0.000000e+00 0.000000e+00 1.000000e+00
    outer loop
      vertex   -3.755655e+01 2.094052e+01 3.200000e+00
      vertex   -3.571271e+01 2.013957e+01 3.200000e+00
      vertex   -3.623700e+01 2.314908e+01 3.200000e+00
    endloop
  endfacet
  facet normal 0.000000e+00 0.000000e+00 1.000000e+00
    outer loop
      vertex   -3.623700e+01 2.314908e+01 3.200000e+00
      vertex   -3.571271e+01 2.013957e+01 3.200000e+00
      vertex   -3.441055e+01 2.229158e+01 3.200000e+00
    endloop
  endfacet
  facet normal -0.000000e+00 0.000000e+00 1.000000e+00
    outer loop
      vertex   -3.623700e+01 2.314908e+01 3.200000e+00
      vertex   -3.441055e+01 2.229158e+01 3.200000e+00
      vertex   -3.478773e+01 2.527477e+01 3.200000e+00
    endloop
  endfacet
  facet normal 0.000000e+00 0.000000e+00 1.000000e+00
    outer loop
      vertex   -3.478773e+01 2.527477e+01 3.200000e+00
      vertex   -3.441055e+01 2.229158e+01 3.200000e+00
      vertex   -3.297887e+01 2.435968e+01 3.200000e+00
    endloop
  endfacet
  facet normal -0.000000e+00 0.000000e+00 1.000000e+00
    outer loop
      vertex   -3.478773e+01 2.527477e+01 3.200000e+00
      vertex   -3.297887e+01 2.435968e+01 3.200000e+00
      vertex   -3.321393e+01 2.730998e+01 3.200000e+00
    endloop
  endfacet
  facet normal 0.000000e+00 0.000000e+00 1.000000e+00
    outer loop
      vertex   -3.321393e+01 2.730998e+01 3.200000e+00
      vertex   -3.297887e+01 2.435968e+01 3.200000e+00
      vertex   -3.142307e+01 2.633611e+01 3.200000e+00
    endloop
  endfacet
  facet normal -0.000000e+00 0.000000e+00 1.000000e+00
    outer loop
      vertex   -3.321393e+01 2.730998e+01 3.200000e+00
      vertex   -3.142307e+01 2.633611e+01 3.200000e+00
      vertex   -3.152123e+01 2.924743e+01 3.200000e+00
    endloop
  endfacet
  facet normal 0.000000e+00 0.000000e+00 1.000000e+00
    outer loop
      vertex   -3.152123e+01 2.924743e+01 3.200000e+00
      vertex   -3.142307e+01 2.633611e+01 3.200000e+00
      vertex   -2.974901e+01 2.821341e+01 3.200000e+00
    endloop
  endfacet
  facet normal -0.000000e+00 0.000000e+00 1.000000e+00
    outer loop
      vertex   -3.152123e+01 2.924743e+01 3.200000e+00
      vertex   -2.974901e+01 2.821341e+01 3.200000e+00
      vertex   -2.971569e+01 3.108018e+01 3.200000e+00
    endloop
  endfacet
  facet normal 0.000000e+00 0.000000e+00 1.000000e+00
    outer loop
      vertex   -2.971569e+01 3.108018e+01 3.200000e+00
      vertex   -2.974901e+01 2.821341e+01 3.200000e+00
      vertex   -2.796298e+01 2.998453e+01 3.200000e+00
    endloop
  endfacet
  facet normal -0.000000e+00 0.000000e+00 1.000000e+00
    outer loop
      vertex   -2.971569e+01 3.108018e+01 3.200000e+00
      vertex   -2.796298e+01 2.998453e+01 3.200000e+00
      vertex   -2.780378e+01 3.280167e+01 3.200000e+00
    endloop
  endfacet
  facet normal 0.000000e+00 0.000000e+00 1.000000e+00
    outer loop
      vertex   -2.780378e+01 3.280167e+01 3.200000e+00
      vertex   -2.796298e+01 2.998453e+01 3.200000e+00
      vertex   -2.607170e+01 3.164279e+01 3.200000e+00
    endloop
  endfacet
  facet normal -0.000000e+00 0.000000e+00 1.000000e+00
    outer loop
      vertex   -2.780378e+01 3.280167e+01 3.200000e+00
      vertex   -2.607170e+01 3.164279e+01 3.200000e+00
      vertex   -2.579234e+01 3.440574e+01 3.200000e+00
    endloop
  endfacet
  facet normal 0.000000e+00 0.000000e+00 1.000000e+00
    outer loop
      vertex   -2.579234e+01 3.440574e+01 3.200000e+00
      vertex   -2.607170e+01 3.164279e+01 3.200000e+00
      vertex   -2.408230e+01 3.318197e+01 3.200000e+00
    endloop
  endfacet
  facet normal -0.000000e+00 0.000000e+00 1.000000e+00
    outer loop
      vertex   -2.579234e+01 3.440574e+01 3.200000e+00
      vertex   -2.408230e+01 3.318197e+01 3.200000e+00
      vertex   -2.368857e+01 3.588665e+01 3.200000e+00
    endloop
  endfacet
  facet normal 0.000000e+00 0.000000e+00 1.000000e+00
    outer loop
      vertex   -2.368857e+01 3.588665e+01 3.200000e+00
      vertex   -2.408230e+01 3.318197e+01 3.200000e+00
      vertex   -2.200226e+01 3.459625e+01 3.200000e+00
    endloop
  endfacet
  facet normal -0.000000e+00 0.000000e+00 1.000000e+00
    outer loop
      vertex   -2.368857e+01 3.588665e+01 3.200000e+00
      vertex   -2.200226e+01 3.459625e+01 3.200000e+00
      vertex   -2.150000e+01 3.723909e+01 3.200000e+00
    endloop
  endfacet
  facet normal 0.000000e+00 0.000000e+00 1.000000e+00
    outer loop
      vertex   -2.150000e+01 3.723909e+01 3.200000e+00
      vertex   -2.200226e+01 3.459625e+01 3.200000e+00
      vertex   -1.983941e+01 3.588033e+01 3.200000e+00
    endloop
  endfacet
  facet normal -0.000000e+00 0.000000e+00 1.000000e+00
    outer loop
      vertex   -2.150000e+01 3.723909e+01 3.200000e+00
      vertex   -1.983941e+01 3.588033e+01 3.200000e+00
      vertex   -1.923447e+01 3.845823e+01 3.200000e+00
    endloop
  endfacet
  facet normal 0.000000e+00 0.000000e+00 1.000000e+00
    outer loop
      vertex   -1.923447e+01 3.845823e+01 3.200000e+00
      vertex   -1.983941e+01 3.588033e+01 3.200000e+00
      vertex   -1.760189e+01 3.702936e+01 3.200000e+00
    endloop
  endfacet
  facet normal -0.000000e+00 0.000000e+00 1.000000e+00
    outer loop
      vertex   -1.923447e+01 3.845823e+01 3.200000e+00
      vertex   -1.760189e+01 3.702936e+01 3.200000e+00
      vertex   -1.690008e+01 3.953969e+01 3.200000e+00
    endloop
  endfacet
  facet normal 0.000000e+00 0.000000e+00 1.000000e+00
    outer loop
      vertex   -1.690008e+01 3.953969e+01 3.200000e+00
      vertex   -1.760189e+01 3.702936e+01 3.200000e+00
      vertex   -1.529813e+01 3.803902e+01 3.200000e+00
    endloop
  endfacet
  facet normal -0.000000e+00 0.000000e+00 1.000000e+00
    outer loop
      vertex   -1.690008e+01 3.953969e+01 3.200000e+00
      vertex   -1.529813e+01 3.803902e+01 3.200000e+00
      vertex   -1.450519e+01 4.047962e+01 3.200000e+00
    endloop
  endfacet
  facet normal 0.000000e+00 0.000000e+00 1.000000e+00
    outer loop
      vertex   -1.450519e+01 4.047962e+01 3.200000e+00
      vertex   -1.529813e+01 3.803902e+01 3.200000e+00
      vertex   -1.293678e+01 3.890552e+01 3.200000e+00
    endloop
  endfacet
  facet normal -0.000000e+00 0.000000e+00 1.000000e+00
    outer loop
      vertex   -1.450519e+01 4.047962e+01 3.200000e+00
      vertex   -1.293678e+01 3.890552e+01 3.200000e+00
      vertex   -1.205838e+01 4.127464e+01 3.200000e+00
    endloop
  endfacet
  facet normal 0.000000e+00 0.000000e+00 1.000000e+00
    outer loop
      vertex   -1.205838e+01 4.127464e+01 3.200000e+00
      vertex   -1.293678e+01 3.890552e+01 3.200000e+00
      vertex   -1.052675e+01 3.962559e+01 3.200000e+00
    endloop
  endfacet
  facet normal -0.000000e+00 0.000000e+00 1.000000e+00
    outer loop
      vertex   -1.205838e+01 4.127464e+01 3.200000e+00
      vertex   -1.052675e+01 3.962559e+01 3.200000e+00
      vertex   -9.568400e+00 4.192190e+01 3.200000e+00
    endloop
  endfacet
  facet normal 0.000000e+00 0.000000e+00 1.000000e+00
    outer loop
      vertex   -9.568400e+00 4.192190e+01 3.200000e+00
      vertex   -1.052675e+01 3.962559e+01 3.200000e+00
      vertex   -8.077096e+00 4.019652e+01 3.200000e+00
    endloop
  endfacet
  facet normal -0.000000e+00 0.000000e+00 1.000000e+00
    outer loop
      vertex   -9.568400e+00 4.192190e+01 3.200000e+00
      vertex   -8.077096e+00 4.019652e+01 3.200000e+00
      vertex   -7.044170e+00 4.241910e+01 3.200000e+00
    endloop
  endfacet
  facet normal 0.000000e+00 0.000000e+00 1.000000e+00
    outer loop
      vertex   5.772030e+00 4.261084e+01 3.200000e+00
      vertex   3.213394e+00 4.287976e+01 3.200000e+00
      vertex   7.922904e+00 4.022720e+01 3.200000e+00
    endloop
  endfacet
  facet normal 0.000000e+00 0.000000e+00 1.000000e+00
    outer loop
      vertex   -2.792354e+01 2.067871e+00 4.900000e+00
      vertex   -2.992356e+01 2.140175e+00 4.900000e+00
      vertex   -2.800000e+01 -3.429011e-15 4.900000e+00
    endloop
  endfacet
  facet normal 0.000000e+00 0.000000e+00 1.000000e+00
    outer loop
      vertex   -2.800000e+01 -3.429011e-15 4.900000e+00
      vertex   -2.992356e+01 2.140175e+00 4.900000e+00
      vertex   -3.000000e+01 0.000000e+00 4.900000e+00
    endloop
  endfacet
  facet normal 0.000000e+00 0.000000e+00 1.000000e+00
    outer loop
      vertex   -2.800000e+01 -3.429011e-15 4.900000e+00
      vertex   -3.000000e+01 0.000000e+00 4.900000e+00
      vertex   -2.992356e+01 -2.140175e+00 4.900000e+00
    endloop
  endfacet
  facet normal -0.000000e+00 0.000000e+00 1.000000e+00
    outer loop
      vertex   -2.992356e+01 2.140175e+00 4.900000e+00
      vertex   -2.792354e+01 2.067871e+00 4.900000e+00
      vertex   -2.969464e+01 4.269445e+00 4.900000e+00
    endloop
  endfacet
  facet normal 0.000000e+00 0.000000e+00 1.000000e+00
    outer loop
      vertex   -2.969464e+01 4.269445e+00 4.900000e+00
      vertex   -2.792354e+01 2.067871e+00 4.900000e+00
      vertex   -2.769457e+01 4.124448e+00 4.900000e+00
    endloop
  endfacet
  facet normal -0.000000e+00 0.000000e+00 1.000000e+00
    outer loop
      vertex   -2.969464e+01 4.269445e+00 4.900000e+00
      vertex   -2.769457e+01 4.124448e+00 4.900000e+00
      vertex   -2.931441e+01 6.376959e+00 4.900000e+00
    endloop
  endfacet
  facet normal 0.000000e+00 0.000000e+00 1.000000e+00
    outer loop
      vertex   -2.931441e+01 6.376959e+00 4.900000e+00
      vertex   -2.769457e+01 4.124448e+00 4.900000e+00
      vertex   -2.731434e+01 6.158498e+00 4.900000e+00
    endloop
  endfacet
  facet normal -0.000000e+00 0.000000e+00 1.000000e+00
    outer loop
      vertex   -2.931441e+01 6.376959e+00 4.900000e+00
      vertex   -2.731434e+01 6.158498e+00 4.900000e+00
      vertex   -2.878479e+01 8.451977e+00 4.900000e+00
    endloop
  endfacet
  facet normal 0.000000e+00 0.000000e+00 1.000000e+00
    outer loop
      vertex   -2.878479e+01 8.451977e+00 4.900000e+00
      vertex   -2.731434e+01 6.158498e+00 4.900000e+00
      vertex   -2.678492e+01 8.158913e+00 4.900000e+00
    endloop
  endfacet
  facet normal -0.000000e+00 0.000000e+00 1.000000e+00
    outer loop
      vertex   -2.878479e+01 8.451977e+00 4.900000e+00
      vertex   -2.678492e+01 8.158913e+00 4.900000e+00
      vertex   -2.810849e+01 1.048393e+01 4.900000e+00
    endloop
  endfacet
  facet normal 0.000000e+00 0.000000e+00 1.000000e+00
    outer loop
      vertex   -2.810849e+01 1.048393e+01 4.900000e+00
      vertex   -2.678492e+01 8.158913e+00 4.900000e+00
      vertex   -2.610922e+01 1.011477e+01 4.900000e+00
    endloop
  endfacet
  facet normal -0.000000e+00 0.000000e+00 1.000000e+00
    outer loop
      vertex   -2.810849e+01 1.048393e+01 4.900000e+00
      vertex   -2.610922e+01 1.011477e+01 4.900000e+00
      vertex   -2.728896e+01 1.246245e+01 4.900000e+00
    endloop
  endfacet
  facet normal 0.000000e+00 0.000000e+00 1.000000e+00
    outer loop
      vertex   -2.728896e+01 1.246245e+01 4.900000e+00
      vertex   -2.610922e+01 1.011477e+01 4.900000e+00
      vertex   -2.529092e+01 1.201538e+01 4.900000e+00
    endloop
  endfacet
  facet normal -0.000000e+00 0.000000e+00 1.000000e+00
    outer loop
      vertex   -2.728896e+01 1.246245e+01 4.900000e+00
      vertex   -2.529092e+01 1.201538e+01 4.900000e+00
      vertex   -2.633037e+01 1.437747e+01 4.900000e+00
    endloop
  endfacet
  facet normal 0.000000e+00 0.000000e+00 1.000000e+00
    outer loop
      vertex   -2.633037e+01 1.437747e+01 4.900000e+00
      vertex   -2.529092e+01 1.201538e+01 4.900000e+00
      vertex   -2.433449e+01 1.385036e+01 4.900000e+00
    endloop
  endfacet
  facet normal -0.000000e+00 0.000000e+00 1.000000e+00
    outer loop
      vertex   -2.633037e+01 1.437747e+01 4.900000e+00
      vertex   -2.433449e+01 1.385036e+01 4.900000e+00
      vertex   -2.523761e+01 1.621922e+01 4.900000e+00
    endloop
  endfacet
  facet normal 0.000000e+00 0.000000e+00 1.000000e+00
    outer loop
      vertex   -2.523761e+01 1.621922e+01 4.900000e+00
      vertex   -2.433449e+01 1.385036e+01 4.900000e+00
      vertex   -2.324515e+01 1.560970e+01 4.900000e+00
    endloop
  endfacet
  facet normal -0.000000e+00 0.000000e+00 1.000000e+00
    outer loop
      vertex   -2.523761e+01 1.621922e+01 4.900000e+00
      vertex   -2.324515e+01 1.560970e+01 4.900000e+00
      vertex   -2.401624e+01 1.797833e+01 4.900000e+00
    endloop
  endfacet
  facet normal 0.000000e+00 0.000000e+00 1.000000e+00
    outer loop
      vertex   -2.401624e+01 1.797833e+01 4.900000e+00
      vertex   -2.324515e+01 1.560970e+01 4.900000e+00
      vertex   -2.202886e+01 1.728379e+01 4.900000e+00
    endloop
  endfacet
  facet normal -0.000000e+00 0.000000e+00 1.000000e+00
    outer loop
      vertex   -2.401624e+01 1.797833e+01 4.900000e+00
      vertex   -2.202886e+01 1.728379e+01 4.900000e+00
      vertex   -2.267249e+01 1.964582e+01 4.900000e+00
    endloop
  endfacet
  facet normal 0.000000e+00 0.000000e+00 1.000000e+00
    outer loop
      vertex   -2.267249e+01 1.964582e+01 4.900000e+00
      vertex   -2.202886e+01 1.728379e+01 4.900000e+00
      vertex   -2.069225e+01 1.886348e+01 4.900000e+00
    endloop
  endfacet
  facet normal -0.000000e+00 0.000000e+00 1.000000e+00
    outer loop
      vertex   -2.267249e+01 1.964582e+01 4.900000e+00
      vertex   -2.069225e+01 1.886348e+01 4.900000e+00
      vertex   -2.121320e+01 2.121320e+01 4.900000e+00
    endloop
  endfacet
  facet normal 0.000000e+00 0.000000e+00 1.000000e+00
    outer loop
      vertex   -2.121320e+01 2.121320e+01 4.900000e+00
      vertex   -2.069225e+01 1.886348e+01 4.900000e+00
      vertex   -1.924263e+01 2.034014e+01 4.900000e+00
    endloop
  endfacet
  facet normal -0.000000e+00 0.000000e+00 1.000000e+00
    outer loop
      vertex   -2.121320e+01 2.121320e+01 4.900000e+00
      vertex   -1.924263e+01 2.034014e+01 4.900000e+00
      vertex   -1.964582e+01 2.267249e+01 4.900000e+00
    endloop
  endfacet
  facet normal 0.000000e+00 0.000000e+00 1.000000e+00
    outer loop
      vertex   -1.964582e+01 2.267249e+01 4.900000e+00
      vertex   -1.924263e+01 2.034014e+01 4.900000e+00
      vertex   -1.768791e+01 2.170571e+01 4.900000e+00
    endloop
  endfacet
  facet normal -0.000000e+00 0.000000e+00 1.000000e+00
    outer loop
      vertex   -1.964582e+01 2.267249e+01 4.900000e+00
      vertex   -1.768791e+01 2.170571e+01 4.900000e+00
      vertex   -1.797833e+01 2.401624e+01 4.900000e+00
    endloop
  endfacet
  facet normal 0.000000e+00 0.000000e+00 1.000000e+00
    outer loop
      vertex   -1.797833e+01 2.401624e+01 4.900000e+00
      vertex   -1.768791e+01 2.170571e+01 4.900000e+00
      vertex   -1.603658e+01 2.295273e+01 4.900000e+00
    endloop
  endfacet
  facet normal -0.000000e+00 0.000000e+00 1.000000e+00
    outer loop
      vertex   -1.797833e+01 2.401624e+01 4.900000e+00
      vertex   -1.603658e+01 2.295273e+01 4.900000e+00
      vertex   -1.621922e+01 2.523761e+01 4.900000e+00
    endloop
  endfacet
  facet normal 0.000000e+00 0.000000e+00 1.000000e+00
    outer loop
      vertex   -1.621922e+01 2.523761e+01 4.900000e+00
      vertex   -1.603658e+01 2.295273e+01 4.900000e+00
      vertex   -1.429767e+01 2.407440e+01 4.900000e+00
    endloop
  endfacet
  facet normal -0.000000e+00 0.000000e+00 1.000000e+00
    outer loop
      vertex   -1.621922e+01 2.523761e+01 4.900000e+00
      vertex   -1.429767e+01 2.407440e+01 4.900000e+00
      vertex   -1.437747e+01 2.633037e+01 4.900000e+00
    endloop
  endfacet
  facet normal 0.000000e+00 0.000000e+00 1.000000e+00
    outer loop
      vertex   -1.437747e+01 2.633037e+01 4.900000e+00
      vertex   -1.429767e+01 2.407440e+01 4.900000e+00
      vertex   -1.248067e+01 2.506457e+01 4.900000e+00
    endloop
  endfacet
  facet normal -0.000000e+00 0.000000e+00 1.000000e+00
    outer loop
      vertex   -1.437747e+01 2.633037e+01 4.900000e+00
      vertex   -1.248067e+01 2.506457e+01 4.900000e+00
      vertex   -1.246245e+01 2.728896e+01 4.900000e+00
    endloop
  endfacet
  facet normal 0.000000e+00 0.000000e+00 1.000000e+00
    outer loop
      vertex   -1.246245e+01 2.728896e+01 4.900000e+00
      vertex   -1.248067e+01 2.506457e+01 4.900000e+00
      vertex   -1.059551e+01 2.591785e+01 4.900000e+00
    endloop
  endfacet
  facet normal -0.000000e+00 0.000000e+00 1.000000e+00
    outer loop
      vertex   -1.246245e+01 2.728896e+01 4.900000e+00
      vertex   -1.059551e+01 2.591785e+01 4.900000e+00
      vertex   -1.048393e+01 2.810849e+01 4.900000e+00
    endloop
  endfacet
  facet normal 0.000000e+00 0.000000e+00 1.000000e+00
    outer loop
      vertex   -1.048393e+01 2.810849e+01 4.900000e+00
      vertex   -1.059551e+01 2.591785e+01 4.900000e+00
      vertex   -8.652476e+00 2.662958e+01 4.900000e+00
    endloop
  endfacet
  facet normal -0.000000e+00 0.000000e+00 1.000000e+00
    outer loop
      vertex   -1.048393e+01 2.810849e+01 4.900000e+00
      vertex   -8.652476e+00 2.662958e+01 4.900000e+00
      vertex   -8.451977e+00 2.878479e+01 4.900000e+00
    endloop
  endfacet
  facet normal 0.000000e+00 0.000000e+00 1.000000e+00
    outer loop
      vertex   -8.451977e+00 2.878479e+01 4.900000e+00
      vertex   -8.652476e+00 2.662958e+01 4.900000e+00
      vertex   -6.662185e+00 2.719587e+01 4.900000e+00
    endloop
  endfacet
  facet normal -0.000000e+00 0.000000e+00 1.000000e+00
    outer loop
      vertex   -8.451977e+00 2.878479e+01 4.900000e+00
      vertex   -6.662185e+00 2.719587e+01 4.900000e+00
      vertex   -6.376959e+00 2.931441e+01 4.900000e+00
    endloop
  endfacet
  facet normal 0.000000e+00 0.000000e+00 1.000000e+00
    outer loop
      vertex   -6.376959e+00 2.931441e+01 4.900000e+00
      vertex   -6.662185e+00 2.719587e+01 4.900000e+00
      vertex   -4.635509e+00 2.761362e+01 4.900000e+00
    endloop
  endfacet
  facet normal -0.000000e+00 0.000000e+00 1.000000e+00
    outer loop
      vertex   -6.376959e+00 2.931441e+01 4.900000e+00
      vertex   -4.635509e+00 2.761362e+01 4.900000e+00
      vertex   -4.269445e+00 2.969464e+01 4.900000e+00
    endloop
  endfacet
  facet normal 0.000000e+00 0.000000e+00 1.000000e+00
    outer loop
      vertex   -4.269445e+00 2.969464e+01 4.900000e+00
      vertex   -4.635509e+00 2.761362e+01 4.900000e+00
      vertex   -2.583514e+00 2.788056e+01 4.900000e+00
    endloop
  endfacet
  facet normal -0.000000e+00 0.000000e+00 1.000000e+00
    outer loop
      vertex   -4.269445e+00 2.969464e+01 4.900000e+00
      vertex   -2.583514e+00 2.788056e+01 4.900000e+00
      vertex   -2.140175e+00 2.992356e+01 4.900000e+00
    endloop
  endfacet
  facet normal 0.000000e+00 0.000000e+00 1.000000e+00
    outer loop
      vertex   -2.140175e+00 2.992356e+01 4.900000e+00
      vertex   -2.583514e+00 2.788056e+01 4.900000e+00
      vertex   -5.174093e-01 2.799522e+01 4.900000e+00
    endloop
  endfacet
  facet normal -0.000000e+00 0.000000e+00 1.000000e+00
    outer loop
      vertex   -2.140175e+00 2.992356e+01 4.900000e+00
      vertex   -5.174093e-01 2.799522e+01 4.900000e+00
      vertex   -1.836970e-15 3.000000e+01 4.900000e+00
    endloop
  endfacet
  facet normal 0.000000e+00 0.000000e+00 1.000000e+00
    outer loop
      vertex   -1.836970e-15 3.000000e+01 4.900000e+00
      vertex   -5.174093e-01 2.799522e+01 4.900000e+00
      vertex   1.551521e+00 2.795698e+01 4.900000e+00
    endloop
  endfacet
  facet normal 0.000000e+00 0.000000e+00 1.000000e+00
    outer loop
      vertex   -1.836970e-15 3.000000e+01 4.900000e+00
      vertex   1.551521e+00 2.795698e+01 4.900000e+00
      vertex   2.140175e+00 2.992356e+01 4.900000e+00
    endloop
  endfacet
  facet normal 0.000000e+00 0.000000e+00 1.000000e+00
    outer loop
      vertex   2.140175e+00 2.992356e+01 4.900000e+00
      vertex   1.551521e+00 2.795698e+01 4.900000e+00
      vertex   3.611978e+00 2.776605e+01 4.900000e+00
    endloop
  endfacet
  facet normal 0.000000e+00 0.000000e+00 1.000000e+00
    outer loop
      vertex   2.140175e+00 2.992356e+01 4.900000e+00
      vertex   3.611978e+00 2.776605e+01 4.900000e+00
      vertex   4.269445e+00 2.969464e+01 4.900000e+00
    endloop
  endfacet
  facet normal 0.000000e+00 0.000000e+00 1.000000e+00
    outer loop
      vertex   4.269445e+00 2.969464e+01 4.900000e+00
      vertex   3.611978e+00 2.776605e+01 4.900000e+00
      vertex   5.652707e+00 2.742347e+01 4.900000e+00
    endloop
  endfacet
  facet normal 0.000000e+00 0.000000e+00 1.000000e+00
    outer loop
      vertex   4.269445e+00 2.969464e+01 4.900000e+00
      vertex   5.652707e+00 2.742347e+01 4.900000e+00
      vertex   6.376959e+00 2.931441e+01 4.900000e+00
    endloop
  endfacet
  facet normal 0.000000e+00 0.000000e+00 1.000000e+00
    outer loop
      vertex   6.376959e+00 2.931441e+01 4.900000e+00
      vertex   5.652707e+00 2.742347e+01 4.900000e+00
      vertex   7.662564e+00 2.693112e+01 4.900000e+00
    endloop
  endfacet
  facet normal 0.000000e+00 0.000000e+00 1.000000e+00
    outer loop
      vertex   6.376959e+00 2.931441e+01 4.900000e+00
      vertex   7.662564e+00 2.693112e+01 4.900000e+00
      vertex   8.451977e+00 2.878479e+01 4.900000e+00
    endloop
  endfacet
  facet normal 0.000000e+00 0.000000e+00 1.000000e+00
    outer loop
      vertex   8.451977e+00 2.878479e+01 4.900000e+00
      vertex   7.662564e+00 2.693112e+01 4.900000e+00
      vertex   9.630570e+00 2.629167e+01 4.900000e+00
    endloop
  endfacet
  facet normal 0.000000e+00 0.000000e+00 1.000000e+00
    outer loop
      vertex   8.451977e+00 2.878479e+01 4.900000e+00
      vertex   9.630570e+00 2.629167e+01 4.900000e+00
      vertex   1.048393e+01 2.810849e+01 4.900000e+00
    endloop
  endfacet
  facet normal 0.000000e+00 0.000000e+00 1.000000e+00
    outer loop
      vertex   1.048393e+01 2.810849e+01 4.900000e+00
      vertex   9.630570e+00 2.629167e+01 4.900000e+00
      vertex   1.154598e+01 2.550863e+01 4.900000e+00
    endloop
  endfacet
  facet normal 0.000000e+00 0.000000e+00 1.000000e+00
    outer loop
      vertex   1.048393e+01 2.810849e+01 4.900000e+00
      vertex   1.154598e+01 2.550863e+01 4.900000e+00
      vertex   1.246245e+01 2.728896e+01 4.900000e+00
    endloop
  endfacet
  facet normal 0.000000e+00 0.000000e+00 1.000000e+00
    outer loop
      vertex   1.246245e+01 2.728896e+01 4.900000e+00
      vertex   1.154598e+01 2.550863e+01 4.900000e+00
      vertex   1.339832e+01 2.458627e+01 4.900000e+00
    endloop
  endfacet
  facet normal 0.000000e+00 0.000000e+00 1.000000e+00
    outer loop
      vertex   1.246245e+01 2.728896e+01 4.900000e+00
      vertex   1.339832e+01 2.458627e+01 4.900000e+00
      vertex   1.437747e+01 2.633037e+01 4.900000e+00
    endloop
  endfacet
  facet normal 0.000000e+00 0.000000e+00 1.000000e+00
    outer loop
      vertex   1.437747e+01 2.633037e+01 4.900000e+00
      vertex   1.339832e+01 2.458627e+01 4.900000e+00
      vertex   1.621922e+01 2.523761e+01 4.900000e+00
    endloop
  endfacet
  facet normal 0.000000e+00 0.000000e+00 1.000000e+00
    outer loop
      vertex   1.621922e+01 2.523761e+01 4.900000e+00
      vertex   1.339832e+01 2.458627e+01 4.900000e+00
      vertex   1.517749e+01 2.352963e+01 4.900000e+00
    endloop
  endfacet
  facet normal 0.000000e+00 0.000000e+00 1.000000e+00
    outer loop
      vertex   1.621922e+01 2.523761e+01 4.900000e+00
      vertex   1.517749e+01 2.352963e+01 4.900000e+00
      vertex   1.797833e+01 2.401624e+01 4.900000e+00
    endloop
  endfacet
  facet normal 0.000000e+00 0.000000e+00 1.000000e+00
    outer loop
      vertex   1.797833e+01 2.401624e+01 4.900000e+00
      vertex   1.517749e+01 2.352963e+01 4.900000e+00
      vertex   1.687377e+01 2.234448e+01 4.900000e+00
    endloop
  endfacet
  facet normal 0.000000e+00 0.000000e+00 1.000000e+00
    outer loop
      vertex   1.797833e+01 2.401624e+01 4.900000e+00
      vertex   1.687377e+01 2.234448e+01 4.900000e+00
      vertex   1.964582e+01 2.267249e+01 4.900000e+00
    endloop
  endfacet
  facet normal 0.000000e+00 0.000000e+00 1.000000e+00
    outer loop
      vertex   1.964582e+01 2.267249e+01 4.900000e+00
      vertex   1.687377e+01 2.234448e+01 4.900000e+00
      vertex   1.847789e+01 2.103729e+01 4.900000e+00
    endloop
  endfacet
  facet normal 0.000000e+00 0.000000e+00 1.000000e+00
    outer loop
      vertex   1.964582e+01 2.267249e+01 4.900000e+00
      vertex   1.847789e+01 2.103729e+01 4.900000e+00
      vertex   2.121320e+01 2.121320e+01 4.900000e+00
    endloop
  endfacet
  facet normal 0.000000e+00 0.000000e+00 1.000000e+00
    outer loop
      vertex   2.121320e+01 2.121320e+01 4.900000e+00
      vertex   1.847789e+01 2.103729e+01 4.900000e+00
      vertex   1.998108e+01 1.961521e+01 4.900000e+00
    endloop
  endfacet
  facet normal 0.000000e+00 0.000000e+00 1.000000e+00
    outer loop
      vertex   2.121320e+01 2.121320e+01 4.900000e+00
      vertex   1.998108e+01 1.961521e+01 4.900000e+00
      vertex   2.267249e+01 1.964582e+01 4.900000e+00
    endloop
  endfacet
  facet normal 0.000000e+00 0.000000e+00 1.000000e+00
    outer loop
      vertex   2.267249e+01 1.964582e+01 4.900000e+00
      vertex   1.998108e+01 1.961521e+01 4.900000e+00
      vertex   2.137515e+01 1.808599e+01 4.900000e+00
    endloop
  endfacet
  facet normal 0.000000e+00 0.000000e+00 1.000000e+00
    outer loop
      vertex   2.267249e+01 1.964582e+01 4.900000e+00
      vertex   2.137515e+01 1.808599e+01 4.900000e+00
      vertex   2.401624e+01 1.797833e+01 4.900000e+00
    endloop
  endfacet
  facet normal 0.000000e+00 0.000000e+00 1.000000e+00
    outer loop
      vertex   2.401624e+01 1.797833e+01 4.900000e+00
      vertex   2.137515e+01 1.808599e+01 4.900000e+00
      vertex   2.265248e+01 1.645799e+01 4.900000e+00
    endloop
  endfacet
  facet normal 0.000000e+00 0.000000e+00 1.000000e+00
    outer loop
      vertex   2.401624e+01 1.797833e+01 4.900000e+00
      vertex   2.265248e+01 1.645799e+01 4.900000e+00
      vertex   2.523761e+01 1.621922e+01 4.900000e+00
    endloop
  endfacet
  facet normal 0.000000e+00 0.000000e+00 1.000000e+00
    outer loop
      vertex   2.523761e+01 1.621922e+01 4.900000e+00
      vertex   2.265248e+01 1.645799e+01 4.900000e+00
      vertex   2.380608e+01 1.474010e+01 4.900000e+00
    endloop
  endfacet
  facet normal 0.000000e+00 0.000000e+00 1.000000e+00
    outer loop
      vertex   2.523761e+01 1.621922e+01 4.900000e+00
      vertex   2.380608e+01 1.474010e+01 4.900000e+00
      vertex   2.633037e+01 1.437747e+01 4.900000e+00
    endloop
  endfacet
  facet normal 0.000000e+00 0.000000e+00 1.000000e+00
    outer loop
      vertex   2.633037e+01 1.437747e+01 4.900000e+00
      vertex   2.380608e+01 1.474010e+01 4.900000e+00
      vertex   2.482966e+01 1.294171e+01 4.900000e+00
    endloop
  endfacet
  facet normal 0.000000e+00 0.000000e+00 1.000000e+00
    outer loop
      vertex   2.633037e+01 1.437747e+01 4.900000e+00
      vertex   2.482966e+01 1.294171e+01 4.900000e+00
      vertex   2.728896e+01 1.246245e+01 4.900000e+00
    endloop
  endfacet
  facet normal 0.000000e+00 0.000000e+00 1.000000e+00
    outer loop
      vertex   2.728896e+01 1.246245e+01 4.900000e+00
      vertex   2.482966e+01 1.294171e+01 4.900000e+00
      vertex   2.571764e+01 1.107263e+01 4.900000e+00
    endloop
  endfacet
  facet normal 0.000000e+00 0.000000e+00 1.000000e+00
    outer loop
      vertex   2.728896e+01 1.246245e+01 4.900000e+00
      vertex   2.571764e+01 1.107263e+01 4.900000e+00
      vertex   2.810849e+01 1.048393e+01 4.900000e+00
    endloop
  endfacet
  facet normal 0.000000e+00 0.000000e+00 1.000000e+00
    outer loop
      vertex   2.810849e+01 1.048393e+01 4.900000e+00
      vertex   2.571764e+01 1.107263e+01 4.900000e+00
      vertex   2.646515e+01 9.143084e+00 4.900000e+00
    endloop
  endfacet
  facet normal 0.000000e+00 0.000000e+00 1.000000e+00
    outer loop
      vertex   2.810849e+01 1.048393e+01 4.900000e+00
      vertex   2.646515e+01 9.143084e+00 4.900000e+00
      vertex   2.878479e+01 8.451977e+00 4.900000e+00
    endloop
  endfacet
  facet normal 0.000000e+00 0.000000e+00 1.000000e+00
    outer loop
      vertex   2.878479e+01 8.451977e+00 4.900000e+00
      vertex   2.646515e+01 9.143084e+00 4.900000e+00
      vertex   2.706812e+01 7.163598e+00 4.900000e+00
    endloop
  endfacet
  facet normal 0.000000e+00 0.000000e+00 1.000000e+00
    outer loop
      vertex   2.878479e+01 8.451977e+00 4.900000e+00
      vertex   2.706812e+01 7.163598e+00 4.900000e+00
      vertex   2.931441e+01 6.376959e+00 4.900000e+00
    endloop
  endfacet
  facet normal 0.000000e+00 0.000000e+00 1.000000e+00
    outer loop
      vertex   2.931441e+01 6.376959e+00 4.900000e+00
      vertex   2.706812e+01 7.163598e+00 4.900000e+00
      vertex   2.752325e+01 5.144986e+00 4.900000e+00
    endloop
  endfacet
  facet normal 0.000000e+00 0.000000e+00 1.000000e+00
    outer loop
      vertex   2.931441e+01 6.376959e+00 4.900000e+00
      vertex   2.752325e+01 5.144986e+00 4.900000e+00
      vertex   2.969464e+01 4.269445e+00 4.900000e+00
    endloop
  endfacet
  facet normal 0.000000e+00 0.000000e+00 1.000000e+00
    outer loop
      vertex   2.969464e+01 4.269445e+00 4.900000e+00
      vertex   2.752325e+01 5.144986e+00 4.900000e+00
      vertex   2.782806e+01 3.098275e+00 4.900000e+00
    endloop
  endfacet
  facet normal 0.000000e+00 0.000000e+00 1.000000e+00
    outer loop
      vertex   2.969464e+01 4.269445e+00 4.900000e+00
      vertex   2.782806e+01 3.098275e+00 4.900000e+00
      vertex   2.992356e+01 2.140175e+00 4.900000e+00
    endloop
  endfacet
  facet normal 0.000000e+00 0.000000e+00 1.000000e+00
    outer loop
      vertex   2.992356e+01 2.140175e+00 4.900000e+00
      vertex   2.782806e+01 3.098275e+00 4.900000e+00
      vertex   2.798088e+01 1.034642e+00 4.900000e+00
    endloop
  endfacet
  facet normal 0.000000e+00 0.000000e+00 1.000000e+00
    outer loop
      vertex   2.992356e+01 2.140175e+00 4.900000e+00
      vertex   2.798088e+01 1.034642e+00 4.900000e+00
      vertex   3.000000e+01 3.673940e-15 4.900000e+00
    endloop
  endfacet
  facet normal 0.000000e+00 0.000000e+00 1.000000e+00
    outer loop
      vertex   3.000000e+01 3.673940e-15 4.900000e+00
      vertex   2.798088e+01 1.034642e+00 4.900000e+00
      vertex   2.798088e+01 -1.034642e+00 4.900000e+00
    endloop
  endfacet
  facet normal 0.000000e+00 0.000000e+00 1.000000e+00
    outer loop
      vertex   3.000000e+01 3.673940e-15 4.900000e+00
      vertex   2.798088e+01 -1.034642e+00 4.900000e+00
      vertex   2.992356e+01 -2.140175e+00 4.900000e+00
    endloop
  endfacet
  facet normal 0.000000e+00 0.000000e+00 1.000000e+00
    outer loop
      vertex   2.992356e+01 -2.140175e+00 4.900000e+00
      vertex   2.798088e+01 -1.034642e+00 4.900000e+00
      vertex   2.782806e+01 -3.098275e+00 4.900000e+00
    endloop
  endfacet
  facet normal 0.000000e+00 0.000000e+00 1.000000e+00
    outer loop
      vertex   2.992356e+01 -2.140175e+00 4.900000e+00
      vertex   2.782806e+01 -3.098275e+00 4.900000e+00
      vertex   2.969464e+01 -4.269445e+00 4.900000e+00
    endloop
  endfacet
  facet normal 0.000000e+00 0.000000e+00 1.000000e+00
    outer loop
      vertex   2.969464e+01 -4.269445e+00 4.900000e+00
      vertex   2.782806e+01 -3.098275e+00 4.900000e+00
      vertex   2.752325e+01 -5.144986e+00 4.900000e+00
    endloop
  endfacet
  facet normal 0.000000e+00 0.000000e+00 1.000000e+00
    outer loop
      vertex   2.969464e+01 -4.269445e+00 4.900000e+00
      vertex   2.752325e+01 -5.144986e+00 4.900000e+00
      vertex   2.931441e+01 -6.376959e+00 4.900000e+00
    endloop
  endfacet
  facet normal 0.000000e+00 0.000000e+00 1.000000e+00
    outer loop
      vertex   2.931441e+01 -6.376959e+00 4.900000e+00
      vertex   2.752325e+01 -5.144986e+00 4.900000e+00
      vertex   2.706812e+01 -7.163598e+00 4.900000e+00
    endloop
  endfacet
  facet normal 0.000000e+00 0.000000e+00 1.000000e+00
    outer loop
      vertex   2.931441e+01 -6.376959e+00 4.900000e+00
      vertex   2.706812e+01 -7.163598e+00 4.900000e+00
      vertex   2.878479e+01 -8.451977e+00 4.900000e+00
    endloop
  endfacet
  facet normal 0.000000e+00 0.000000e+00 1.000000e+00
    outer loop
      vertex   2.878479e+01 -8.451977e+00 4.900000e+00
      vertex   2.706812e+01 -7.163598e+00 4.900000e+00
      vertex   2.646515e+01 -9.143084e+00 4.900000e+00
    endloop
  endfacet
  facet normal 0.000000e+00 0.000000e+00 1.000000e+00
    outer loop
      vertex   2.878479e+01 -8.451977e+00 4.900000e+00
      vertex   2.646515e+01 -9.143084e+00 4.900000e+00
      vertex   2.810849e+01 -1.048393e+01 4.900000e+00
    endloop
  endfacet
  facet normal 0.000000e+00 0.000000e+00 1.000000e+00
    outer loop
      vertex   2.810849e+01 -1.048393e+01 4.900000e+00
      vertex   2.646515e+01 -9.143084e+00 4.900000e+00
      vertex   2.571764e+01 -1.107263e+01 4.900000e+00
    endloop
  endfacet
  facet normal 0.000000e+00 0.000000e+00 1.000000e+00
    outer loop
      vertex   2.810849e+01 -1.048393e+01 4.900000e+00
      vertex   2.571764e+01 -1.107263e+01 4.900000e+00
      vertex   2.728896e+01 -1.246245e+01 4.900000e+00
    endloop
  endfacet
  facet normal 0.000000e+00 0.000000e+00 1.000000e+00
    outer loop
      vertex   2.728896e+01 -1.246245e+01 4.900000e+00
      vertex   2.571764e+01 -1.107263e+01 4.900000e+00
      vertex   2.482966e+01 -1.294171e+01 4.900000e+00
    endloop
  endfacet
  facet normal 0.000000e+00 0.000000e+00 1.000000e+00
    outer loop
      vertex   2.728896e+01 -1.246245e+01 4.900000e+00
      vertex   2.482966e+01 -1.294171e+01 4.900000e+00
      vertex   2.633037e+01 -1.437747e+01 4.900000e+00
    endloop
  endfacet
  facet normal 0.000000e+00 0.000000e+00 1.000000e+00
    outer loop
      vertex   2.633037e+01 -1.437747e+01 4.900000e+00
      vertex   2.482966e+01 -1.294171e+01 4.900000e+00
      vertex   2.380608e+01 -1.474010e+01 4.900000e+00
    endloop
  endfacet
  facet normal 0.000000e+00 0.000000e+00 1.000000e+00
    outer loop
      vertex   2.633037e+01 -1.437747e+01 4.900000e+00
      vertex   2.380608e+01 -1.474010e+01 4.900000e+00
      vertex   2.523761e+01 -1.621922e+01 4.900000e+00
    endloop
  endfacet
  facet normal 0.000000e+00 0.000000e+00 1.000000e+00
    outer loop
      vertex   2.523761e+01 -1.621922e+01 4.900000e+00
      vertex   2.380608e+01 -1.474010e+01 4.900000e+00
      vertex   2.265248e+01 -1.645799e+01 4.900000e+00
    endloop
  endfacet
  facet normal 0.000000e+00 0.000000e+00 1.000000e+00
    outer loop
      vertex   2.523761e+01 -1.621922e+01 4.900000e+00
      vertex   2.265248e+01 -1.645799e+01 4.900000e+00
      vertex   2.401624e+01 -1.797833e+01 4.900000e+00
    endloop
  endfacet
  facet normal 0.000000e+00 0.000000e+00 1.000000e+00
    outer loop
      vertex   2.401624e+01 -1.797833e+01 4.900000e+00
      vertex   2.265248e+01 -1.645799e+01 4.900000e+00
      vertex   2.137515e+01 -1.808599e+01 4.900000e+00
    endloop
  endfacet
  facet normal 0.000000e+00 0.000000e+00 1.000000e+00
    outer loop
      vertex   2.401624e+01 -1.797833e+01 4.900000e+00
      vertex   2.137515e+01 -1.808599e+01 4.900000e+00
      vertex   2.267249e+01 -1.964582e+01 4.900000e+00
    endloop
  endfacet
  facet normal 0.000000e+00 0.000000e+00 1.000000e+00
    outer loop
      vertex   2.267249e+01 -1.964582e+01 4.900000e+00
      vertex   2.137515e+01 -1.808599e+01 4.900000e+00
      vertex   1.998108e+01 -1.961521e+01 4.900000e+00
    endloop
  endfacet
  facet normal 0.000000e+00 0.000000e+00 1.000000e+00
    outer loop
      vertex   2.267249e+01 -1.964582e+01 4.900000e+00
      vertex   1.998108e+01 -1.961521e+01 4.900000e+00
      vertex   2.121320e+01 -2.121320e+01 4.900000e+00
    endloop
  endfacet
  facet normal 0.000000e+00 0.000000e+00 1.000000e+00
    outer loop
      vertex   2.121320e+01 -2.121320e+01 4.900000e+00
      vertex   1.998108e+01 -1.961521e+01 4.900000e+00
      vertex   1.847789e+01 -2.103729e+01 4.900000e+00
    endloop
  endfacet
  facet normal 0.000000e+00 0.000000e+00 1.000000e+00
    outer loop
      vertex   2.121320e+01 -2.121320e+01 4.900000e+00
      vertex   1.847789e+01 -2.103729e+01 4.900000e+00
      vertex   1.964582e+01 -2.267249e+01 4.900000e+00
    endloop
  endfacet
  facet normal 0.000000e+00 0.000000e+00 1.000000e+00
    outer loop
      vertex   1.964582e+01 -2.267249e+01 4.900000e+00
      vertex   1.847789e+01 -2.103729e+01 4.900000e+00
      vertex   1.687377e+01 -2.234448e+01 4.900000e+00
    endloop
  endfacet
  facet normal 0.000000e+00 0.000000e+00 1.000000e+00
    outer loop
      vertex   1.964582e+01 -2.267249e+01 4.900000e+00
      vertex   1.687377e+01 -2.234448e+01 4.900000e+00
      vertex   1.797833e+01 -2.401624e+01 4.900000e+00
    endloop
  endfacet
  facet normal 0.000000e+00 0.000000e+00 1.000000e+00
    outer loop
      vertex   1.797833e+01 -2.401624e+01 4.900000e+00
      vertex   1.687377e+01 -2.234448e+01 4.900000e+00
      vertex   1.517749e+01 -2.352963e+01 4.900000e+00
    endloop
  endfacet
  facet normal 0.000000e+00 0.000000e+00 1.000000e+00
    outer loop
      vertex   1.797833e+01 -2.401624e+01 4.900000e+00
      vertex   1.517749e+01 -2.352963e+01 4.900000e+00
      vertex   1.621922e+01 -2.523761e+01 4.900000e+00
    endloop
  endfacet
  facet normal 0.000000e+00 0.000000e+00 1.000000e+00
    outer loop
      vertex   1.621922e+01 -2.523761e+01 4.900000e+00
      vertex   1.517749e+01 -2.352963e+01 4.900000e+00
      vertex   1.339832e+01 -2.458627e+01 4.900000e+00
    endloop
  endfacet
  facet normal 0.000000e+00 0.000000e+00 1.000000e+00
    outer loop
      vertex   1.621922e+01 -2.523761e+01 4.900000e+00
      vertex   1.339832e+01 -2.458627e+01 4.900000e+00
      vertex   1.437747e+01 -2.633037e+01 4.900000e+00
    endloop
  endfacet
  facet normal 0.000000e+00 0.000000e+00 1.000000e+00
    outer loop
      vertex   1.437747e+01 -2.633037e+01 4.900000e+00
      vertex   1.339832e+01 -2.458627e+01 4.900000e+00
      vertex   1.246245e+01 -2.728896e+01 4.900000e+00
    endloop
  endfacet
  facet normal 0.000000e+00 -0.000000e+00 1.000000e+00
    outer loop
      vertex   1.246245e+01 -2.728896e+01 4.900000e+00
      vertex   1.339832e+01 -2.458627e+01 4.900000e+00
      vertex   1.154598e+01 -2.550863e+01 4.900000e+00
    endloop
  endfacet
  facet normal 0.000000e+00 0.000000e+00 1.000000e+00
    outer loop
      vertex   1.246245e+01 -2.728896e+01 4.900000e+00
      vertex   1.154598e+01 -2.550863e+01 4.900000e+00
      vertex   1.048393e+01 -2.810849e+01 4.900000e+00
    endloop
  endfacet
  facet normal 0.000000e+00 -0.000000e+00 1.000000e+00
    outer loop
      vertex   1.048393e+01 -2.810849e+01 4.900000e+00
      vertex   1.154598e+01 -2.550863e+01 4.900000e+00
      vertex   9.630570e+00 -2.629167e+01 4.900000e+00
    endloop
  endfacet
  facet normal 0.000000e+00 0.000000e+00 1.000000e+00
    outer loop
      vertex   1.048393e+01 -2.810849e+01 4.900000e+00
      vertex   9.630570e+00 -2.629167e+01 4.900000e+00
      vertex   8.451977e+00 -2.878479e+01 4.900000e+00
    endloop
  endfacet
  facet normal 0.000000e+00 -0.000000e+00 1.000000e+00
    outer loop
      vertex   8.451977e+00 -2.878479e+01 4.900000e+00
      vertex   9.630570e+00 -2.629167e+01 4.900000e+00
      vertex   7.662564e+00 -2.693112e+01 4.900000e+00
    endloop
  endfacet
  facet normal 0.000000e+00 0.000000e+00 1.000000e+00
    outer loop
      vertex   8.451977e+00 -2.878479e+01 4.900000e+00
      vertex   7.662564e+00 -2.693112e+01 4.900000e+00
      vertex   6.376959e+00 -2.931441e+01 4.900000e+00
    endloop
  endfacet
  facet normal 0.000000e+00 -0.000000e+00 1.000000e+00
    outer loop
      vertex   6.376959e+00 -2.931441e+01 4.900000e+00
      vertex   7.662564e+00 -2.693112e+01 4.900000e+00
      vertex   5.652707e+00 -2.742347e+01 4.900000e+00
    endloop
  endfacet
  facet normal 0.000000e+00 0.000000e+00 1.000000e+00
    outer loop
      vertex   6.376959e+00 -2.931441e+01 4.900000e+00
      vertex   5.652707e+00 -2.742347e+01 4.900000e+00
      vertex   4.269445e+00 -2.969464e+01 4.900000e+00
    endloop
  endfacet
  facet normal 0.000000e+00 -0.000000e+00 1.000000e+00
    outer loop
      vertex   4.269445e+00 -2.969464e+01 4.900000e+00
      vertex   5.652707e+00 -2.742347e+01 4.900000e+00
      vertex   3.611978e+00 -2.776605e+01 4.900000e+00
    endloop
  endfacet
  facet normal 0.000000e+00 0.000000e+00 1.000000e+00
    outer loop
      vertex   4.269445e+00 -2.969464e+01 4.900000e+00
      vertex   3.611978e+00 -2.776605e+01 4.900000e+00
      vertex   2.140175e+00 -2.992356e+01 4.900000e+00
    endloop
  endfacet
  facet normal 0.000000e+00 -0.000000e+00 1.000000e+00
    outer loop
      vertex   2.140175e+00 -2.992356e+01 4.900000e+00
      vertex   3.611978e+00 -2.776605e+01 4.900000e+00
      vertex   1.551521e+00 -2.795698e+01 4.900000e+00
    endloop
  endfacet
  facet normal 0.000000e+00 0.000000e+00 1.000000e+00
    outer loop
      vertex   2.140175e+00 -2.992356e+01 4.900000e+00
      vertex   1.551521e+00 -2.795698e+01 4.900000e+00
      vertex   -1.836970e-15 -3.000000e+01 4.900000e+00
    endloop
  endfacet
  facet normal 0.000000e+00 -0.000000e+00 1.000000e+00
    outer loop
      vertex   -1.836970e-15 -3.000000e+01 4.900000e+00
      vertex   1.551521e+00 -2.795698e+01 4.900000e+00
      vertex   -5.174093e-01 -2.799522e+01 4.900000e+00
    endloop
  endfacet
  facet normal 0.000000e+00 0.000000e+00 1.000000e+00
    outer loop
      vertex   -1.836970e-15 -3.000000e+01 4.900000e+00
      vertex   -5.174093e-01 -2.799522e+01 4.900000e+00
      vertex   -2.140175e+00 -2.992356e+01 4.900000e+00
    endloop
  endfacet
  facet normal 0.000000e+00 -0.000000e+00 1.000000e+00
    outer loop
      vertex   -2.140175e+00 -2.992356e+01 4.900000e+00
      vertex   -5.174093e-01 -2.799522e+01 4.900000e+00
      vertex   -2.583514e+00 -2.788056e+01 4.900000e+00
    endloop
  endfacet
  facet normal 0.000000e+00 0.000000e+00 1.000000e+00
    outer loop
      vertex   -2.140175e+00 -2.992356e+01 4.900000e+00
      vertex   -2.583514e+00 -2.788056e+01 4.900000e+00
      vertex   -4.269445e+00 -2.969464e+01 4.900000e+00
    endloop
  endfacet
  facet normal 0.000000e+00 -0.000000e+00 1.000000e+00
    outer loop
      vertex   -4.269445e+00 -2.969464e+01 4.900000e+00
      vertex   -2.583514e+00 -2.788056e+01 4.900000e+00
      vertex   -4.635509e+00 -2.761362e+01 4.900000e+00
    endloop
  endfacet
  facet normal 0.000000e+00 0.000000e+00 1.000000e+00
    outer loop
      vertex   -4.269445e+00 -2.969464e+01 4.900000e+00
      vertex   -4.635509e+00 -2.761362e+01 4.900000e+00
      vertex   -6.376959e+00 -2.931441e+01 4.900000e+00
    endloop
  endfacet
  facet normal 0.000000e+00 -0.000000e+00 1.000000e+00
    outer loop
      vertex   -6.376959e+00 -2.931441e+01 4.900000e+00
      vertex   -4.635509e+00 -2.761362e+01 4.900000e+00
      vertex   -6.662185e+00 -2.719587e+01 4.900000e+00
    endloop
  endfacet
  facet normal 0.000000e+00 0.000000e+00 1.000000e+00
    outer loop
      vertex   -6.376959e+00 -2.931441e+01 4.900000e+00
      vertex   -6.662185e+00 -2.719587e+01 4.900000e+00
      vertex   -8.451977e+00 -2.878479e+01 4.900000e+00
    endloop
  endfacet
  facet normal 0.000000e+00 -0.000000e+00 1.000000e+00
    outer loop
      vertex   -8.451977e+00 -2.878479e+01 4.900000e+00
      vertex   -6.662185e+00 -2.719587e+01 4.900000e+00
      vertex   -8.652476e+00 -2.662958e+01 4.900000e+00
    endloop
  endfacet
  facet normal 0.000000e+00 0.000000e+00 1.000000e+00
    outer loop
      vertex   -8.451977e+00 -2.878479e+01 4.900000e+00
      vertex   -8.652476e+00 -2.662958e+01 4.900000e+00
      vertex   -1.048393e+01 -2.810849e+01 4.900000e+00
    endloop
  endfacet
  facet normal 0.000000e+00 -0.000000e+00 1.000000e+00
    outer loop
      vertex   -1.048393e+01 -2.810849e+01 4.900000e+00
      vertex   -8.652476e+00 -2.662958e+01 4.900000e+00
      vertex   -1.059551e+01 -2.591785e+01 4.900000e+00
    endloop
  endfacet
  facet normal 0.000000e+00 0.000000e+00 1.000000e+00
    outer loop
      vertex   -1.048393e+01 -2.810849e+01 4.900000e+00
      vertex   -1.059551e+01 -2.591785e+01 4.900000e+00
      vertex   -1.246245e+01 -2.728896e+01 4.900000e+00
    endloop
  endfacet
  facet normal 0.000000e+00 -0.000000e+00 1.000000e+00
    outer loop
      vertex   -1.246245e+01 -2.728896e+01 4.900000e+00
      vertex   -1.059551e+01 -2.591785e+01 4.900000e+00
      vertex   -1.248067e+01 -2.506457e+01 4.900000e+00
    endloop
  endfacet
  facet normal 0.000000e+00 0.000000e+00 1.000000e+00
    outer loop
      vertex   -1.246245e+01 -2.728896e+01 4.900000e+00
      vertex   -1.248067e+01 -2.506457e+01 4.900000e+00
      vertex   -1.437747e+01 -2.633037e+01 4.900000e+00
    endloop
  endfacet
  facet normal 0.000000e+00 0.000000e+00 1.000000e+00
    outer loop
      vertex   -1.437747e+01 -2.633037e+01 4.900000e+00
      vertex   -1.248067e+01 -2.506457e+01 4.900000e+00
      vertex   -1.429767e+01 -2.407440e+01 4.900000e+00
    endloop
  endfacet
  facet normal 0.000000e+00 -0.000000e+00 1.000000e+00
    outer loop
      vertex   -1.437747e+01 -2.633037e+01 4.900000e+00
      vertex   -1.429767e+01 -2.407440e+01 4.900000e+00
      vertex   -1.621922e+01 -2.523761e+01 4.900000e+00
    endloop
  endfacet
  facet normal 0.000000e+00 0.000000e+00 1.000000e+00
    outer loop
      vertex   -1.621922e+01 -2.523761e+01 4.900000e+00
      vertex   -1.429767e+01 -2.407440e+01 4.900000e+00
      vertex   -1.603658e+01 -2.295273e+01 4.900000e+00
    endloop
  endfacet
  facet normal 0.000000e+00 -0.000000e+00 1.000000e+00
    outer loop
      vertex   -1.621922e+01 -2.523761e+01 4.900000e+00
      vertex   -1.603658e+01 -2.295273e+01 4.900000e+00
      vertex   -1.797833e+01 -2.401624e+01 4.900000e+00
    endloop
  endfacet
  facet normal 0.000000e+00 0.000000e+00 1.000000e+00
    outer loop
      vertex   -1.797833e+01 -2.401624e+01 4.900000e+00
      vertex   -1.603658e+01 -2.295273e+01 4.900000e+00
      vertex   -1.768791e+01 -2.170571e+01 4.900000e+00
    endloop
  endfacet
  facet normal 0.000000e+00 -0.000000e+00 1.000000e+00
    outer loop
      vertex   -1.797833e+01 -2.401624e+01 4.900000e+00
      vertex   -1.768791e+01 -2.170571e+01 4.900000e+00
      vertex   -1.964582e+01 -2.267249e+01 4.900000e+00
    endloop
  endfacet
  facet normal 0.000000e+00 0.000000e+00 1.000000e+00
    outer loop
      vertex   -1.964582e+01 -2.267249e+01 4.900000e+00
      vertex   -1.768791e+01 -2.170571e+01 4.900000e+00
      vertex   -1.924263e+01 -2.034014e+01 4.900000e+00
    endloop
  endfacet
  facet normal 0.000000e+00 -0.000000e+00 1.000000e+00
    outer loop
      vertex   -1.964582e+01 -2.267249e+01 4.900000e+00
      vertex   -1.924263e+01 -2.034014e+01 4.900000e+00
      vertex   -2.121320e+01 -2.121320e+01 4.900000e+00
    endloop
  endfacet
  facet normal 0.000000e+00 0.000000e+00 1.000000e+00
    outer loop
      vertex   -2.121320e+01 -2.121320e+01 4.900000e+00
      vertex   -1.924263e+01 -2.034014e+01 4.900000e+00
      vertex   -2.069225e+01 -1.886348e+01 4.900000e+00
    endloop
  endfacet
  facet normal 0.000000e+00 -0.000000e+00 1.000000e+00
    outer loop
      vertex   -2.121320e+01 -2.121320e+01 4.900000e+00
      vertex   -2.069225e+01 -1.886348e+01 4.900000e+00
      vertex   -2.267249e+01 -1.964582e+01 4.900000e+00
    endloop
  endfacet
  facet normal 0.000000e+00 0.000000e+00 1.000000e+00
    outer loop
      vertex   -2.267249e+01 -1.964582e+01 4.900000e+00
      vertex   -2.069225e+01 -1.886348e+01 4.900000e+00
      vertex   -2.202886e+01 -1.728379e+01 4.900000e+00
    endloop
  endfacet
  facet normal 0.000000e+00 -0.000000e+00 1.000000e+00
    outer loop
      vertex   -2.267249e+01 -1.964582e+01 4.900000e+00
      vertex   -2.202886e+01 -1.728379e+01 4.900000e+00
      vertex   -2.401624e+01 -1.797833e+01 4.900000e+00
    endloop
  endfacet
  facet normal 0.000000e+00 0.000000e+00 1.000000e+00
    outer loop
      vertex   -2.401624e+01 -1.797833e+01 4.900000e+00
      vertex   -2.202886e+01 -1.728379e+01 4.900000e+00
      vertex   -2.324515e+01 -1.560970e+01 4.900000e+00
    endloop
  endfacet
  facet normal 0.000000e+00 -0.000000e+00 1.000000e+00
    outer loop
      vertex   -2.401624e+01 -1.797833e+01 4.900000e+00
      vertex   -2.324515e+01 -1.560970e+01 4.900000e+00
      vertex   -2.523761e+01 -1.621922e+01 4.900000e+00
    endloop
  endfacet
  facet normal 0.000000e+00 0.000000e+00 1.000000e+00
    outer loop
      vertex   -2.523761e+01 -1.621922e+01 4.900000e+00
      vertex   -2.324515e+01 -1.560970e+01 4.900000e+00
      vertex   -2.433449e+01 -1.385036e+01 4.900000e+00
    endloop
  endfacet
  facet normal 0.000000e+00 -0.000000e+00 1.000000e+00
    outer loop
      vertex   -2.523761e+01 -1.621922e+01 4.900000e+00
      vertex   -2.433449e+01 -1.385036e+01 4.900000e+00
      vertex   -2.633037e+01 -1.437747e+01 4.900000e+00
    endloop
  endfacet
  facet normal 0.000000e+00 0.000000e+00 1.000000e+00
    outer loop
      vertex   -2.633037e+01 -1.437747e+01 4.900000e+00
      vertex   -2.433449e+01 -1.385036e+01 4.900000e+00
      vertex   -2.529092e+01 -1.201538e+01 4.900000e+00
    endloop
  endfacet
  facet normal 0.000000e+00 -0.000000e+00 1.000000e+00
    outer loop
      vertex   -2.633037e+01 -1.437747e+01 4.900000e+00
      vertex   -2.529092e+01 -1.201538e+01 4.900000e+00
      vertex   -2.728896e+01 -1.246245e+01 4.900000e+00
    endloop
  endfacet
  facet normal 0.000000e+00 0.000000e+00 1.000000e+00
    outer loop
      vertex   -2.728896e+01 -1.246245e+01 4.900000e+00
      vertex   -2.529092e+01 -1.201538e+01 4.900000e+00
      vertex   -2.610922e+01 -1.011477e+01 4.900000e+00
    endloop
  endfacet
  facet normal 0.000000e+00 -0.000000e+00 1.000000e+00
    outer loop
      vertex   -2.728896e+01 -1.246245e+01 4.900000e+00
      vertex   -2.610922e+01 -1.011477e+01 4.900000e+00
      vertex   -2.810849e+01 -1.048393e+01 4.900000e+00
    endloop
  endfacet
  facet normal 0.000000e+00 0.000000e+00 1.000000e+00
    outer loop
      vertex   -2.810849e+01 -1.048393e+01 4.900000e+00
      vertex   -2.610922e+01 -1.011477e+01 4.900000e+00
      vertex   -2.678492e+01 -8.158913e+00 4.900000e+00
    endloop
  endfacet
  facet normal 0.000000e+00 -0.000000e+00 1.000000e+00
    outer loop
      vertex   -2.810849e+01 -1.048393e+01 4.900000e+00
      vertex   -2.678492e+01 -8.158913e+00 4.900000e+00
      vertex   -2.878479e+01 -8.451977e+00 4.900000e+00
    endloop
  endfacet
  facet normal 0.000000e+00 0.000000e+00 1.000000e+00
    outer loop
      vertex   -2.878479e+01 -8.451977e+00 4.900000e+00
      vertex   -2.678492e+01 -8.158913e+00 4.900000e+00
      vertex   -2.731434e+01 -6.158498e+00 4.900000e+00
    endloop
  endfacet
  facet normal 0.000000e+00 -0.000000e+00 1.000000e+00
    outer loop
      vertex   -2.878479e+01 -8.451977e+00 4.900000e+00
      vertex   -2.731434e+01 -6.158498e+00 4.900000e+00
      vertex   -2.931441e+01 -6.376959e+00 4.900000e+00
    endloop
  endfacet
  facet normal 0.000000e+00 0.000000e+00 1.000000e+00
    outer loop
      vertex   -2.931441e+01 -6.376959e+00 4.900000e+00
      vertex   -2.731434e+01 -6.158498e+00 4.900000e+00
      vertex   -2.769457e+01 -4.124448e+00 4.900000e+00
    endloop
  endfacet
  facet normal 0.000000e+00 -0.000000e+00 1.000000e+00
    outer loop
      vertex   -2.931441e+01 -6.376959e+00 4.900000e+00
      vertex   -2.769457e+01 -4.124448e+00 4.900000e+00
      vertex   -2.969464e+01 -4.269445e+00 4.900000e+00
    endloop
  endfacet
  facet normal 0.000000e+00 0.000000e+00 1.000000e+00
    outer loop
      vertex   -2.969464e+01 -4.269445e+00 4.900000e+00
      vertex   -2.769457e+01 -4.124448e+00 4.900000e+00
      vertex   -2.792354e+01 -2.067871e+00 4.900000e+00
    endloop
  endfacet
  facet normal 0.000000e+00 -0.000000e+00 1.000000e+00
    outer loop
      vertex   -2.969464e+01 -4.269445e+00 4.900000e+00
      vertex   -2.792354e+01 -2.067871e+00 4.900000e+00
      vertex   -2.992356e+01 -2.140175e+00 4.900000e+00
    endloop
  endfacet
  facet normal 0.000000e+00 0.000000e+00 1.000000e+00
    outer loop
      vertex   -2.992356e+01 -2.140175e+00 4.900000e+00
      vertex   -2.792354e+01 -2.067871e+00 4.900000e+00
      vertex   -2.800000e+01 -3.429011e-15 4.900000e+00
    endloop
  endfacet
  facet normal -3.750640e-16 -1.711112e-16 -1.000000e+00
    outer loop
      vertex   -1.394273e+01 2.656314e+01 -4.900000e+00
      vertex   -1.631165e+01 3.175563e+01 -4.900000e+00
      vertex   -1.200000e+01 2.749545e+01 -4.900000e+00
    endloop
  endfacet
  facet normal -6.666197e-17 1.410165e-16 -1.000000e+00
    outer loop
      vertex   -1.200000e+01 2.749545e+01 -4.900000e+00
      vertex   -1.631165e+01 3.175563e+01 -4.900000e+00
      vertex   -1.418657e+01 3.276021e+01 -4.900000e+00
    endloop
  endfacet
  facet normal -5.718112e-17 1.449541e-16 -1.000000e+00
    outer loop
      vertex   -1.200000e+01 2.749545e+01 -4.900000e+00
      vertex   -1.418657e+01 3.276021e+01 -4.900000e+00
      vertex   -1.200000e+01 3.362276e+01 -4.900000e+00
    endloop
  endfacet
  facet normal 0.000000e+00 -0.000000e+00 -1.000000e+00
    outer loop
      vertex   -1.631165e+01 3.175563e+01 -4.900000e+00
      vertex   -1.394273e+01 2.656314e+01 -4.900000e+00
      vertex   -1.836600e+01 3.061339e+01 -4.900000e+00
    endloop
  endfacet
  facet normal 0.000000e+00 0.000000e+00 -1.000000e+00
    outer loop
      vertex   -1.836600e+01 3.061339e+01 -4.900000e+00
      vertex   -1.394273e+01 2.656314e+01 -4.900000e+00
      vertex   -1.581353e+01 2.549377e+01 -4.900000e+00
    endloop
  endfacet
  facet normal 0.000000e+00 -0.000000e+00 -1.000000e+00
    outer loop
      vertex   -1.836600e+01 3.061339e+01 -4.900000e+00
      vertex   -1.581353e+01 2.549377e+01 -4.900000e+00
      vertex   -2.034074e+01 2.933844e+01 -4.900000e+00
    endloop
  endfacet
  facet normal 0.000000e+00 0.000000e+00 -1.000000e+00
    outer loop
      vertex   -2.034074e+01 2.933844e+01 -4.900000e+00
      vertex   -1.581353e+01 2.549377e+01 -4.900000e+00
      vertex   -1.760273e+01 2.429287e+01 -4.900000e+00
    endloop
  endfacet
  facet normal 0.000000e+00 -0.000000e+00 -1.000000e+00
    outer loop
      vertex   -2.034074e+01 2.933844e+01 -4.900000e+00
      vertex   -1.760273e+01 2.429287e+01 -4.900000e+00
      vertex   -2.222730e+01 2.793630e+01 -4.900000e+00
    endloop
  endfacet
  facet normal 0.000000e+00 0.000000e+00 -1.000000e+00
    outer loop
      vertex   -2.222730e+01 2.793630e+01 -4.900000e+00
      vertex   -1.760273e+01 2.429287e+01 -4.900000e+00
      vertex   -1.930112e+01 2.296664e+01 -4.900000e+00
    endloop
  endfacet
  facet normal 0.000000e+00 -0.000000e+00 -1.000000e+00
    outer loop
      vertex   -2.222730e+01 2.793630e+01 -4.900000e+00
      vertex   -1.930112e+01 2.296664e+01 -4.900000e+00
      vertex   -2.401750e+01 2.641306e+01 -4.900000e+00
    endloop
  endfacet
  facet normal 0.000000e+00 0.000000e+00 -1.000000e+00
    outer loop
      vertex   -2.401750e+01 2.641306e+01 -4.900000e+00
      vertex   -1.930112e+01 2.296664e+01 -4.900000e+00
      vertex   -2.089993e+01 2.152192e+01 -4.900000e+00
    endloop
  endfacet
  facet normal 0.000000e+00 -0.000000e+00 -1.000000e+00
    outer loop
      vertex   -2.401750e+01 2.641306e+01 -4.900000e+00
      vertex   -2.089993e+01 2.152192e+01 -4.900000e+00
      vertex   -2.570358e+01 2.477530e+01 -4.900000e+00
    endloop
  endfacet
  facet normal 0.000000e+00 0.000000e+00 -1.000000e+00
    outer loop
      vertex   -2.570358e+01 2.477530e+01 -4.900000e+00
      vertex   -2.089993e+01 2.152192e+01 -4.900000e+00
      vertex   -2.239091e+01 1.996615e+01 -4.900000e+00
    endloop
  endfacet
  facet normal 0.000000e+00 -0.000000e+00 -1.000000e+00
    outer loop
      vertex   -2.570358e+01 2.477530e+01 -4.900000e+00
      vertex   -2.239091e+01 1.996615e+01 -4.900000e+00
      vertex   -2.727824e+01 2.303015e+01 -4.900000e+00
    endloop
  endfacet
  facet normal 0.000000e+00 0.000000e+00 -1.000000e+00
    outer loop
      vertex   -2.727824e+01 2.303015e+01 -4.900000e+00
      vertex   -2.239091e+01 1.996615e+01 -4.900000e+00
      vertex   -2.376636e+01 1.830737e+01 -4.900000e+00
    endloop
  endfacet
  facet normal 0.000000e+00 -0.000000e+00 -1.000000e+00
    outer loop
      vertex   -2.727824e+01 2.303015e+01 -4.900000e+00
      vertex   -2.376636e+01 1.830737e+01 -4.900000e+00
      vertex   -2.873463e+01 2.118515e+01 -4.900000e+00
    endloop
  endfacet
  facet normal 0.000000e+00 0.000000e+00 -1.000000e+00
    outer loop
      vertex   -2.873463e+01 2.118515e+01 -4.900000e+00
      vertex   -2.376636e+01 1.830737e+01 -4.900000e+00
      vertex   -2.501920e+01 1.655414e+01 -4.900000e+00
    endloop
  endfacet
  facet normal 0.000000e+00 -0.000000e+00 -1.000000e+00
    outer loop
      vertex   -2.873463e+01 2.118515e+01 -4.900000e+00
      vertex   -2.501920e+01 1.655414e+01 -4.900000e+00
      vertex   -3.006646e+01 1.924832e+01 -4.900000e+00
    endloop
  endfacet
  facet normal 0.000000e+00 0.000000e+00 -1.000000e+00
    outer loop
      vertex   -3.006646e+01 1.924832e+01 -4.900000e+00
      vertex   -2.501920e+01 1.655414e+01 -4.900000e+00
      vertex   -2.614295e+01 1.471550e+01 -4.900000e+00
    endloop
  endfacet
  facet normal 0.000000e+00 -0.000000e+00 -1.000000e+00
    outer loop
      vertex   -3.006646e+01 1.924832e+01 -4.900000e+00
      vertex   -2.614295e+01 1.471550e+01 -4.900000e+00
      vertex   -3.126795e+01 1.722804e+01 -4.900000e+00
    endloop
  endfacet
  facet normal 0.000000e+00 0.000000e+00 -1.000000e+00
    outer loop
      vertex   -3.126795e+01 1.722804e+01 -4.900000e+00
      vertex   -2.614295e+01 1.471550e+01 -4.900000e+00
      vertex   -2.713183e+01 1.280094e+01 -4.900000e+00
    endloop
  endfacet
  facet normal 0.000000e+00 -0.000000e+00 -1.000000e+00
    outer loop
      vertex   -3.126795e+01 1.722804e+01 -4.900000e+00
      vertex   -2.713183e+01 1.280094e+01 -4.900000e+00
      vertex   -3.233388e+01 1.513307e+01 -4.900000e+00
    endloop
  endfacet
  facet normal 0.000000e+00 -0.000000e+00 -1.000000e+00
    outer loop
      vertex   -3.233388e+01 1.513307e+01 -4.900000e+00
      vertex   -2.713183e+01 1.280094e+01 -4.900000e+00
      vertex   -3.325965e+01 1.297250e+01 -4.900000e+00
    endloop
  endfacet
  facet normal 0.000000e+00 0.000000e+00 -1.000000e+00
    outer loop
      vertex   -3.325965e+01 1.297250e+01 -4.900000e+00
      vertex   -2.713183e+01 1.280094e+01 -4.900000e+00
      vertex   -2.798072e+01 1.082033e+01 -4.900000e+00
    endloop
  endfacet
  facet normal 0.000000e+00 -0.000000e+00 -1.000000e+00
    outer loop
      vertex   -3.325965e+01 1.297250e+01 -4.900000e+00
      vertex   -2.798072e+01 1.082033e+01 -4.900000e+00
      vertex   -3.404123e+01 1.075570e+01 -4.900000e+00
    endloop
  endfacet
  facet normal 0.000000e+00 0.000000e+00 -1.000000e+00
    outer loop
      vertex   -3.404123e+01 1.075570e+01 -4.900000e+00
      vertex   -2.798072e+01 1.082033e+01 -4.900000e+00
      vertex   -2.868524e+01 8.783897e+00 -4.900000e+00
    endloop
  endfacet
  facet normal 0.000000e+00 -0.000000e+00 -1.000000e+00
    outer loop
      vertex   -3.404123e+01 1.075570e+01 -4.900000e+00
      vertex   -2.868524e+01 8.783897e+00 -4.900000e+00
      vertex   -3.467523e+01 8.492260e+00 -4.900000e+00
    endloop
  endfacet
  facet normal 0.000000e+00 0.000000e+00 -1.000000e+00
    outer loop
      vertex   -3.467523e+01 8.492260e+00 -4.900000e+00
      vertex   -2.868524e+01 8.783897e+00 -4.900000e+00
      vertex   -2.924177e+01 6.702144e+00 -4.900000e+00
    endloop
  endfacet
  facet normal 0.000000e+00 -0.000000e+00 -1.000000e+00
    outer loop
      vertex   -3.467523e+01 8.492260e+00 -4.900000e+00
      vertex   -2.924177e+01 6.702144e+00 -4.900000e+00
      vertex   -3.515891e+01 6.192010e+00 -4.900000e+00
    endloop
  endfacet
  facet normal 0.000000e+00 0.000000e+00 -1.000000e+00
    outer loop
      vertex   -3.515891e+01 6.192010e+00 -4.900000e+00
      vertex   -2.924177e+01 6.702144e+00 -4.900000e+00
      vertex   -2.964743e+01 4.585813e+00 -4.900000e+00
    endloop
  endfacet
  facet normal 0.000000e+00 -0.000000e+00 -1.000000e+00
    outer loop
      vertex   -3.515891e+01 6.192010e+00 -4.900000e+00
      vertex   -2.964743e+01 4.585813e+00 -4.900000e+00
      vertex   -3.549017e+01 3.864916e+00 -4.900000e+00
    endloop
  endfacet
  facet normal 0.000000e+00 0.000000e+00 -1.000000e+00
    outer loop
      vertex   -3.549017e+01 3.864916e+00 -4.900000e+00
      vertex   -2.964743e+01 4.585813e+00 -4.900000e+00
      vertex   -2.990013e+01 2.445822e+00 -4.900000e+00
    endloop
  endfacet
  facet normal 0.000000e+00 -0.000000e+00 -1.000000e+00
    outer loop
      vertex   -3.549017e+01 3.864916e+00 -4.900000e+00
      vertex   -2.990013e+01 2.445822e+00 -4.900000e+00
      vertex   -3.566758e+01 1.521068e+00 -4.900000e+00
    endloop
  endfacet
  facet normal 0.000000e+00 0.000000e+00 -1.000000e+00
    outer loop
      vertex   -3.566758e+01 1.521068e+00 -4.900000e+00
      vertex   -2.990013e+01 2.445822e+00 -4.900000e+00
      vertex   -2.999857e+01 2.932117e-01 -4.900000e+00
    endloop
  endfacet
  facet normal 0.000000e+00 -0.000000e+00 -1.000000e+00
    outer loop
      vertex   -3.566758e+01 1.521068e+00 -4.900000e+00
      vertex   -2.999857e+01 2.932117e-01 -4.900000e+00
      vertex   -3.569036e+01 -8.293750e-01 -4.900000e+00
    endloop
  endfacet
  facet normal 0.000000e+00 0.000000e+00 -1.000000e+00
    outer loop
      vertex   -3.569036e+01 -8.293750e-01 -4.900000e+00
      vertex   -2.999857e+01 2.932117e-01 -4.900000e+00
      vertex   -2.994223e+01 -1.860911e+00 -4.900000e+00
    endloop
  endfacet
  facet normal 0.000000e+00 0.000000e+00 -1.000000e+00
    outer loop
      vertex   -3.569036e+01 -8.293750e-01 -4.900000e+00
      vertex   -2.994223e+01 -1.860911e+00 -4.900000e+00
      vertex   -3.555843e+01 -3.176222e+00 -4.900000e+00
    endloop
  endfacet
  facet normal 0.000000e+00 0.000000e+00 -1.000000e+00
    outer loop
      vertex   -3.555843e+01 -3.176222e+00 -4.900000e+00
      vertex   -2.994223e+01 -1.860911e+00 -4.900000e+00
      vertex   -2.973141e+01 -4.005433e+00 -4.900000e+00
    endloop
  endfacet
  facet normal 0.000000e+00 0.000000e+00 -1.000000e+00
    outer loop
      vertex   -3.555843e+01 -3.176222e+00 -4.900000e+00
      vertex   -2.973141e+01 -4.005433e+00 -4.900000e+00
      vertex   -3.527233e+01 -5.509300e+00 -4.900000e+00
    endloop
  endfacet
  facet normal 0.000000e+00 0.000000e+00 -1.000000e+00
    outer loop
      vertex   -3.527233e+01 -5.509300e+00 -4.900000e+00
      vertex   -2.973141e+01 -4.005433e+00 -4.900000e+00
      vertex   -2.936719e+01 -6.129289e+00 -4.900000e+00
    endloop
  endfacet
  facet normal 0.000000e+00 0.000000e+00 -1.000000e+00
    outer loop
      vertex   -3.527233e+01 -5.509300e+00 -4.900000e+00
      vertex   -2.936719e+01 -6.129289e+00 -4.900000e+00
      vertex   -3.483333e+01 -7.818494e+00 -4.900000e+00
    endloop
  endfacet
  facet normal 0.000000e+00 0.000000e+00 -1.000000e+00
    outer loop
      vertex   -3.483333e+01 -7.818494e+00 -4.900000e+00
      vertex   -2.936719e+01 -6.129289e+00 -4.900000e+00
      vertex   -2.885146e+01 -8.221522e+00 -4.900000e+00
    endloop
  endfacet
  facet normal 0.000000e+00 0.000000e+00 -1.000000e+00
    outer loop
      vertex   -3.483333e+01 -7.818494e+00 -4.900000e+00
      vertex   -2.885146e+01 -8.221522e+00 -4.900000e+00
      vertex   -3.424333e+01 -1.009379e+01 -4.900000e+00
    endloop
  endfacet
  facet normal 0.000000e+00 0.000000e+00 -1.000000e+00
    outer loop
      vertex   -3.424333e+01 -1.009379e+01 -4.900000e+00
      vertex   -2.885146e+01 -8.221522e+00 -4.900000e+00
      vertex   -2.818687e+01 -1.027134e+01 -4.900000e+00
    endloop
  endfacet
  facet normal 0.000000e+00 0.000000e+00 -1.000000e+00
    outer loop
      vertex   -3.424333e+01 -1.009379e+01 -4.900000e+00
      vertex   -2.818687e+01 -1.027134e+01 -4.900000e+00
      vertex   -3.350487e+01 -1.232534e+01 -4.900000e+00
    endloop
  endfacet
  facet normal 0.000000e+00 0.000000e+00 -1.000000e+00
    outer loop
      vertex   -3.350487e+01 -1.232534e+01 -4.900000e+00
      vertex   -2.818687e+01 -1.027134e+01 -4.900000e+00
      vertex   -2.737686e+01 -1.226816e+01 -4.900000e+00
    endloop
  endfacet
  facet normal 0.000000e+00 0.000000e+00 -1.000000e+00
    outer loop
      vertex   -3.350487e+01 -1.232534e+01 -4.900000e+00
      vertex   -2.737686e+01 -1.226816e+01 -4.900000e+00
      vertex   -3.262116e+01 -1.450345e+01 -4.900000e+00
    endloop
  endfacet
  facet normal 0.000000e+00 0.000000e+00 -1.000000e+00
    outer loop
      vertex   -3.262116e+01 -1.450345e+01 -4.900000e+00
      vertex   -2.737686e+01 -1.226816e+01 -4.900000e+00
      vertex   -3.159604e+01 -1.661868e+01 -4.900000e+00
    endloop
  endfacet
  facet normal 0.000000e+00 0.000000e+00 -1.000000e+00
    outer loop
      vertex   -3.159604e+01 -1.661868e+01 -4.900000e+00
      vertex   -2.737686e+01 -1.226816e+01 -4.900000e+00
      vertex   -2.642560e+01 -1.420169e+01 -4.900000e+00
    endloop
  endfacet
  facet normal 0.000000e+00 0.000000e+00 -1.000000e+00
    outer loop
      vertex   -3.159604e+01 -1.661868e+01 -4.900000e+00
      vertex   -2.642560e+01 -1.420169e+01 -4.900000e+00
      vertex   -3.043394e+01 -1.866187e+01 -4.900000e+00
    endloop
  endfacet
  facet normal 0.000000e+00 0.000000e+00 -1.000000e+00
    outer loop
      vertex   -3.043394e+01 -1.866187e+01 -4.900000e+00
      vertex   -2.642560e+01 -1.420169e+01 -4.900000e+00
      vertex   -2.533800e+01 -1.606194e+01 -4.900000e+00
    endloop
  endfacet
  facet normal 0.000000e+00 0.000000e+00 -1.000000e+00
    outer loop
      vertex   -3.043394e+01 -1.866187e+01 -4.900000e+00
      vertex   -2.533800e+01 -1.606194e+01 -4.900000e+00
      vertex   -2.913990e+01 -2.062416e+01 -4.900000e+00
    endloop
  endfacet
  facet normal 0.000000e+00 0.000000e+00 -1.000000e+00
    outer loop
      vertex   -2.913990e+01 -2.062416e+01 -4.900000e+00
      vertex   -2.533800e+01 -1.606194e+01 -4.900000e+00
      vertex   -2.411967e+01 -1.783933e+01 -4.900000e+00
    endloop
  endfacet
  facet normal 0.000000e+00 0.000000e+00 -1.000000e+00
    outer loop
      vertex   -2.913990e+01 -2.062416e+01 -4.900000e+00
      vertex   -2.411967e+01 -1.783933e+01 -4.900000e+00
      vertex   -2.771955e+01 -2.249704e+01 -4.900000e+00
    endloop
  endfacet
  facet normal 0.000000e+00 0.000000e+00 -1.000000e+00
    outer loop
      vertex   -2.771955e+01 -2.249704e+01 -4.900000e+00
      vertex   -2.411967e+01 -1.783933e+01 -4.900000e+00
      vertex   -2.277690e+01 -1.952467e+01 -4.900000e+00
    endloop
  endfacet
  facet normal 0.000000e+00 0.000000e+00 -1.000000e+00
    outer loop
      vertex   -2.771955e+01 -2.249704e+01 -4.900000e+00
      vertex   -2.277690e+01 -1.952467e+01 -4.900000e+00
      vertex   -2.617902e+01 -2.427239e+01 -4.900000e+00
    endloop
  endfacet
  facet normal 0.000000e+00 0.000000e+00 -1.000000e+00
    outer loop
      vertex   -2.617902e+01 -2.427239e+01 -4.900000e+00
      vertex   -2.277690e+01 -1.952467e+01 -4.900000e+00
      vertex   -2.131662e+01 -2.110928e+01 -4.900000e+00
    endloop
  endfacet
  facet normal 0.000000e+00 0.000000e+00 -1.000000e+00
    outer loop
      vertex   -2.617902e+01 -2.427239e+01 -4.900000e+00
      vertex   -2.131662e+01 -2.110928e+01 -4.900000e+00
      vertex   -2.452500e+01 -2.594252e+01 -4.900000e+00
    endloop
  endfacet
  facet normal 0.000000e+00 0.000000e+00 -1.000000e+00
    outer loop
      vertex   -2.452500e+01 -2.594252e+01 -4.900000e+00
      vertex   -2.131662e+01 -2.110928e+01 -4.900000e+00
      vertex   -1.974635e+01 -2.258498e+01 -4.900000e+00
    endloop
  endfacet
  facet normal 0.000000e+00 0.000000e+00 -1.000000e+00
    outer loop
      vertex   -2.452500e+01 -2.594252e+01 -4.900000e+00
      vertex   -1.974635e+01 -2.258498e+01 -4.900000e+00
      vertex   -2.276466e+01 -2.750018e+01 -4.900000e+00
    endloop
  endfacet
  facet normal 0.000000e+00 0.000000e+00 -1.000000e+00
    outer loop
      vertex   -2.276466e+01 -2.750018e+01 -4.900000e+00
      vertex   -1.974635e+01 -2.258498e+01 -4.900000e+00
      vertex   -1.807421e+01 -2.394416e+01 -4.900000e+00
    endloop
  endfacet
  facet normal 0.000000e+00 0.000000e+00 -1.000000e+00
    outer loop
      vertex   -2.276466e+01 -2.750018e+01 -4.900000e+00
      vertex   -1.807421e+01 -2.394416e+01 -4.900000e+00
      vertex   -2.090564e+01 -2.893863e+01 -4.900000e+00
    endloop
  endfacet
  facet normal 0.000000e+00 0.000000e+00 -1.000000e+00
    outer loop
      vertex   -2.090564e+01 -2.893863e+01 -4.900000e+00
      vertex   -1.807421e+01 -2.394416e+01 -4.900000e+00
      vertex   -1.630882e+01 -2.517980e+01 -4.900000e+00
    endloop
  endfacet
  facet normal 0.000000e+00 0.000000e+00 -1.000000e+00
    outer loop
      vertex   -2.090564e+01 -2.893863e+01 -4.900000e+00
      vertex   -1.630882e+01 -2.517980e+01 -4.900000e+00
      vertex   -1.895599e+01 -3.025162e+01 -4.900000e+00
    endloop
  endfacet
  facet normal 0.000000e+00 0.000000e+00 -1.000000e+00
    outer loop
      vertex   -1.895599e+01 -3.025162e+01 -4.900000e+00
      vertex   -1.630882e+01 -2.517980e+01 -4.900000e+00
      vertex   -1.445928e+01 -2.628553e+01 -4.900000e+00
    endloop
  endfacet
  facet normal 0.000000e+00 0.000000e+00 -1.000000e+00
    outer loop
      vertex   -1.895599e+01 -3.025162e+01 -4.900000e+00
      vertex   -1.445928e+01 -2.628553e+01 -4.900000e+00
      vertex   -1.692415e+01 -3.143347e+01 -4.900000e+00
    endloop
  endfacet
  facet normal 0.000000e+00 0.000000e+00 -1.000000e+00
    outer loop
      vertex   -1.692415e+01 -3.143347e+01 -4.900000e+00
      vertex   -1.445928e+01 -2.628553e+01 -4.900000e+00
      vertex   -1.253515e+01 -2.725564e+01 -4.900000e+00
    endloop
  endfacet
  facet normal 0.000000e+00 0.000000e+00 -1.000000e+00
    outer loop
      vertex   -1.692415e+01 -3.143347e+01 -4.900000e+00
      vertex   -1.253515e+01 -2.725564e+01 -4.900000e+00
      vertex   -1.481896e+01 -3.247905e+01 -4.900000e+00
    endloop
  endfacet
  facet normal 0.000000e+00 0.000000e+00 -1.000000e+00
    outer loop
      vertex   -1.481896e+01 -3.247905e+01 -4.900000e+00
      vertex   -1.253515e+01 -2.725564e+01 -4.900000e+00
      vertex   -1.054634e+01 -2.808513e+01 -4.900000e+00
    endloop
  endfacet
  facet normal 0.000000e+00 0.000000e+00 -1.000000e+00
    outer loop
      vertex   -1.481896e+01 -3.247905e+01 -4.900000e+00
      vertex   -1.054634e+01 -2.808513e+01 -4.900000e+00
      vertex   -1.264951e+01 -3.338383e+01 -4.900000e+00
    endloop
  endfacet
  facet normal 0.000000e+00 0.000000e+00 -1.000000e+00
    outer loop
      vertex   -1.264951e+01 -3.338383e+01 -4.900000e+00
      vertex   -1.054634e+01 -2.808513e+01 -4.900000e+00
      vertex   -1.042523e+01 -3.414388e+01 -4.900000e+00
    endloop
  endfacet
  facet normal 0.000000e+00 0.000000e+00 -1.000000e+00
    outer loop
      vertex   -1.042523e+01 -3.414388e+01 -4.900000e+00
      vertex   -1.054634e+01 -2.808513e+01 -4.900000e+00
      vertex   -8.503116e+00 -2.876972e+01 -4.900000e+00
    endloop
  endfacet
  facet normal 0.000000e+00 0.000000e+00 -1.000000e+00
    outer loop
      vertex   -1.042523e+01 -3.414388e+01 -4.900000e+00
      vertex   -8.503116e+00 -2.876972e+01 -4.900000e+00
      vertex   -8.155760e+00 -3.475591e+01 -4.900000e+00
    endloop
  endfacet
  facet normal 0.000000e+00 0.000000e+00 -1.000000e+00
    outer loop
      vertex   -8.155760e+00 -3.475591e+01 -4.900000e+00
      vertex   -8.503116e+00 -2.876972e+01 -4.900000e+00
      vertex   -6.416023e+00 -2.930588e+01 -4.900000e+00
    endloop
  endfacet
  facet normal 0.000000e+00 0.000000e+00 -1.000000e+00
    outer loop
      vertex   -8.155760e+00 -3.475591e+01 -4.900000e+00
      vertex   -6.416023e+00 -2.930588e+01 -4.900000e+00
      vertex   -5.850930e+00 -3.521728e+01 -4.900000e+00
    endloop
  endfacet
  facet normal 0.000000e+00 0.000000e+00 -1.000000e+00
    outer loop
      vertex   -5.850930e+00 -3.521728e+01 -4.900000e+00
      vertex   -6.416023e+00 -2.930588e+01 -4.900000e+00
      vertex   -4.295828e+00 -2.969084e+01 -4.900000e+00
    endloop
  endfacet
  facet normal 0.000000e+00 0.000000e+00 -1.000000e+00
    outer loop
      vertex   -5.850930e+00 -3.521728e+01 -4.900000e+00
      vertex   -4.295828e+00 -2.969084e+01 -4.900000e+00
      vertex   -3.520735e+00 -3.552597e+01 -4.900000e+00
    endloop
  endfacet
  facet normal 0.000000e+00 0.000000e+00 -1.000000e+00
    outer loop
      vertex   -3.520735e+00 -3.552597e+01 -4.900000e+00
      vertex   -4.295828e+00 -2.969084e+01 -4.900000e+00
      vertex   -2.153469e+00 -2.992261e+01 -4.900000e+00
    endloop
  endfacet
  facet normal 0.000000e+00 0.000000e+00 -1.000000e+00
    outer loop
      vertex   -3.520735e+00 -3.552597e+01 -4.900000e+00
      vertex   -2.153469e+00 -2.992261e+01 -4.900000e+00
      vertex   -1.175277e+00 -3.568065e+01 -4.900000e+00
    endloop
  endfacet
  facet normal 0.000000e+00 0.000000e+00 -1.000000e+00
    outer loop
      vertex   -1.175277e+00 -3.568065e+01 -4.900000e+00
      vertex   -2.153469e+00 -2.992261e+01 -4.900000e+00
      vertex   4.824368e-15 -3.000000e+01 -4.900000e+00
    endloop
  endfacet
  facet normal 0.000000e+00 0.000000e+00 -1.000000e+00
    outer loop
      vertex   -1.175277e+00 -3.568065e+01 -4.900000e+00
      vertex   4.824368e-15 -3.000000e+01 -4.900000e+00
      vertex   1.175277e+00 -3.568065e+01 -4.900000e+00
    endloop
  endfacet
  facet normal 0.000000e+00 0.000000e+00 -1.000000e+00
    outer loop
      vertex   1.175277e+00 -3.568065e+01 -4.900000e+00
      vertex   4.824368e-15 -3.000000e+01 -4.900000e+00
      vertex   2.153469e+00 -2.992261e+01 -4.900000e+00
    endloop
  endfacet
  facet normal 0.000000e+00 0.000000e+00 -1.000000e+00
    outer loop
      vertex   1.175277e+00 -3.568065e+01 -4.900000e+00
      vertex   2.153469e+00 -2.992261e+01 -4.900000e+00
      vertex   3.520735e+00 -3.552597e+01 -4.900000e+00
    endloop
  endfacet
  facet normal 0.000000e+00 0.000000e+00 -1.000000e+00
    outer loop
      vertex   3.520735e+00 -3.552597e+01 -4.900000e+00
      vertex   2.153469e+00 -2.992261e+01 -4.900000e+00
      vertex   4.295828e+00 -2.969084e+01 -4.900000e+00
    endloop
  endfacet
  facet normal 0.000000e+00 0.000000e+00 -1.000000e+00
    outer loop
      vertex   3.520735e+00 -3.552597e+01 -4.900000e+00
      vertex   4.295828e+00 -2.969084e+01 -4.900000e+00
      vertex   5.850930e+00 -3.521728e+01 -4.900000e+00
    endloop
  endfacet
  facet normal 0.000000e+00 0.000000e+00 -1.000000e+00
    outer loop
      vertex   5.850930e+00 -3.521728e+01 -4.900000e+00
      vertex   4.295828e+00 -2.969084e+01 -4.900000e+00
      vertex   6.416023e+00 -2.930588e+01 -4.900000e+00
    endloop
  endfacet
  facet normal 0.000000e+00 0.000000e+00 -1.000000e+00
    outer loop
      vertex   5.850930e+00 -3.521728e+01 -4.900000e+00
      vertex   6.416023e+00 -2.930588e+01 -4.900000e+00
      vertex   8.155760e+00 -3.475591e+01 -4.900000e+00
    endloop
  endfacet
  facet normal 0.000000e+00 0.000000e+00 -1.000000e+00
    outer loop
      vertex   8.155760e+00 -3.475591e+01 -4.900000e+00
      vertex   6.416023e+00 -2.930588e+01 -4.900000e+00
      vertex   8.503116e+00 -2.876972e+01 -4.900000e+00
    endloop
  endfacet
  facet normal 0.000000e+00 0.000000e+00 -1.000000e+00
    outer loop
      vertex   8.155760e+00 -3.475591e+01 -4.900000e+00
      vertex   8.503116e+00 -2.876972e+01 -4.900000e+00
      vertex   1.042523e+01 -3.414388e+01 -4.900000e+00
    endloop
  endfacet
  facet normal 0.000000e+00 0.000000e+00 -1.000000e+00
    outer loop
      vertex   1.042523e+01 -3.414388e+01 -4.900000e+00
      vertex   8.503116e+00 -2.876972e+01 -4.900000e+00
      vertex   1.054634e+01 -2.808513e+01 -4.900000e+00
    endloop
  endfacet
  facet normal 0.000000e+00 0.000000e+00 -1.000000e+00
    outer loop
      vertex   1.042523e+01 -3.414388e+01 -4.900000e+00
      vertex   1.054634e+01 -2.808513e+01 -4.900000e+00
      vertex   1.264951e+01 -3.338383e+01 -4.900000e+00
    endloop
  endfacet
  facet normal 0.000000e+00 0.000000e+00 -1.000000e+00
    outer loop
      vertex   1.264951e+01 -3.338383e+01 -4.900000e+00
      vertex   1.054634e+01 -2.808513e+01 -4.900000e+00
      vertex   1.481896e+01 -3.247905e+01 -4.900000e+00
    endloop
  endfacet
  facet normal 0.000000e+00 0.000000e+00 -1.000000e+00
    outer loop
      vertex   1.481896e+01 -3.247905e+01 -4.900000e+00
      vertex   1.054634e+01 -2.808513e+01 -4.900000e+00
      vertex   1.253515e+01 -2.725564e+01 -4.900000e+00
    endloop
  endfacet
  facet normal 0.000000e+00 0.000000e+00 -1.000000e+00
    outer loop
      vertex   1.481896e+01 -3.247905e+01 -4.900000e+00
      vertex   1.253515e+01 -2.725564e+01 -4.900000e+00
      vertex   1.692415e+01 -3.143347e+01 -4.900000e+00
    endloop
  endfacet
  facet normal 0.000000e+00 0.000000e+00 -1.000000e+00
    outer loop
      vertex   1.692415e+01 -3.143347e+01 -4.900000e+00
      vertex   1.253515e+01 -2.725564e+01 -4.900000e+00
      vertex   1.445928e+01 -2.628553e+01 -4.900000e+00
    endloop
  endfacet
  facet normal 0.000000e+00 0.000000e+00 -1.000000e+00
    outer loop
      vertex   1.692415e+01 -3.143347e+01 -4.900000e+00
      vertex   1.445928e+01 -2.628553e+01 -4.900000e+00
      vertex   1.895599e+01 -3.025162e+01 -4.900000e+00
    endloop
  endfacet
  facet normal 0.000000e+00 0.000000e+00 -1.000000e+00
    outer loop
      vertex   1.895599e+01 -3.025162e+01 -4.900000e+00
      vertex   1.445928e+01 -2.628553e+01 -4.900000e+00
      vertex   1.630882e+01 -2.517980e+01 -4.900000e+00
    endloop
  endfacet
  facet normal 0.000000e+00 0.000000e+00 -1.000000e+00
    outer loop
      vertex   1.895599e+01 -3.025162e+01 -4.900000e+00
      vertex   1.630882e+01 -2.517980e+01 -4.900000e+00
      vertex   2.090564e+01 -2.893863e+01 -4.900000e+00
    endloop
  endfacet
  facet normal 0.000000e+00 0.000000e+00 -1.000000e+00
    outer loop
      vertex   2.090564e+01 -2.893863e+01 -4.900000e+00
      vertex   1.630882e+01 -2.517980e+01 -4.900000e+00
      vertex   1.807421e+01 -2.394416e+01 -4.900000e+00
    endloop
  endfacet
  facet normal 0.000000e+00 0.000000e+00 -1.000000e+00
    outer loop
      vertex   2.090564e+01 -2.893863e+01 -4.900000e+00
      vertex   1.807421e+01 -2.394416e+01 -4.900000e+00
      vertex   2.276466e+01 -2.750018e+01 -4.900000e+00
    endloop
  endfacet
  facet normal 0.000000e+00 0.000000e+00 -1.000000e+00
    outer loop
      vertex   2.276466e+01 -2.750018e+01 -4.900000e+00
      vertex   1.807421e+01 -2.394416e+01 -4.900000e+00
      vertex   1.974635e+01 -2.258498e+01 -4.900000e+00
    endloop
  endfacet
  facet normal 0.000000e+00 0.000000e+00 -1.000000e+00
    outer loop
      vertex   2.276466e+01 -2.750018e+01 -4.900000e+00
      vertex   1.974635e+01 -2.258498e+01 -4.900000e+00
      vertex   2.452500e+01 -2.594252e+01 -4.900000e+00
    endloop
  endfacet
  facet normal 0.000000e+00 0.000000e+00 -1.000000e+00
    outer loop
      vertex   2.452500e+01 -2.594252e+01 -4.900000e+00
      vertex   1.974635e+01 -2.258498e+01 -4.900000e+00
      vertex   2.131662e+01 -2.110928e+01 -4.900000e+00
    endloop
  endfacet
  facet normal 0.000000e+00 0.000000e+00 -1.000000e+00
    outer loop
      vertex   2.452500e+01 -2.594252e+01 -4.900000e+00
      vertex   2.131662e+01 -2.110928e+01 -4.900000e+00
      vertex   2.617902e+01 -2.427239e+01 -4.900000e+00
    endloop
  endfacet
  facet normal 0.000000e+00 0.000000e+00 -1.000000e+00
    outer loop
      vertex   2.617902e+01 -2.427239e+01 -4.900000e+00
      vertex   2.131662e+01 -2.110928e+01 -4.900000e+00
      vertex   2.277690e+01 -1.952467e+01 -4.900000e+00
    endloop
  endfacet
  facet normal 0.000000e+00 0.000000e+00 -1.000000e+00
    outer loop
      vertex   2.617902e+01 -2.427239e+01 -4.900000e+00
      vertex   2.277690e+01 -1.952467e+01 -4.900000e+00
      vertex   2.771955e+01 -2.249704e+01 -4.900000e+00
    endloop
  endfacet
  facet normal 0.000000e+00 0.000000e+00 -1.000000e+00
    outer loop
      vertex   2.771955e+01 -2.249704e+01 -4.900000e+00
      vertex   2.277690e+01 -1.952467e+01 -4.900000e+00
      vertex   2.411967e+01 -1.783933e+01 -4.900000e+00
    endloop
  endfacet
  facet normal 0.000000e+00 0.000000e+00 -1.000000e+00
    outer loop
      vertex   2.771955e+01 -2.249704e+01 -4.900000e+00
      vertex   2.411967e+01 -1.783933e+01 -4.900000e+00
      vertex   2.913990e+01 -2.062416e+01 -4.900000e+00
    endloop
  endfacet
  facet normal 0.000000e+00 0.000000e+00 -1.000000e+00
    outer loop
      vertex   2.913990e+01 -2.062416e+01 -4.900000e+00
      vertex   2.411967e+01 -1.783933e+01 -4.900000e+00
      vertex   2.533800e+01 -1.606194e+01 -4.900000e+00
    endloop
  endfacet
  facet normal 0.000000e+00 0.000000e+00 -1.000000e+00
    outer loop
      vertex   2.913990e+01 -2.062416e+01 -4.900000e+00
      vertex   2.533800e+01 -1.606194e+01 -4.900000e+00
      vertex   3.043394e+01 -1.866187e+01 -4.900000e+00
    endloop
  endfacet
  facet normal 0.000000e+00 0.000000e+00 -1.000000e+00
    outer loop
      vertex   3.043394e+01 -1.866187e+01 -4.900000e+00
      vertex   2.533800e+01 -1.606194e+01 -4.900000e+00
      vertex   2.642560e+01 -1.420169e+01 -4.900000e+00
    endloop
  endfacet
  facet normal 0.000000e+00 0.000000e+00 -1.000000e+00
    outer loop
      vertex   3.043394e+01 -1.866187e+01 -4.900000e+00
      vertex   2.642560e+01 -1.420169e+01 -4.900000e+00
      vertex   3.159604e+01 -1.661868e+01 -4.900000e+00
    endloop
  endfacet
  facet normal 0.000000e+00 0.000000e+00 -1.000000e+00
    outer loop
      vertex   3.159604e+01 -1.661868e+01 -4.900000e+00
      vertex   2.642560e+01 -1.420169e+01 -4.900000e+00
      vertex   2.737686e+01 -1.226816e+01 -4.900000e+00
    endloop
  endfacet
  facet normal 0.000000e+00 0.000000e+00 -1.000000e+00
    outer loop
      vertex   3.159604e+01 -1.661868e+01 -4.900000e+00
      vertex   2.737686e+01 -1.226816e+01 -4.900000e+00
      vertex   3.262116e+01 -1.450345e+01 -4.900000e+00
    endloop
  endfacet
  facet normal 0.000000e+00 0.000000e+00 -1.000000e+00
    outer loop
      vertex   3.262116e+01 -1.450345e+01 -4.900000e+00
      vertex   2.737686e+01 -1.226816e+01 -4.900000e+00
      vertex   3.350487e+01 -1.232534e+01 -4.900000e+00
    endloop
  endfacet
  facet normal 0.000000e+00 0.000000e+00 -1.000000e+00
    outer loop
      vertex   3.350487e+01 -1.232534e+01 -4.900000e+00
      vertex   2.737686e+01 -1.226816e+01 -4.900000e+00
      vertex   2.818687e+01 -1.027134e+01 -4.900000e+00
    endloop
  endfacet
  facet normal 0.000000e+00 0.000000e+00 -1.000000e+00
    outer loop
      vertex   3.350487e+01 -1.232534e+01 -4.900000e+00
      vertex   2.818687e+01 -1.027134e+01 -4.900000e+00
      vertex   3.424333e+01 -1.009379e+01 -4.900000e+00
    endloop
  endfacet
  facet normal -0.000000e+00 0.000000e+00 -1.000000e+00
    outer loop
      vertex   3.424333e+01 -1.009379e+01 -4.900000e+00
      vertex   2.818687e+01 -1.027134e+01 -4.900000e+00
      vertex   2.885146e+01 -8.221522e+00 -4.900000e+00
    endloop
  endfacet
  facet normal 0.000000e+00 0.000000e+00 -1.000000e+00
    outer loop
      vertex   3.424333e+01 -1.009379e+01 -4.900000e+00
      vertex   2.885146e+01 -8.221522e+00 -4.900000e+00
      vertex   3.483333e+01 -7.818494e+00 -4.900000e+00
    endloop
  endfacet
  facet normal -0.000000e+00 0.000000e+00 -1.000000e+00
    outer loop
      vertex   3.483333e+01 -7.818494e+00 -4.900000e+00
      vertex   2.885146e+01 -8.221522e+00 -4.900000e+00
      vertex   2.936719e+01 -6.129289e+00 -4.900000e+00
    endloop
  endfacet
  facet normal 0.000000e+00 0.000000e+00 -1.000000e+00
    outer loop
      vertex   3.483333e+01 -7.818494e+00 -4.900000e+00
      vertex   2.936719e+01 -6.129289e+00 -4.900000e+00
      vertex   3.527233e+01 -5.509300e+00 -4.900000e+00
    endloop
  endfacet
  facet normal -0.000000e+00 0.000000e+00 -1.000000e+00
    outer loop
      vertex   3.527233e+01 -5.509300e+00 -4.900000e+00
      vertex   2.936719e+01 -6.129289e+00 -4.900000e+00
      vertex   2.973141e+01 -4.005433e+00 -4.900000e+00
    endloop
  endfacet
  facet normal 0.000000e+00 0.000000e+00 -1.000000e+00
    outer loop
      vertex   3.527233e+01 -5.509300e+00 -4.900000e+00
      vertex   2.973141e+01 -4.005433e+00 -4.900000e+00
      vertex   3.555843e+01 -3.176222e+00 -4.900000e+00
    endloop
  endfacet
  facet normal -0.000000e+00 0.000000e+00 -1.000000e+00
    outer loop
      vertex   3.555843e+01 -3.176222e+00 -4.900000e+00
      vertex   2.973141e+01 -4.005433e+00 -4.900000e+00
      vertex   2.994223e+01 -1.860911e+00 -4.900000e+00
    endloop
  endfacet
  facet normal 0.000000e+00 0.000000e+00 -1.000000e+00
    outer loop
      vertex   3.555843e+01 -3.176222e+00 -4.900000e+00
      vertex   2.994223e+01 -1.860911e+00 -4.900000e+00
      vertex   3.569036e+01 -8.293750e-01 -4.900000e+00
    endloop
  endfacet
  facet normal -0.000000e+00 0.000000e+00 -1.000000e+00
    outer loop
      vertex   3.569036e+01 -8.293750e-01 -4.900000e+00
      vertex   2.994223e+01 -1.860911e+00 -4.900000e+00
      vertex   2.999857e+01 2.932117e-01 -4.900000e+00
    endloop
  endfacet
  facet normal 0.000000e+00 0.000000e+00 -1.000000e+00
    outer loop
      vertex   3.569036e+01 -8.293750e-01 -4.900000e+00
      vertex   2.999857e+01 2.932117e-01 -4.900000e+00
      vertex   3.566758e+01 1.521068e+00 -4.900000e+00
    endloop
  endfacet
  facet normal -0.000000e+00 0.000000e+00 -1.000000e+00
    outer loop
      vertex   3.566758e+01 1.521068e+00 -4.900000e+00
      vertex   2.999857e+01 2.932117e-01 -4.900000e+00
      vertex   2.990013e+01 2.445822e+00 -4.900000e+00
    endloop
  endfacet
  facet normal 0.000000e+00 0.000000e+00 -1.000000e+00
    outer loop
      vertex   3.566758e+01 1.521068e+00 -4.900000e+00
      vertex   2.990013e+01 2.445822e+00 -4.900000e+00
      vertex   3.549017e+01 3.864916e+00 -4.900000e+00
    endloop
  endfacet
  facet normal -0.000000e+00 0.000000e+00 -1.000000e+00
    outer loop
      vertex   3.549017e+01 3.864916e+00 -4.900000e+00
      vertex   2.990013e+01 2.445822e+00 -4.900000e+00
      vertex   2.964743e+01 4.585813e+00 -4.900000e+00
    endloop
  endfacet
  facet normal 0.000000e+00 0.000000e+00 -1.000000e+00
    outer loop
      vertex   3.549017e+01 3.864916e+00 -4.900000e+00
      vertex   2.964743e+01 4.585813e+00 -4.900000e+00
      vertex   3.515891e+01 6.192010e+00 -4.900000e+00
    endloop
  endfacet
  facet normal -0.000000e+00 0.000000e+00 -1.000000e+00
    outer loop
      vertex   3.515891e+01 6.192010e+00 -4.900000e+00
      vertex   2.964743e+01 4.585813e+00 -4.900000e+00
      vertex   2.924177e+01 6.702144e+00 -4.900000e+00
    endloop
  endfacet
  facet normal 0.000000e+00 0.000000e+00 -1.000000e+00
    outer loop
      vertex   3.515891e+01 6.192010e+00 -4.900000e+00
      vertex   2.924177e+01 6.702144e+00 -4.900000e+00
      vertex   3.467523e+01 8.492260e+00 -4.900000e+00
    endloop
  endfacet
  facet normal -0.000000e+00 0.000000e+00 -1.000000e+00
    outer loop
      vertex   3.467523e+01 8.492260e+00 -4.900000e+00
      vertex   2.924177e+01 6.702144e+00 -4.900000e+00
      vertex   2.868524e+01 8.783897e+00 -4.900000e+00
    endloop
  endfacet
  facet normal 0.000000e+00 0.000000e+00 -1.000000e+00
    outer loop
      vertex   3.467523e+01 8.492260e+00 -4.900000e+00
      vertex   2.868524e+01 8.783897e+00 -4.900000e+00
      vertex   3.404123e+01 1.075570e+01 -4.900000e+00
    endloop
  endfacet
  facet normal -0.000000e+00 0.000000e+00 -1.000000e+00
    outer loop
      vertex   3.404123e+01 1.075570e+01 -4.900000e+00
      vertex   2.868524e+01 8.783897e+00 -4.900000e+00
      vertex   2.798072e+01 1.082033e+01 -4.900000e+00
    endloop
  endfacet
  facet normal 0.000000e+00 0.000000e+00 -1.000000e+00
    outer loop
      vertex   3.404123e+01 1.075570e+01 -4.900000e+00
      vertex   2.798072e+01 1.082033e+01 -4.900000e+00
      vertex   3.325965e+01 1.297250e+01 -4.900000e+00
    endloop
  endfacet
  facet normal 0.000000e+00 0.000000e+00 -1.000000e+00
    outer loop
      vertex   3.325965e+01 1.297250e+01 -4.900000e+00
      vertex   2.798072e+01 1.082033e+01 -4.900000e+00
      vertex   2.713183e+01 1.280094e+01 -4.900000e+00
    endloop
  endfacet
  facet normal -0.000000e+00 0.000000e+00 -1.000000e+00
    outer loop
      vertex   3.325965e+01 1.297250e+01 -4.900000e+00
      vertex   2.713183e+01 1.280094e+01 -4.900000e+00
      vertex   3.233388e+01 1.513307e+01 -4.900000e+00
    endloop
  endfacet
  facet normal -0.000000e+00 0.000000e+00 -1.000000e+00
    outer loop
      vertex   3.233388e+01 1.513307e+01 -4.900000e+00
      vertex   2.713183e+01 1.280094e+01 -4.900000e+00
      vertex   3.126795e+01 1.722804e+01 -4.900000e+00
    endloop
  endfacet
  facet normal 0.000000e+00 0.000000e+00 -1.000000e+00
    outer loop
      vertex   3.126795e+01 1.722804e+01 -4.900000e+00
      vertex   2.713183e+01 1.280094e+01 -4.900000e+00
      vertex   2.614295e+01 1.471550e+01 -4.900000e+00
    endloop
  endfacet
  facet normal -0.000000e+00 0.000000e+00 -1.000000e+00
    outer loop
      vertex   3.126795e+01 1.722804e+01 -4.900000e+00
      vertex   2.614295e+01 1.471550e+01 -4.900000e+00
      vertex   3.006646e+01 1.924832e+01 -4.900000e+00
    endloop
  endfacet
  facet normal 0.000000e+00 0.000000e+00 -1.000000e+00
    outer loop
      vertex   3.006646e+01 1.924832e+01 -4.900000e+00
      vertex   2.614295e+01 1.471550e+01 -4.900000e+00
      vertex   2.501920e+01 1.655414e+01 -4.900000e+00
    endloop
  endfacet
  facet normal -0.000000e+00 0.000000e+00 -1.000000e+00
    outer loop
      vertex   3.006646e+01 1.924832e+01 -4.900000e+00
      vertex   2.501920e+01 1.655414e+01 -4.900000e+00
      vertex   2.873463e+01 2.118515e+01 -4.900000e+00
    endloop
  endfacet
  facet normal 0.000000e+00 0.000000e+00 -1.000000e+00
    outer loop
      vertex   2.873463e+01 2.118515e+01 -4.900000e+00
      vertex   2.501920e+01 1.655414e+01 -4.900000e+00
      vertex   2.376636e+01 1.830737e+01 -4.900000e+00
    endloop
  endfacet
  facet normal -0.000000e+00 0.000000e+00 -1.000000e+00
    outer loop
      vertex   2.873463e+01 2.118515e+01 -4.900000e+00
      vertex   2.376636e+01 1.830737e+01 -4.900000e+00
      vertex   2.727824e+01 2.303015e+01 -4.900000e+00
    endloop
  endfacet
  facet normal 0.000000e+00 0.000000e+00 -1.000000e+00
    outer loop
      vertex   2.727824e+01 2.303015e+01 -4.900000e+00
      vertex   2.376636e+01 1.830737e+01 -4.900000e+00
      vertex   2.239091e+01 1.996615e+01 -4.900000e+00
    endloop
  endfacet
  facet normal -0.000000e+00 0.000000e+00 -1.000000e+00
    outer loop
      vertex   2.727824e+01 2.303015e+01 -4.900000e+00
      vertex   2.239091e+01 1.996615e+01 -4.900000e+00
      vertex   2.570358e+01 2.477530e+01 -4.900000e+00
    endloop
  endfacet
  facet normal 0.000000e+00 0.000000e+00 -1.000000e+00
    outer loop
      vertex   2.570358e+01 2.477530e+01 -4.900000e+00
      vertex   2.239091e+01 1.996615e+01 -4.900000e+00
      vertex   2.089993e+01 2.152192e+01 -4.900000e+00
    endloop
  endfacet
  facet normal -0.000000e+00 0.000000e+00 -1.000000e+00
    outer loop
      vertex   2.570358e+01 2.477530e+01 -4.900000e+00
      vertex   2.089993e+01 2.152192e+01 -4.900000e+00
      vertex   2.401750e+01 2.641306e+01 -4.900000e+00
    endloop
  endfacet
  facet normal 0.000000e+00 0.000000e+00 -1.000000e+00
    outer loop
      vertex   2.401750e+01 2.641306e+01 -4.900000e+00
      vertex   2.089993e+01 2.152192e+01 -4.900000e+00
      vertex   1.930112e+01 2.296664e+01 -4.900000e+00
    endloop
  endfacet
  facet normal -0.000000e+00 0.000000e+00 -1.000000e+00
    outer loop
      vertex   2.401750e+01 2.641306e+01 -4.900000e+00
      vertex   1.930112e+01 2.296664e+01 -4.900000e+00
      vertex   2.222730e+01 2.793630e+01 -4.900000e+00
    endloop
  endfacet
  facet normal 0.000000e+00 0.000000e+00 -1.000000e+00
    outer loop
      vertex   2.222730e+01 2.793630e+01 -4.900000e+00
      vertex   1.930112e+01 2.296664e+01 -4.900000e+00
      vertex   1.760273e+01 2.429287e+01 -4.900000e+00
    endloop
  endfacet
  facet normal -0.000000e+00 0.000000e+00 -1.000000e+00
    outer loop
      vertex   2.222730e+01 2.793630e+01 -4.900000e+00
      vertex   1.760273e+01 2.429287e+01 -4.900000e+00
      vertex   2.034074e+01 2.933844e+01 -4.900000e+00
    endloop
  endfacet
  facet normal 0.000000e+00 0.000000e+00 -1.000000e+00
    outer loop
      vertex   2.034074e+01 2.933844e+01 -4.900000e+00
      vertex   1.760273e+01 2.429287e+01 -4.900000e+00
      vertex   1.581353e+01 2.549377e+01 -4.900000e+00
    endloop
  endfacet
  facet normal -0.000000e+00 0.000000e+00 -1.000000e+00
    outer loop
      vertex   2.034074e+01 2.933844e+01 -4.900000e+00
      vertex   1.581353e+01 2.549377e+01 -4.900000e+00
      vertex   1.836600e+01 3.061339e+01 -4.900000e+00
    endloop
  endfacet
  facet normal 0.000000e+00 0.000000e+00 -1.000000e+00
    outer loop
      vertex   1.836600e+01 3.061339e+01 -4.900000e+00
      vertex   1.581353e+01 2.549377e+01 -4.900000e+00
      vertex   1.394273e+01 2.656314e+01 -4.900000e+00
    endloop
  endfacet
  facet normal -0.000000e+00 0.000000e+00 -1.000000e+00
    outer loop
      vertex   1.836600e+01 3.061339e+01 -4.900000e+00
      vertex   1.394273e+01 2.656314e+01 -4.900000e+00
      vertex   1.631165e+01 3.175563e+01 -4.900000e+00
    endloop
  endfacet
  facet normal 3.750640e-16 -1.711112e-16 -1.000000e+00
    outer loop
      vertex   1.631165e+01 3.175563e+01 -4.900000e+00
      vertex   1.394273e+01 2.656314e+01 -4.900000e+00
      vertex   1.200000e+01 2.749545e+01 -4.900000e+00
    endloop
  endfacet
  facet normal 6.666197e-17 1.410165e-16 -1.000000e+00
    outer loop
      vertex   1.631165e+01 3.175563e+01 -4.900000e+00
      vertex   1.200000e+01 2.749545e+01 -4.900000e+00
      vertex   1.418657e+01 3.276021e+01 -4.900000e+00
    endloop
  endfacet
  facet normal 5.718112e-17 1.449541e-16 -1.000000e+00
    outer loop
      vertex   1.418657e+01 3.276021e+01 -4.900000e+00
      vertex   1.200000e+01 2.749545e+01 -4.900000e+00
      vertex   1.200000e+01 3.362276e+01 -4.900000e+00
    endloop
  endfacet
  facet normal 9.993171e-01 -3.695150e-02 0.000000e+00
    outer loop
      vertex   -2.792354e+01 2.067871e+00 -6.600000e+00
      vertex   -2.792354e+01 2.067871e+00 4.900000e+00
      vertex   -2.800000e+01 -3.429011e-15 -6.600000e+00
    endloop
  endfacet
  facet normal 9.993171e-01 -3.695150e-02 0.000000e+00
    outer loop
      vertex   -2.800000e+01 -3.429011e-15 -6.600000e+00
      vertex   -2.792354e+01 2.067871e+00 4.900000e+00
      vertex   -2.800000e+01 -3.429011e-15 4.900000e+00
    endloop
  endfacet
  facet normal 9.993171e-01 3.695150e-02 -0.000000e+00
    outer loop
      vertex   -2.800000e+01 -3.429011e-15 -6.600000e+00
      vertex   -2.800000e+01 -3.429011e-15 4.900000e+00
      vertex   -2.792354e+01 -2.067871e+00 -6.600000e+00
    endloop
  endfacet
  facet normal 9.993171e-01 3.695150e-02 -0.000000e+00
    outer loop
      vertex   -2.792354e+01 -2.067871e+00 -6.600000e+00
      vertex   -2.800000e+01 -3.429011e-15 4.900000e+00
      vertex   -2.792354e+01 -2.067871e+00 4.900000e+00
    endloop
  endfacet
  facet normal 9.938591e-01 1.106527e-01 -0.000000e+00
    outer loop
      vertex   -2.792354e+01 -2.067871e+00 -6.600000e+00
      vertex   -2.792354e+01 -2.067871e+00 4.900000e+00
      vertex   -2.769457e+01 -4.124448e+00 -6.600000e+00
    endloop
  endfacet
  facet normal 9.938591e-01 1.106527e-01 -0.000000e+00
    outer loop
      vertex   -2.769457e+01 -4.124448e+00 -6.600000e+00
      vertex   -2.792354e+01 -2.067871e+00 4.900000e+00
      vertex   -2.769457e+01 -4.124448e+00 4.900000e+00
    endloop
  endfacet
  facet normal 9.829731e-01 1.837495e-01 -0.000000e+00
    outer loop
      vertex   -2.769457e+01 -4.124448e+00 -6.600000e+00
      vertex   -2.769457e+01 -4.124448e+00 4.900000e+00
      vertex   -2.731434e+01 -6.158498e+00 -6.600000e+00
    endloop
  endfacet
  facet normal 9.829731e-01 1.837495e-01 -0.000000e+00
    outer loop
      vertex   -2.731434e+01 -6.158498e+00 -6.600000e+00
      vertex   -2.769457e+01 -4.124448e+00 4.900000e+00
      vertex   -2.731434e+01 -6.158498e+00 4.900000e+00
    endloop
  endfacet
  facet normal 9.667184e-01 2.558428e-01 -0.000000e+00
    outer loop
      vertex   -2.731434e+01 -6.158498e+00 -6.600000e+00
      vertex   -2.731434e+01 -6.158498e+00 4.900000e+00
      vertex   -2.678492e+01 -8.158913e+00 -6.600000e+00
    endloop
  endfacet
  facet normal 9.667184e-01 2.558428e-01 -0.000000e+00
    outer loop
      vertex   -2.678492e+01 -8.158913e+00 -6.600000e+00
      vertex   -2.731434e+01 -6.158498e+00 4.900000e+00
      vertex   -2.678492e+01 -8.158913e+00 4.900000e+00
    endloop
  endfacet
  facet normal 9.451838e-01 3.265387e-01 -0.000000e+00
    outer loop
      vertex   -2.678492e+01 -8.158913e+00 -6.600000e+00
      vertex   -2.678492e+01 -8.158913e+00 4.900000e+00
      vertex   -2.610922e+01 -1.011477e+01 -6.600000e+00
    endloop
  endfacet
  facet normal 9.451838e-01 3.265387e-01 -0.000000e+00
    outer loop
      vertex   -2.610922e+01 -1.011477e+01 -6.600000e+00
      vertex   -2.678492e+01 -8.158913e+00 4.900000e+00
      vertex   -2.610922e+01 -1.011477e+01 4.900000e+00
    endloop
  endfacet
  facet normal 9.184870e-01 3.954512e-01 -0.000000e+00
    outer loop
      vertex   -2.610922e+01 -1.011477e+01 -6.600000e+00
      vertex   -2.610922e+01 -1.011477e+01 4.900000e+00
      vertex   -2.529092e+01 -1.201538e+01 -6.600000e+00
    endloop
  endfacet
  facet normal 9.184870e-01 3.954512e-01 -0.000000e+00
    outer loop
      vertex   -2.529092e+01 -1.201538e+01 -6.600000e+00
      vertex   -2.610922e+01 -1.011477e+01 4.900000e+00
      vertex   -2.529092e+01 -1.201538e+01 4.900000e+00
    endloop
  endfacet
  facet normal 8.867737e-01 4.622039e-01 -0.000000e+00
    outer loop
      vertex   -2.529092e+01 -1.201538e+01 -6.600000e+00
      vertex   -2.529092e+01 -1.201538e+01 4.900000e+00
      vertex   -2.433449e+01 -1.385036e+01 -6.600000e+00
    endloop
  endfacet
  facet normal 8.867737e-01 4.622039e-01 -0.000000e+00
    outer loop
      vertex   -2.433449e+01 -1.385036e+01 -6.600000e+00
      vertex   -2.529092e+01 -1.201538e+01 4.900000e+00
      vertex   -2.433449e+01 -1.385036e+01 4.900000e+00
    endloop
  endfacet
  facet normal 8.502171e-01 5.264322e-01 -0.000000e+00
    outer loop
      vertex   -2.433449e+01 -1.385036e+01 -6.600000e+00
      vertex   -2.433449e+01 -1.385036e+01 4.900000e+00
      vertex   -2.324515e+01 -1.560970e+01 -6.600000e+00
    endloop
  endfacet
  facet normal 8.502171e-01 5.264322e-01 -0.000000e+00
    outer loop
      vertex   -2.324515e+01 -1.560970e+01 -6.600000e+00
      vertex   -2.433449e+01 -1.385036e+01 4.900000e+00
      vertex   -2.324515e+01 -1.560970e+01 4.900000e+00
    endloop
  endfacet
  facet normal 8.090170e-01 5.877853e-01 -0.000000e+00
    outer loop
      vertex   -2.324515e+01 -1.560970e+01 -6.600000e+00
      vertex   -2.324515e+01 -1.560970e+01 4.900000e+00
      vertex   -2.202886e+01 -1.728379e+01 -6.600000e+00
    endloop
  endfacet
  facet normal 8.090170e-01 5.877853e-01 -0.000000e+00
    outer loop
      vertex   -2.202886e+01 -1.728379e+01 -6.600000e+00
      vertex   -2.324515e+01 -1.560970e+01 4.900000e+00
      vertex   -2.202886e+01 -1.728379e+01 4.900000e+00
    endloop
  endfacet
  facet normal 7.633983e-01 6.459281e-01 -0.000000e+00
    outer loop
      vertex   -2.202886e+01 -1.728379e+01 -6.600000e+00
      vertex   -2.202886e+01 -1.728379e+01 4.900000e+00
      vertex   -2.069225e+01 -1.886348e+01 -6.600000e+00
    endloop
  endfacet
  facet normal 7.633983e-01 6.459281e-01 -0.000000e+00
    outer loop
      vertex   -2.069225e+01 -1.886348e+01 -6.600000e+00
      vertex   -2.202886e+01 -1.728379e+01 4.900000e+00
      vertex   -2.069225e+01 -1.886348e+01 4.900000e+00
    endloop
  endfacet
  facet normal 7.136102e-01 7.005430e-01 -0.000000e+00
    outer loop
      vertex   -2.069225e+01 -1.886348e+01 -6.600000e+00
      vertex   -2.069225e+01 -1.886348e+01 4.900000e+00
      vertex   -1.924263e+01 -2.034014e+01 -6.600000e+00
    endloop
  endfacet
  facet normal 7.136102e-01 7.005430e-01 -0.000000e+00
    outer loop
      vertex   -1.924263e+01 -2.034014e+01 -6.600000e+00
      vertex   -2.069225e+01 -1.886348e+01 4.900000e+00
      vertex   -1.924263e+01 -2.034014e+01 4.900000e+00
    endloop
  endfacet
  facet normal 6.599245e-01 7.513319e-01 -0.000000e+00
    outer loop
      vertex   -1.924263e+01 -2.034014e+01 -6.600000e+00
      vertex   -1.924263e+01 -2.034014e+01 4.900000e+00
      vertex   -1.768791e+01 -2.170571e+01 -6.600000e+00
    endloop
  endfacet
  facet normal 6.599245e-01 7.513319e-01 -0.000000e+00
    outer loop
      vertex   -1.768791e+01 -2.170571e+01 -6.600000e+00
      vertex   -1.924263e+01 -2.034014e+01 4.900000e+00
      vertex   -1.768791e+01 -2.170571e+01 4.900000e+00
    endloop
  endfacet
  facet normal 6.026346e-01 7.980172e-01 -0.000000e+00
    outer loop
      vertex   -1.768791e+01 -2.170571e+01 -6.600000e+00
      vertex   -1.768791e+01 -2.170571e+01 4.900000e+00
      vertex   -1.603658e+01 -2.295273e+01 -6.600000e+00
    endloop
  endfacet
  facet normal 6.026346e-01 7.980172e-01 -0.000000e+00
    outer loop
      vertex   -1.603658e+01 -2.295273e+01 -6.600000e+00
      vertex   -1.768791e+01 -2.170571e+01 4.900000e+00
      vertex   -1.603658e+01 -2.295273e+01 4.900000e+00
    endloop
  endfacet
  facet normal 5.420534e-01 8.403441e-01 -0.000000e+00
    outer loop
      vertex   -1.603658e+01 -2.295273e+01 -6.600000e+00
      vertex   -1.603658e+01 -2.295273e+01 4.900000e+00
      vertex   -1.429767e+01 -2.407440e+01 -6.600000e+00
    endloop
  endfacet
  facet normal 5.420534e-01 8.403441e-01 -0.000000e+00
    outer loop
      vertex   -1.429767e+01 -2.407440e+01 -6.600000e+00
      vertex   -1.603658e+01 -2.295273e+01 4.900000e+00
      vertex   -1.429767e+01 -2.407440e+01 4.900000e+00
    endloop
  endfacet
  facet normal 4.785116e-01 8.780812e-01 -0.000000e+00
    outer loop
      vertex   -1.429767e+01 -2.407440e+01 -6.600000e+00
      vertex   -1.429767e+01 -2.407440e+01 4.900000e+00
      vertex   -1.248067e+01 -2.506457e+01 -6.600000e+00
    endloop
  endfacet
  facet normal 4.785116e-01 8.780812e-01 -0.000000e+00
    outer loop
      vertex   -1.248067e+01 -2.506457e+01 -6.600000e+00
      vertex   -1.429767e+01 -2.407440e+01 4.900000e+00
      vertex   -1.248067e+01 -2.506457e+01 4.900000e+00
    endloop
  endfacet
  facet normal 4.123563e-01 9.110226e-01 -0.000000e+00
    outer loop
      vertex   -1.248067e+01 -2.506457e+01 -6.600000e+00
      vertex   -1.248067e+01 -2.506457e+01 4.900000e+00
      vertex   -1.059551e+01 -2.591785e+01 -6.600000e+00
    endloop
  endfacet
  facet normal 4.123563e-01 9.110226e-01 -0.000000e+00
    outer loop
      vertex   -1.059551e+01 -2.591785e+01 -6.600000e+00
      vertex   -1.248067e+01 -2.506457e+01 4.900000e+00
      vertex   -1.059551e+01 -2.591785e+01 4.900000e+00
    endloop
  endfacet
  facet normal 3.439489e-01 9.389884e-01 -0.000000e+00
    outer loop
      vertex   -1.059551e+01 -2.591785e+01 -6.600000e+00
      vertex   -1.059551e+01 -2.591785e+01 4.900000e+00
      vertex   -8.652476e+00 -2.662958e+01 -6.600000e+00
    endloop
  endfacet
  facet normal 3.439489e-01 9.389884e-01 -0.000000e+00
    outer loop
      vertex   -8.652476e+00 -2.662958e+01 -6.600000e+00
      vertex   -1.059551e+01 -2.591785e+01 4.900000e+00
      vertex   -8.652476e+00 -2.662958e+01 4.900000e+00
    endloop
  endfacet
  facet normal 2.736630e-01 9.618256e-01 -0.000000e+00
    outer loop
      vertex   -8.652476e+00 -2.662958e+01 -6.600000e+00
      vertex   -8.652476e+00 -2.662958e+01 4.900000e+00
      vertex   -6.662185e+00 -2.719587e+01 -6.600000e+00
    endloop
  endfacet
  facet normal 2.736630e-01 9.618256e-01 -0.000000e+00
    outer loop
      vertex   -6.662185e+00 -2.719587e+01 -6.600000e+00
      vertex   -8.652476e+00 -2.662958e+01 4.900000e+00
      vertex   -6.662185e+00 -2.719587e+01 4.900000e+00
    endloop
  endfacet
  facet normal 2.018824e-01 9.794098e-01 -0.000000e+00
    outer loop
      vertex   -6.662185e+00 -2.719587e+01 -6.600000e+00
      vertex   -6.662185e+00 -2.719587e+01 4.900000e+00
      vertex   -4.635509e+00 -2.761362e+01 -6.600000e+00
    endloop
  endfacet
  facet normal 2.018824e-01 9.794098e-01 -0.000000e+00
    outer loop
      vertex   -4.635509e+00 -2.761362e+01 -6.600000e+00
      vertex   -6.662185e+00 -2.719587e+01 4.900000e+00
      vertex   -4.635509e+00 -2.761362e+01 4.900000e+00
    endloop
  endfacet
  facet normal 1.289992e-01 9.916447e-01 -0.000000e+00
    outer loop
      vertex   -4.635509e+00 -2.761362e+01 -6.600000e+00
      vertex   -4.635509e+00 -2.761362e+01 4.900000e+00
      vertex   -2.583514e+00 -2.788056e+01 -6.600000e+00
    endloop
  endfacet
  facet normal 1.289992e-01 9.916447e-01 -0.000000e+00
    outer loop
      vertex   -2.583514e+00 -2.788056e+01 -6.600000e+00
      vertex   -4.635509e+00 -2.761362e+01 4.900000e+00
      vertex   -2.583514e+00 -2.788056e+01 4.900000e+00
    endloop
  endfacet
  facet normal 5.541147e-02 9.984636e-01 -0.000000e+00
    outer loop
      vertex   -2.583514e+00 -2.788056e+01 -6.600000e+00
      vertex   -2.583514e+00 -2.788056e+01 4.900000e+00
      vertex   -5.174093e-01 -2.799522e+01 -6.600000e+00
    endloop
  endfacet
  facet normal 5.541147e-02 9.984636e-01 -0.000000e+00
    outer loop
      vertex   -5.174093e-01 -2.799522e+01 -6.600000e+00
      vertex   -2.583514e+00 -2.788056e+01 4.900000e+00
      vertex   -5.174093e-01 -2.799522e+01 4.900000e+00
    endloop
  endfacet
  facet normal -1.847890e-02 9.998293e-01 0.000000e+00
    outer loop
      vertex   -5.174093e-01 -2.799522e+01 -6.600000e+00
      vertex   -5.174093e-01 -2.799522e+01 4.900000e+00
      vertex   1.551521e+00 -2.795698e+01 -6.600000e+00
    endloop
  endfacet
  facet normal -1.847890e-02 9.998293e-01 0.000000e+00
    outer loop
      vertex   1.551521e+00 -2.795698e+01 -6.600000e+00
      vertex   -5.174093e-01 -2.799522e+01 4.900000e+00
      vertex   1.551521e+00 -2.795698e+01 4.900000e+00
    endloop
  endfacet
  facet normal -9.226836e-02 9.957342e-01 0.000000e+00
    outer loop
      vertex   1.551521e+00 -2.795698e+01 -6.600000e+00
      vertex   1.551521e+00 -2.795698e+01 4.900000e+00
      vertex   3.611978e+00 -2.776605e+01 -6.600000e+00
    endloop
  endfacet
  facet normal -9.226836e-02 9.957342e-01 0.000000e+00
    outer loop
      vertex   3.611978e+00 -2.776605e+01 -6.600000e+00
      vertex   1.551521e+00 -2.795698e+01 4.900000e+00
      vertex   3.611978e+00 -2.776605e+01 4.900000e+00
    endloop
  endfacet
  facet normal -1.655539e-01 9.862007e-01 0.000000e+00
    outer loop
      vertex   3.611978e+00 -2.776605e+01 -6.600000e+00
      vertex   3.611978e+00 -2.776605e+01 4.900000e+00
      vertex   5.652707e+00 -2.742347e+01 -6.600000e+00
    endloop
  endfacet
  facet normal -1.655539e-01 9.862007e-01 0.000000e+00
    outer loop
      vertex   5.652707e+00 -2.742347e+01 -6.600000e+00
      vertex   3.611978e+00 -2.776605e+01 4.900000e+00
      vertex   5.652707e+00 -2.742347e+01 4.900000e+00
    endloop
  endfacet
  facet normal -2.379352e-01 9.712810e-01 0.000000e+00
    outer loop
      vertex   5.652707e+00 -2.742347e+01 -6.600000e+00
      vertex   5.652707e+00 -2.742347e+01 4.900000e+00
      vertex   7.662564e+00 -2.693112e+01 -6.600000e+00
    endloop
  endfacet
  facet normal -2.379352e-01 9.712810e-01 0.000000e+00
    outer loop
      vertex   7.662564e+00 -2.693112e+01 -6.600000e+00
      vertex   5.652707e+00 -2.742347e+01 4.900000e+00
      vertex   7.662564e+00 -2.693112e+01 4.900000e+00
    endloop
  endfacet
  facet normal -3.090170e-01 9.510565e-01 0.000000e+00
    outer loop
      vertex   7.662564e+00 -2.693112e+01 -6.600000e+00
      vertex   7.662564e+00 -2.693112e+01 4.900000e+00
      vertex   9.630570e+00 -2.629167e+01 -6.600000e+00
    endloop
  endfacet
  facet normal -3.090170e-01 9.510565e-01 0.000000e+00
    outer loop
      vertex   9.630570e+00 -2.629167e+01 -6.600000e+00
      vertex   7.662564e+00 -2.693112e+01 4.900000e+00
      vertex   9.630570e+00 -2.629167e+01 4.900000e+00
    endloop
  endfacet
  facet normal -3.784111e-01 9.256377e-01 0.000000e+00
    outer loop
      vertex   9.630570e+00 -2.629167e+01 -6.600000e+00
      vertex   9.630570e+00 -2.629167e+01 4.900000e+00
      vertex   1.154598e+01 -2.550863e+01 -6.600000e+00
    endloop
  endfacet
  facet normal -3.784111e-01 9.256377e-01 0.000000e+00
    outer loop
      vertex   1.154598e+01 -2.550863e+01 -6.600000e+00
      vertex   9.630570e+00 -2.629167e+01 4.900000e+00
      vertex   1.154598e+01 -2.550863e+01 4.900000e+00
    endloop
  endfacet
  facet normal -4.457384e-01 8.951633e-01 0.000000e+00
    outer loop
      vertex   1.154598e+01 -2.550863e+01 -6.600000e+00
      vertex   1.154598e+01 -2.550863e+01 4.900000e+00
      vertex   1.339832e+01 -2.458627e+01 -6.600000e+00
    endloop
  endfacet
  facet normal -4.457384e-01 8.951633e-01 0.000000e+00
    outer loop
      vertex   1.339832e+01 -2.458627e+01 -6.600000e+00
      vertex   1.154598e+01 -2.550863e+01 4.900000e+00
      vertex   1.339832e+01 -2.458627e+01 4.900000e+00
    endloop
  endfacet
  facet normal -5.106312e-01 8.597999e-01 0.000000e+00
    outer loop
      vertex   1.339832e+01 -2.458627e+01 -6.600000e+00
      vertex   1.339832e+01 -2.458627e+01 4.900000e+00
      vertex   1.517749e+01 -2.352963e+01 -6.600000e+00
    endloop
  endfacet
  facet normal -5.106312e-01 8.597999e-01 0.000000e+00
    outer loop
      vertex   1.517749e+01 -2.352963e+01 -6.600000e+00
      vertex   1.339832e+01 -2.458627e+01 4.900000e+00
      vertex   1.517749e+01 -2.352963e+01 4.900000e+00
    endloop
  endfacet
  facet normal -5.727351e-01 8.197405e-01 0.000000e+00
    outer loop
      vertex   1.517749e+01 -2.352963e+01 -6.600000e+00
      vertex   1.517749e+01 -2.352963e+01 4.900000e+00
      vertex   1.687377e+01 -2.234448e+01 -6.600000e+00
    endloop
  endfacet
  facet normal -5.727351e-01 8.197405e-01 0.000000e+00
    outer loop
      vertex   1.687377e+01 -2.234448e+01 -6.600000e+00
      vertex   1.517749e+01 -2.352963e+01 4.900000e+00
      vertex   1.687377e+01 -2.234448e+01 4.900000e+00
    endloop
  endfacet
  facet normal -6.317110e-01 7.752040e-01 0.000000e+00
    outer loop
      vertex   1.687377e+01 -2.234448e+01 -6.600000e+00
      vertex   1.687377e+01 -2.234448e+01 4.900000e+00
      vertex   1.847789e+01 -2.103729e+01 -6.600000e+00
    endloop
  endfacet
  facet normal -6.317110e-01 7.752040e-01 0.000000e+00
    outer loop
      vertex   1.847789e+01 -2.103729e+01 -6.600000e+00
      vertex   1.687377e+01 -2.234448e+01 4.900000e+00
      vertex   1.847789e+01 -2.103729e+01 4.900000e+00
    endloop
  endfacet
  facet normal -6.872367e-01 7.264336e-01 0.000000e+00
    outer loop
      vertex   1.847789e+01 -2.103729e+01 -6.600000e+00
      vertex   1.847789e+01 -2.103729e+01 4.900000e+00
      vertex   1.998108e+01 -1.961521e+01 -6.600000e+00
    endloop
  endfacet
  facet normal -6.872367e-01 7.264336e-01 0.000000e+00
    outer loop
      vertex   1.998108e+01 -1.961521e+01 -6.600000e+00
      vertex   1.847789e+01 -2.103729e+01 4.900000e+00
      vertex   1.998108e+01 -1.961521e+01 4.900000e+00
    endloop
  endfacet
  facet normal -7.390089e-01 6.736956e-01 0.000000e+00
    outer loop
      vertex   1.998108e+01 -1.961521e+01 -6.600000e+00
      vertex   1.998108e+01 -1.961521e+01 4.900000e+00
      vertex   2.137515e+01 -1.808599e+01 -6.600000e+00
    endloop
  endfacet
  facet normal -7.390089e-01 6.736956e-01 0.000000e+00
    outer loop
      vertex   2.137515e+01 -1.808599e+01 -6.600000e+00
      vertex   1.998108e+01 -1.961521e+01 4.900000e+00
      vertex   2.137515e+01 -1.808599e+01 4.900000e+00
    endloop
  endfacet
  facet normal -7.867449e-01 6.172782e-01 0.000000e+00
    outer loop
      vertex   2.137515e+01 -1.808599e+01 -6.600000e+00
      vertex   2.137515e+01 -1.808599e+01 4.900000e+00
      vertex   2.265248e+01 -1.645799e+01 -6.600000e+00
    endloop
  endfacet
  facet normal -7.867449e-01 6.172782e-01 0.000000e+00
    outer loop
      vertex   2.265248e+01 -1.645799e+01 -6.600000e+00
      vertex   2.137515e+01 -1.808599e+01 4.900000e+00
      vertex   2.265248e+01 -1.645799e+01 4.900000e+00
    endloop
  endfacet
  facet normal -8.301840e-01 5.574894e-01 0.000000e+00
    outer loop
      vertex   2.265248e+01 -1.645799e+01 -6.600000e+00
      vertex   2.265248e+01 -1.645799e+01 4.900000e+00
      vertex   2.380608e+01 -1.474010e+01 -6.600000e+00
    endloop
  endfacet
  facet normal -8.301840e-01 5.574894e-01 0.000000e+00
    outer loop
      vertex   2.380608e+01 -1.474010e+01 -6.600000e+00
      vertex   2.265248e+01 -1.645799e+01 4.900000e+00
      vertex   2.380608e+01 -1.474010e+01 4.900000e+00
    endloop
  endfacet
  facet normal -8.690889e-01 4.946558e-01 0.000000e+00
    outer loop
      vertex   2.380608e+01 -1.474010e+01 -6.600000e+00
      vertex   2.380608e+01 -1.474010e+01 4.900000e+00
      vertex   2.482966e+01 -1.294171e+01 -6.600000e+00
    endloop
  endfacet
  facet normal -8.690889e-01 4.946558e-01 0.000000e+00
    outer loop
      vertex   2.482966e+01 -1.294171e+01 -6.600000e+00
      vertex   2.380608e+01 -1.474010e+01 4.900000e+00
      vertex   2.482966e+01 -1.294171e+01 4.900000e+00
    endloop
  endfacet
  facet normal -9.032472e-01 4.291206e-01 0.000000e+00
    outer loop
      vertex   2.482966e+01 -1.294171e+01 -6.600000e+00
      vertex   2.482966e+01 -1.294171e+01 4.900000e+00
      vertex   2.571764e+01 -1.107263e+01 -6.600000e+00
    endloop
  endfacet
  facet normal -9.032472e-01 4.291206e-01 0.000000e+00
    outer loop
      vertex   2.571764e+01 -1.107263e+01 -6.600000e+00
      vertex   2.482966e+01 -1.294171e+01 4.900000e+00
      vertex   2.571764e+01 -1.107263e+01 4.900000e+00
    endloop
  endfacet
  facet normal -9.324722e-01 3.612417e-01 0.000000e+00
    outer loop
      vertex   2.571764e+01 -1.107263e+01 -6.600000e+00
      vertex   2.571764e+01 -1.107263e+01 4.900000e+00
      vertex   2.646515e+01 -9.143084e+00 -6.600000e+00
    endloop
  endfacet
  facet normal -9.324722e-01 3.612417e-01 0.000000e+00
    outer loop
      vertex   2.646515e+01 -9.143084e+00 -6.600000e+00
      vertex   2.571764e+01 -1.107263e+01 4.900000e+00
      vertex   2.646515e+01 -9.143084e+00 4.900000e+00
    endloop
  endfacet
  facet normal -9.566044e-01 2.913897e-01 0.000000e+00
    outer loop
      vertex   2.646515e+01 -9.143084e+00 -6.600000e+00
      vertex   2.646515e+01 -9.143084e+00 4.900000e+00
      vertex   2.706812e+01 -7.163598e+00 -6.600000e+00
    endloop
  endfacet
  facet normal -9.566044e-01 2.913897e-01 0.000000e+00
    outer loop
      vertex   2.706812e+01 -7.163598e+00 -6.600000e+00
      vertex   2.646515e+01 -9.143084e+00 4.900000e+00
      vertex   2.706812e+01 -7.163598e+00 4.900000e+00
    endloop
  endfacet
  facet normal -9.755120e-01 2.199464e-01 0.000000e+00
    outer loop
      vertex   2.706812e+01 -7.163598e+00 -6.600000e+00
      vertex   2.706812e+01 -7.163598e+00 4.900000e+00
      vertex   2.752325e+01 -5.144986e+00 -6.600000e+00
    endloop
  endfacet
  facet normal -9.755120e-01 2.199464e-01 0.000000e+00
    outer loop
      vertex   2.752325e+01 -5.144986e+00 -6.600000e+00
      vertex   2.706812e+01 -7.163598e+00 4.900000e+00
      vertex   2.752325e+01 -5.144986e+00 4.900000e+00
    endloop
  endfacet
  facet normal -9.890916e-01 1.473017e-01 0.000000e+00
    outer loop
      vertex   2.752325e+01 -5.144986e+00 -6.600000e+00
      vertex   2.752325e+01 -5.144986e+00 4.900000e+00
      vertex   2.782806e+01 -3.098275e+00 -6.600000e+00
    endloop
  endfacet
  facet normal -9.890916e-01 1.473017e-01 0.000000e+00
    outer loop
      vertex   2.782806e+01 -3.098275e+00 -6.600000e+00
      vertex   2.752325e+01 -5.144986e+00 4.900000e+00
      vertex   2.782806e+01 -3.098275e+00 4.900000e+00
    endloop
  endfacet
  facet normal -9.972692e-01 7.385253e-02 0.000000e+00
    outer loop
      vertex   2.782806e+01 -3.098275e+00 -6.600000e+00
      vertex   2.782806e+01 -3.098275e+00 4.900000e+00
      vertex   2.798088e+01 -1.034642e+00 -6.600000e+00
    endloop
  endfacet
  facet normal -9.972692e-01 7.385253e-02 0.000000e+00
    outer loop
      vertex   2.798088e+01 -1.034642e+00 -6.600000e+00
      vertex   2.782806e+01 -3.098275e+00 4.900000e+00
      vertex   2.798088e+01 -1.034642e+00 4.900000e+00
    endloop
  endfacet
  facet normal -1.000000e+00 0.000000e+00 0.000000e+00
    outer loop
      vertex   2.798088e+01 -1.034642e+00 -6.600000e+00
      vertex   2.798088e+01 -1.034642e+00 4.900000e+00
      vertex   2.798088e+01 1.034642e+00 -6.600000e+00
    endloop
  endfacet
  facet normal -1.000000e+00 0.000000e+00 0.000000e+00
    outer loop
      vertex   2.798088e+01 1.034642e+00 -6.600000e+00
      vertex   2.798088e+01 -1.034642e+00 4.900000e+00
      vertex   2.798088e+01 1.034642e+00 4.900000e+00
    endloop
  endfacet
  facet normal -9.972692e-01 -7.385253e-02 0.000000e+00
    outer loop
      vertex   2.798088e+01 1.034642e+00 -6.600000e+00
      vertex   2.798088e+01 1.034642e+00 4.900000e+00
      vertex   2.782806e+01 3.098275e+00 -6.600000e+00
    endloop
  endfacet
  facet normal -9.972692e-01 -7.385253e-02 0.000000e+00
    outer loop
      vertex   2.782806e+01 3.098275e+00 -6.600000e+00
      vertex   2.798088e+01 1.034642e+00 4.900000e+00
      vertex   2.782806e+01 3.098275e+00 4.900000e+00
    endloop
  endfacet
  facet normal -9.890916e-01 -1.473017e-01 0.000000e+00
    outer loop
      vertex   2.782806e+01 3.098275e+00 -6.600000e+00
      vertex   2.782806e+01 3.098275e+00 4.900000e+00
      vertex   2.752325e+01 5.144986e+00 -6.600000e+00
    endloop
  endfacet
  facet normal -9.890916e-01 -1.473017e-01 0.000000e+00
    outer loop
      vertex   2.752325e+01 5.144986e+00 -6.600000e+00
      vertex   2.782806e+01 3.098275e+00 4.900000e+00
      vertex   2.752325e+01 5.144986e+00 4.900000e+00
    endloop
  endfacet
  facet normal -9.755120e-01 -2.199464e-01 0.000000e+00
    outer loop
      vertex   2.752325e+01 5.144986e+00 -6.600000e+00
      vertex   2.752325e+01 5.144986e+00 4.900000e+00
      vertex   2.706812e+01 7.163598e+00 -6.600000e+00
    endloop
  endfacet
  facet normal -9.755120e-01 -2.199464e-01 0.000000e+00
    outer loop
      vertex   2.706812e+01 7.163598e+00 -6.600000e+00
      vertex   2.752325e+01 5.144986e+00 4.900000e+00
      vertex   2.706812e+01 7.163598e+00 4.900000e+00
    endloop
  endfacet
  facet normal -9.566044e-01 -2.913897e-01 0.000000e+00
    outer loop
      vertex   2.706812e+01 7.163598e+00 -6.600000e+00
      vertex   2.706812e+01 7.163598e+00 4.900000e+00
      vertex   2.646515e+01 9.143084e+00 -6.600000e+00
    endloop
  endfacet
  facet normal -9.566044e-01 -2.913897e-01 0.000000e+00
    outer loop
      vertex   2.646515e+01 9.143084e+00 -6.600000e+00
      vertex   2.706812e+01 7.163598e+00 4.900000e+00
      vertex   2.646515e+01 9.143084e+00 4.900000e+00
    endloop
  endfacet
  facet normal -9.324722e-01 -3.612417e-01 0.000000e+00
    outer loop
      vertex   2.646515e+01 9.143084e+00 -6.600000e+00
      vertex   2.646515e+01 9.143084e+00 4.900000e+00
      vertex   2.571764e+01 1.107263e+01 -6.600000e+00
    endloop
  endfacet
  facet normal -9.324722e-01 -3.612417e-01 0.000000e+00
    outer loop
      vertex   2.571764e+01 1.107263e+01 -6.600000e+00
      vertex   2.646515e+01 9.143084e+00 4.900000e+00
      vertex   2.571764e+01 1.107263e+01 4.900000e+00
    endloop
  endfacet
  facet normal -9.032472e-01 -4.291206e-01 0.000000e+00
    outer loop
      vertex   2.571764e+01 1.107263e+01 -6.600000e+00
      vertex   2.571764e+01 1.107263e+01 4.900000e+00
      vertex   2.482966e+01 1.294171e+01 -6.600000e+00
    endloop
  endfacet
  facet normal -9.032472e-01 -4.291206e-01 0.000000e+00
    outer loop
      vertex   2.482966e+01 1.294171e+01 -6.600000e+00
      vertex   2.571764e+01 1.107263e+01 4.900000e+00
      vertex   2.482966e+01 1.294171e+01 4.900000e+00
    endloop
  endfacet
  facet normal -8.690889e-01 -4.946558e-01 0.000000e+00
    outer loop
      vertex   2.482966e+01 1.294171e+01 -6.600000e+00
      vertex   2.482966e+01 1.294171e+01 4.900000e+00
      vertex   2.380608e+01 1.474010e+01 -6.600000e+00
    endloop
  endfacet
  facet normal -8.690889e-01 -4.946558e-01 0.000000e+00
    outer loop
      vertex   2.380608e+01 1.474010e+01 -6.600000e+00
      vertex   2.482966e+01 1.294171e+01 4.900000e+00
      vertex   2.380608e+01 1.474010e+01 4.900000e+00
    endloop
  endfacet
  facet normal -8.301840e-01 -5.574894e-01 0.000000e+00
    outer loop
      vertex   2.380608e+01 1.474010e+01 -6.600000e+00
      vertex   2.380608e+01 1.474010e+01 4.900000e+00
      vertex   2.265248e+01 1.645799e+01 -6.600000e+00
    endloop
  endfacet
  facet normal -8.301840e-01 -5.574894e-01 0.000000e+00
    outer loop
      vertex   2.265248e+01 1.645799e+01 -6.600000e+00
      vertex   2.380608e+01 1.474010e+01 4.900000e+00
      vertex   2.265248e+01 1.645799e+01 4.900000e+00
    endloop
  endfacet
  facet normal -7.867449e-01 -6.172782e-01 0.000000e+00
    outer loop
      vertex   2.265248e+01 1.645799e+01 -6.600000e+00
      vertex   2.265248e+01 1.645799e+01 4.900000e+00
      vertex   2.137515e+01 1.808599e+01 -6.600000e+00
    endloop
  endfacet
  facet normal -7.867449e-01 -6.172782e-01 0.000000e+00
    outer loop
      vertex   2.137515e+01 1.808599e+01 -6.600000e+00
      vertex   2.265248e+01 1.645799e+01 4.900000e+00
      vertex   2.137515e+01 1.808599e+01 4.900000e+00
    endloop
  endfacet
  facet normal -7.390089e-01 -6.736956e-01 0.000000e+00
    outer loop
      vertex   2.137515e+01 1.808599e+01 -6.600000e+00
      vertex   2.137515e+01 1.808599e+01 4.900000e+00
      vertex   1.998108e+01 1.961521e+01 -6.600000e+00
    endloop
  endfacet
  facet normal -7.390089e-01 -6.736956e-01 0.000000e+00
    outer loop
      vertex   1.998108e+01 1.961521e+01 -6.600000e+00
      vertex   2.137515e+01 1.808599e+01 4.900000e+00
      vertex   1.998108e+01 1.961521e+01 4.900000e+00
    endloop
  endfacet
  facet normal -6.872367e-01 -7.264336e-01 0.000000e+00
    outer loop
      vertex   1.998108e+01 1.961521e+01 -6.600000e+00
      vertex   1.998108e+01 1.961521e+01 4.900000e+00
      vertex   1.847789e+01 2.103729e+01 -6.600000e+00
    endloop
  endfacet
  facet normal -6.872367e-01 -7.264336e-01 0.000000e+00
    outer loop
      vertex   1.847789e+01 2.103729e+01 -6.600000e+00
      vertex   1.998108e+01 1.961521e+01 4.900000e+00
      vertex   1.847789e+01 2.103729e+01 4.900000e+00
    endloop
  endfacet
  facet normal -6.317110e-01 -7.752040e-01 0.000000e+00
    outer loop
      vertex   1.847789e+01 2.103729e+01 -6.600000e+00
      vertex   1.847789e+01 2.103729e+01 4.900000e+00
      vertex   1.687377e+01 2.234448e+01 -6.600000e+00
    endloop
  endfacet
  facet normal -6.317110e-01 -7.752040e-01 0.000000e+00
    outer loop
      vertex   1.687377e+01 2.234448e+01 -6.600000e+00
      vertex   1.847789e+01 2.103729e+01 4.900000e+00
      vertex   1.687377e+01 2.234448e+01 4.900000e+00
    endloop
  endfacet
  facet normal -5.727351e-01 -8.197405e-01 0.000000e+00
    outer loop
      vertex   1.687377e+01 2.234448e+01 -6.600000e+00
      vertex   1.687377e+01 2.234448e+01 4.900000e+00
      vertex   1.517749e+01 2.352963e+01 -6.600000e+00
    endloop
  endfacet
  facet normal -5.727351e-01 -8.197405e-01 0.000000e+00
    outer loop
      vertex   1.517749e+01 2.352963e+01 -6.600000e+00
      vertex   1.687377e+01 2.234448e+01 4.900000e+00
      vertex   1.517749e+01 2.352963e+01 4.900000e+00
    endloop
  endfacet
  facet normal -5.106312e-01 -8.597999e-01 0.000000e+00
    outer loop
      vertex   1.517749e+01 2.352963e+01 -6.600000e+00
      vertex   1.517749e+01 2.352963e+01 4.900000e+00
      vertex   1.339832e+01 2.458627e+01 -6.600000e+00
    endloop
  endfacet
  facet normal -5.106312e-01 -8.597999e-01 0.000000e+00
    outer loop
      vertex   1.339832e+01 2.458627e+01 -6.600000e+00
      vertex   1.517749e+01 2.352963e+01 4.900000e+00
      vertex   1.339832e+01 2.458627e+01 4.900000e+00
    endloop
  endfacet
  facet normal -4.457384e-01 -8.951633e-01 0.000000e+00
    outer loop
      vertex   1.339832e+01 2.458627e+01 -6.600000e+00
      vertex   1.339832e+01 2.458627e+01 4.900000e+00
      vertex   1.154598e+01 2.550863e+01 -6.600000e+00
    endloop
  endfacet
  facet normal -4.457384e-01 -8.951633e-01 0.000000e+00
    outer loop
      vertex   1.154598e+01 2.550863e+01 -6.600000e+00
      vertex   1.339832e+01 2.458627e+01 4.900000e+00
      vertex   1.154598e+01 2.550863e+01 4.900000e+00
    endloop
  endfacet
  facet normal -3.784111e-01 -9.256377e-01 0.000000e+00
    outer loop
      vertex   1.154598e+01 2.550863e+01 -6.600000e+00
      vertex   1.154598e+01 2.550863e+01 4.900000e+00
      vertex   9.630570e+00 2.629167e+01 -6.600000e+00
    endloop
  endfacet
  facet normal -3.784111e-01 -9.256377e-01 0.000000e+00
    outer loop
      vertex   9.630570e+00 2.629167e+01 -6.600000e+00
      vertex   1.154598e+01 2.550863e+01 4.900000e+00
      vertex   9.630570e+00 2.629167e+01 4.900000e+00
    endloop
  endfacet
  facet normal -3.090170e-01 -9.510565e-01 0.000000e+00
    outer loop
      vertex   9.630570e+00 2.629167e+01 -6.600000e+00
      vertex   9.630570e+00 2.629167e+01 4.900000e+00
      vertex   7.662564e+00 2.693112e+01 -6.600000e+00
    endloop
  endfacet
  facet normal -3.090170e-01 -9.510565e-01 0.000000e+00
    outer loop
      vertex   7.662564e+00 2.693112e+01 -6.600000e+00
      vertex   9.630570e+00 2.629167e+01 4.900000e+00
      vertex   7.662564e+00 2.693112e+01 4.900000e+00
    endloop
  endfacet
  facet normal -2.379352e-01 -9.712810e-01 0.000000e+00
    outer loop
      vertex   7.662564e+00 2.693112e+01 -6.600000e+00
      vertex   7.662564e+00 2.693112e+01 4.900000e+00
      vertex   5.652707e+00 2.742347e+01 -6.600000e+00
    endloop
  endfacet
  facet normal -2.379352e-01 -9.712810e-01 0.000000e+00
    outer loop
      vertex   5.652707e+00 2.742347e+01 -6.600000e+00
      vertex   7.662564e+00 2.693112e+01 4.900000e+00
      vertex   5.652707e+00 2.742347e+01 4.900000e+00
    endloop
  endfacet
  facet normal -1.655539e-01 -9.862007e-01 0.000000e+00
    outer loop
      vertex   5.652707e+00 2.742347e+01 -6.600000e+00
      vertex   5.652707e+00 2.742347e+01 4.900000e+00
      vertex   3.611978e+00 2.776605e+01 -6.600000e+00
    endloop
  endfacet
  facet normal -1.655539e-01 -9.862007e-01 0.000000e+00
    outer loop
      vertex   3.611978e+00 2.776605e+01 -6.600000e+00
      vertex   5.652707e+00 2.742347e+01 4.900000e+00
      vertex   3.611978e+00 2.776605e+01 4.900000e+00
    endloop
  endfacet
  facet normal -9.226836e-02 -9.957342e-01 0.000000e+00
    outer loop
      vertex   3.611978e+00 2.776605e+01 -6.600000e+00
      vertex   3.611978e+00 2.776605e+01 4.900000e+00
      vertex   1.551521e+00 2.795698e+01 -6.600000e+00
    endloop
  endfacet
  facet normal -9.226836e-02 -9.957342e-01 0.000000e+00
    outer loop
      vertex   1.551521e+00 2.795698e+01 -6.600000e+00
      vertex   3.611978e+00 2.776605e+01 4.900000e+00
      vertex   1.551521e+00 2.795698e+01 4.900000e+00
    endloop
  endfacet
  facet normal -1.847890e-02 -9.998293e-01 0.000000e+00
    outer loop
      vertex   1.551521e+00 2.795698e+01 -6.600000e+00
      vertex   1.551521e+00 2.795698e+01 4.900000e+00
      vertex   -5.174093e-01 2.799522e+01 -6.600000e+00
    endloop
  endfacet
  facet normal -1.847890e-02 -9.998293e-01 0.000000e+00
    outer loop
      vertex   -5.174093e-01 2.799522e+01 -6.600000e+00
      vertex   1.551521e+00 2.795698e+01 4.900000e+00
      vertex   -5.174093e-01 2.799522e+01 4.900000e+00
    endloop
  endfacet
  facet normal 5.541147e-02 -9.984636e-01 0.000000e+00
    outer loop
      vertex   -5.174093e-01 2.799522e+01 -6.600000e+00
      vertex   -5.174093e-01 2.799522e+01 4.900000e+00
      vertex   -2.583514e+00 2.788056e+01 -6.600000e+00
    endloop
  endfacet
  facet normal 5.541147e-02 -9.984636e-01 0.000000e+00
    outer loop
      vertex   -2.583514e+00 2.788056e+01 -6.600000e+00
      vertex   -5.174093e-01 2.799522e+01 4.900000e+00
      vertex   -2.583514e+00 2.788056e+01 4.900000e+00
    endloop
  endfacet
  facet normal 1.289992e-01 -9.916447e-01 0.000000e+00
    outer loop
      vertex   -2.583514e+00 2.788056e+01 -6.600000e+00
      vertex   -2.583514e+00 2.788056e+01 4.900000e+00
      vertex   -4.635509e+00 2.761362e+01 -6.600000e+00
    endloop
  endfacet
  facet normal 1.289992e-01 -9.916447e-01 0.000000e+00
    outer loop
      vertex   -4.635509e+00 2.761362e+01 -6.600000e+00
      vertex   -2.583514e+00 2.788056e+01 4.900000e+00
      vertex   -4.635509e+00 2.761362e+01 4.900000e+00
    endloop
  endfacet
  facet normal 2.018824e-01 -9.794098e-01 0.000000e+00
    outer loop
      vertex   -4.635509e+00 2.761362e+01 -6.600000e+00
      vertex   -4.635509e+00 2.761362e+01 4.900000e+00
      vertex   -6.662185e+00 2.719587e+01 -6.600000e+00
    endloop
  endfacet
  facet normal 2.018824e-01 -9.794098e-01 0.000000e+00
    outer loop
      vertex   -6.662185e+00 2.719587e+01 -6.600000e+00
      vertex   -4.635509e+00 2.761362e+01 4.900000e+00
      vertex   -6.662185e+00 2.719587e+01 4.900000e+00
    endloop
  endfacet
  facet normal 2.736630e-01 -9.618256e-01 0.000000e+00
    outer loop
      vertex   -6.662185e+00 2.719587e+01 -6.600000e+00
      vertex   -6.662185e+00 2.719587e+01 4.900000e+00
      vertex   -8.652476e+00 2.662958e+01 -6.600000e+00
    endloop
  endfacet
  facet normal 2.736630e-01 -9.618256e-01 0.000000e+00
    outer loop
      vertex   -8.652476e+00 2.662958e+01 -6.600000e+00
      vertex   -6.662185e+00 2.719587e+01 4.900000e+00
      vertex   -8.652476e+00 2.662958e+01 4.900000e+00
    endloop
  endfacet
  facet normal 3.439489e-01 -9.389884e-01 0.000000e+00
    outer loop
      vertex   -8.652476e+00 2.662958e+01 -6.600000e+00
      vertex   -8.652476e+00 2.662958e+01 4.900000e+00
      vertex   -1.059551e+01 2.591785e+01 -6.600000e+00
    endloop
  endfacet
  facet normal 3.439489e-01 -9.389884e-01 0.000000e+00
    outer loop
      vertex   -1.059551e+01 2.591785e+01 -6.600000e+00
      vertex   -8.652476e+00 2.662958e+01 4.900000e+00
      vertex   -1.059551e+01 2.591785e+01 4.900000e+00
    endloop
  endfacet
  facet normal 4.123563e-01 -9.110226e-01 0.000000e+00
    outer loop
      vertex   -1.059551e+01 2.591785e+01 -6.600000e+00
      vertex   -1.059551e+01 2.591785e+01 4.900000e+00
      vertex   -1.248067e+01 2.506457e+01 -6.600000e+00
    endloop
  endfacet
  facet normal 4.123563e-01 -9.110226e-01 0.000000e+00
    outer loop
      vertex   -1.248067e+01 2.506457e+01 -6.600000e+00
      vertex   -1.059551e+01 2.591785e+01 4.900000e+00
      vertex   -1.248067e+01 2.506457e+01 4.900000e+00
    endloop
  endfacet
  facet normal 4.785116e-01 -8.780812e-01 0.000000e+00
    outer loop
      vertex   -1.248067e+01 2.506457e+01 -6.600000e+00
      vertex   -1.248067e+01 2.506457e+01 4.900000e+00
      vertex   -1.429767e+01 2.407440e+01 -6.600000e+00
    endloop
  endfacet
  facet normal 4.785116e-01 -8.780812e-01 0.000000e+00
    outer loop
      vertex   -1.429767e+01 2.407440e+01 -6.600000e+00
      vertex   -1.248067e+01 2.506457e+01 4.900000e+00
      vertex   -1.429767e+01 2.407440e+01 4.900000e+00
    endloop
  endfacet
  facet normal 5.420534e-01 -8.403441e-01 0.000000e+00
    outer loop
      vertex   -1.429767e+01 2.407440e+01 -6.600000e+00
      vertex   -1.429767e+01 2.407440e+01 4.900000e+00
      vertex   -1.603658e+01 2.295273e+01 -6.600000e+00
    endloop
  endfacet
  facet normal 5.420534e-01 -8.403441e-01 0.000000e+00
    outer loop
      vertex   -1.603658e+01 2.295273e+01 -6.600000e+00
      vertex   -1.429767e+01 2.407440e+01 4.900000e+00
      vertex   -1.603658e+01 2.295273e+01 4.900000e+00
    endloop
  endfacet
  facet normal 6.026346e-01 -7.980172e-01 0.000000e+00
    outer loop
      vertex   -1.603658e+01 2.295273e+01 -6.600000e+00
      vertex   -1.603658e+01 2.295273e+01 4.900000e+00
      vertex   -1.768791e+01 2.170571e+01 -6.600000e+00
    endloop
  endfacet
  facet normal 6.026346e-01 -7.980172e-01 0.000000e+00
    outer loop
      vertex   -1.768791e+01 2.170571e+01 -6.600000e+00
      vertex   -1.603658e+01 2.295273e+01 4.900000e+00
      vertex   -1.768791e+01 2.170571e+01 4.900000e+00
    endloop
  endfacet
  facet normal 6.599245e-01 -7.513319e-01 0.000000e+00
    outer loop
      vertex   -1.768791e+01 2.170571e+01 -6.600000e+00
      vertex   -1.768791e+01 2.170571e+01 4.900000e+00
      vertex   -1.924263e+01 2.034014e+01 -6.600000e+00
    endloop
  endfacet
  facet normal 6.599245e-01 -7.513319e-01 0.000000e+00
    outer loop
      vertex   -1.924263e+01 2.034014e+01 -6.600000e+00
      vertex   -1.768791e+01 2.170571e+01 4.900000e+00
      vertex   -1.924263e+01 2.034014e+01 4.900000e+00
    endloop
  endfacet
  facet normal 7.136102e-01 -7.005430e-01 0.000000e+00
    outer loop
      vertex   -1.924263e+01 2.034014e+01 -6.600000e+00
      vertex   -1.924263e+01 2.034014e+01 4.900000e+00
      vertex   -2.069225e+01 1.886348e+01 -6.600000e+00
    endloop
  endfacet
  facet normal 7.136102e-01 -7.005430e-01 0.000000e+00
    outer loop
      vertex   -2.069225e+01 1.886348e+01 -6.600000e+00
      vertex   -1.924263e+01 2.034014e+01 4.900000e+00
      vertex   -2.069225e+01 1.886348e+01 4.900000e+00
    endloop
  endfacet
  facet normal 7.633983e-01 -6.459281e-01 0.000000e+00
    outer loop
      vertex   -2.069225e+01 1.886348e+01 -6.600000e+00
      vertex   -2.069225e+01 1.886348e+01 4.900000e+00
      vertex   -2.202886e+01 1.728379e+01 -6.600000e+00
    endloop
  endfacet
  facet normal 7.633983e-01 -6.459281e-01 0.000000e+00
    outer loop
      vertex   -2.202886e+01 1.728379e+01 -6.600000e+00
      vertex   -2.069225e+01 1.886348e+01 4.900000e+00
      vertex   -2.202886e+01 1.728379e+01 4.900000e+00
    endloop
  endfacet
  facet normal 8.090170e-01 -5.877853e-01 0.000000e+00
    outer loop
      vertex   -2.202886e+01 1.728379e+01 -6.600000e+00
      vertex   -2.202886e+01 1.728379e+01 4.900000e+00
      vertex   -2.324515e+01 1.560970e+01 -6.600000e+00
    endloop
  endfacet
  facet normal 8.090170e-01 -5.877853e-01 0.000000e+00
    outer loop
      vertex   -2.324515e+01 1.560970e+01 -6.600000e+00
      vertex   -2.202886e+01 1.728379e+01 4.900000e+00
      vertex   -2.324515e+01 1.560970e+01 4.900000e+00
    endloop
  endfacet
  facet normal 8.502171e-01 -5.264322e-01 0.000000e+00
    outer loop
      vertex   -2.324515e+01 1.560970e+01 -6.600000e+00
      vertex   -2.324515e+01 1.560970e+01 4.900000e+00
      vertex   -2.433449e+01 1.385036e+01 -6.600000e+00
    endloop
  endfacet
  facet normal 8.502171e-01 -5.264322e-01 0.000000e+00
    outer loop
      vertex   -2.433449e+01 1.385036e+01 -6.600000e+00
      vertex   -2.324515e+01 1.560970e+01 4.900000e+00
      vertex   -2.433449e+01 1.385036e+01 4.900000e+00
    endloop
  endfacet
  facet normal 8.867737e-01 -4.622039e-01 0.000000e+00
    outer loop
      vertex   -2.433449e+01 1.385036e+01 -6.600000e+00
      vertex   -2.433449e+01 1.385036e+01 4.900000e+00
      vertex   -2.529092e+01 1.201538e+01 -6.600000e+00
    endloop
  endfacet
  facet normal 8.867737e-01 -4.622039e-01 0.000000e+00
    outer loop
      vertex   -2.529092e+01 1.201538e+01 -6.600000e+00
      vertex   -2.433449e+01 1.385036e+01 4.900000e+00
      vertex   -2.529092e+01 1.201538e+01 4.900000e+00
    endloop
  endfacet
  facet normal 9.184870e-01 -3.954512e-01 0.000000e+00
    outer loop
      vertex   -2.529092e+01 1.201538e+01 -6.600000e+00
      vertex   -2.529092e+01 1.201538e+01 4.900000e+00
      vertex   -2.610922e+01 1.011477e+01 -6.600000e+00
    endloop
  endfacet
  facet normal 9.184870e-01 -3.954512e-01 0.000000e+00
    outer loop
      vertex   -2.610922e+01 1.011477e+01 -6.600000e+00
      vertex   -2.529092e+01 1.201538e+01 4.900000e+00
      vertex   -2.610922e+01 1.011477e+01 4.900000e+00
    endloop
  endfacet
  facet normal 9.451838e-01 -3.265387e-01 0.000000e+00
    outer loop
      vertex   -2.610922e+01 1.011477e+01 -6.600000e+00
      vertex   -2.610922e+01 1.011477e+01 4.900000e+00
      vertex   -2.678492e+01 8.158913e+00 -6.600000e+00
    endloop
  endfacet
  facet normal 9.451838e-01 -3.265387e-01 0.000000e+00
    outer loop
      vertex   -2.678492e+01 8.158913e+00 -6.600000e+00
      vertex   -2.610922e+01 1.011477e+01 4.900000e+00
      vertex   -2.678492e+01 8.158913e+00 4.900000e+00
    endloop
  endfacet
  facet normal 9.667184e-01 -2.558428e-01 0.000000e+00
    outer loop
      vertex   -2.678492e+01 8.158913e+00 -6.600000e+00
      vertex   -2.678492e+01 8.158913e+00 4.900000e+00
      vertex   -2.731434e+01 6.158498e+00 -6.600000e+00
    endloop
  endfacet
  facet normal 9.667184e-01 -2.558428e-01 0.000000e+00
    outer loop
      vertex   -2.731434e+01 6.158498e+00 -6.600000e+00
      vertex   -2.678492e+01 8.158913e+00 4.900000e+00
      vertex   -2.731434e+01 6.158498e+00 4.900000e+00
    endloop
  endfacet
  facet normal 9.829731e-01 -1.837495e-01 0.000000e+00
    outer loop
      vertex   -2.731434e+01 6.158498e+00 -6.600000e+00
      vertex   -2.731434e+01 6.158498e+00 4.900000e+00
      vertex   -2.769457e+01 4.124448e+00 -6.600000e+00
    endloop
  endfacet
  facet normal 9.829731e-01 -1.837495e-01 0.000000e+00
    outer loop
      vertex   -2.769457e+01 4.124448e+00 -6.600000e+00
      vertex   -2.731434e+01 6.158498e+00 4.900000e+00
      vertex   -2.769457e+01 4.124448e+00 4.900000e+00
    endloop
  endfacet
  facet normal 9.938591e-01 -1.106527e-01 0.000000e+00
    outer loop
      vertex   -2.769457e+01 4.124448e+00 -6.600000e+00
      vertex   -2.769457e+01 4.124448e+00 4.900000e+00
      vertex   -2.792354e+01 2.067871e+00 -6.600000e+00
    endloop
  endfacet
  facet normal 9.938591e-01 -1.106527e-01 0.000000e+00
    outer loop
      vertex   -2.792354e+01 2.067871e+00 -6.600000e+00
      vertex   -2.769457e+01 4.124448e+00 4.900000e+00
      vertex   -2.792354e+01 2.067871e+00 4.900000e+00
    endloop
  endfacet
  facet normal 0.000000e+00 0.000000e+00 1.000000e+00
    outer loop
      vertex   -8.077096e+00 4.019652e+01 4.900000e+00
      vertex   -1.052675e+01 3.962559e+01 4.900000e+00
      vertex   -8.077096e+00 3.405526e+01 4.900000e+00
    endloop
  endfacet
  facet normal 0.000000e+00 0.000000e+00 1.000000e+00
    outer loop
      vertex   -8.077096e+00 3.405526e+01 4.900000e+00
      vertex   -1.052675e+01 3.962559e+01 4.900000e+00
      vertex   -1.031083e+01 3.344677e+01 4.900000e+00
    endloop
  endfacet
  facet normal 0.000000e+00 0.000000e+00 1.000000e+00
    outer loop
      vertex   -1.031083e+01 3.344677e+01 4.900000e+00
      vertex   -1.052675e+01 3.962559e+01 4.900000e+00
      vertex   -1.293678e+01 3.890552e+01 4.900000e+00
    endloop
  endfacet
  facet normal 0.000000e+00 0.000000e+00 1.000000e+00
    outer loop
      vertex   -1.031083e+01 3.344677e+01 4.900000e+00
      vertex   -1.293678e+01 3.890552e+01 4.900000e+00
      vertex   -1.249946e+01 3.269195e+01 4.900000e+00
    endloop
  endfacet
  facet normal 0.000000e+00 0.000000e+00 1.000000e+00
    outer loop
      vertex   -1.249946e+01 3.269195e+01 4.900000e+00
      vertex   -1.293678e+01 3.890552e+01 4.900000e+00
      vertex   -1.529813e+01 3.803902e+01 4.900000e+00
    endloop
  endfacet
  facet normal 0.000000e+00 0.000000e+00 1.000000e+00
    outer loop
      vertex   -1.249946e+01 3.269195e+01 4.900000e+00
      vertex   -1.529813e+01 3.803902e+01 4.900000e+00
      vertex   -1.463339e+01 3.179409e+01 4.900000e+00
    endloop
  endfacet
  facet normal 0.000000e+00 0.000000e+00 1.000000e+00
    outer loop
      vertex   -1.463339e+01 3.179409e+01 4.900000e+00
      vertex   -1.529813e+01 3.803902e+01 4.900000e+00
      vertex   -1.760189e+01 3.702936e+01 4.900000e+00
    endloop
  endfacet
  facet normal 0.000000e+00 0.000000e+00 1.000000e+00
    outer loop
      vertex   -1.463339e+01 3.179409e+01 4.900000e+00
      vertex   -1.760189e+01 3.702936e+01 4.900000e+00
      vertex   -1.670330e+01 3.075711e+01 4.900000e+00
    endloop
  endfacet
  facet normal 0.000000e+00 0.000000e+00 1.000000e+00
    outer loop
      vertex   -1.670330e+01 3.075711e+01 4.900000e+00
      vertex   -1.760189e+01 3.702936e+01 4.900000e+00
      vertex   -1.983941e+01 3.588033e+01 4.900000e+00
    endloop
  endfacet
  facet normal 0.000000e+00 0.000000e+00 1.000000e+00
    outer loop
      vertex   -1.670330e+01 3.075711e+01 4.900000e+00
      vertex   -1.983941e+01 3.588033e+01 4.900000e+00
      vertex   -1.870012e+01 2.958556e+01 4.900000e+00
    endloop
  endfacet
  facet normal 0.000000e+00 0.000000e+00 1.000000e+00
    outer loop
      vertex   -1.870012e+01 2.958556e+01 4.900000e+00
      vertex   -1.983941e+01 3.588033e+01 4.900000e+00
      vertex   -2.200226e+01 3.459625e+01 4.900000e+00
    endloop
  endfacet
  facet normal 0.000000e+00 0.000000e+00 1.000000e+00
    outer loop
      vertex   -1.870012e+01 2.958556e+01 4.900000e+00
      vertex   -2.200226e+01 3.459625e+01 4.900000e+00
      vertex   -2.408230e+01 3.318197e+01 4.900000e+00
    endloop
  endfacet
  facet normal 0.000000e+00 0.000000e+00 1.000000e+00
    outer loop
      vertex   -1.870012e+01 2.958556e+01 4.900000e+00
      vertex   -2.408230e+01 3.318197e+01 4.900000e+00
      vertex   -2.061513e+01 2.828456e+01 4.900000e+00
    endloop
  endfacet
  facet normal 0.000000e+00 0.000000e+00 1.000000e+00
    outer loop
      vertex   -2.061513e+01 2.828456e+01 4.900000e+00
      vertex   -2.408230e+01 3.318197e+01 4.900000e+00
      vertex   -2.607170e+01 3.164279e+01 4.900000e+00
    endloop
  endfacet
  facet normal 0.000000e+00 0.000000e+00 1.000000e+00
    outer loop
      vertex   -2.061513e+01 2.828456e+01 4.900000e+00
      vertex   -2.607170e+01 3.164279e+01 4.900000e+00
      vertex   -2.243993e+01 2.685981e+01 4.900000e+00
    endloop
  endfacet
  facet normal 0.000000e+00 0.000000e+00 1.000000e+00
    outer loop
      vertex   -2.243993e+01 2.685981e+01 4.900000e+00
      vertex   -2.607170e+01 3.164279e+01 4.900000e+00
      vertex   -2.796298e+01 2.998453e+01 4.900000e+00
    endloop
  endfacet
  facet normal 0.000000e+00 0.000000e+00 1.000000e+00
    outer loop
      vertex   -2.243993e+01 2.685981e+01 4.900000e+00
      vertex   -2.796298e+01 2.998453e+01 4.900000e+00
      vertex   -2.416655e+01 2.531754e+01 4.900000e+00
    endloop
  endfacet
  facet normal 0.000000e+00 0.000000e+00 1.000000e+00
    outer loop
      vertex   -2.416655e+01 2.531754e+01 4.900000e+00
      vertex   -2.796298e+01 2.998453e+01 4.900000e+00
      vertex   -2.974901e+01 2.821341e+01 4.900000e+00
    endloop
  endfacet
  facet normal 0.000000e+00 0.000000e+00 1.000000e+00
    outer loop
      vertex   -2.416655e+01 2.531754e+01 4.900000e+00
      vertex   -2.974901e+01 2.821341e+01 4.900000e+00
      vertex   -2.578744e+01 2.366449e+01 4.900000e+00
    endloop
  endfacet
  facet normal 0.000000e+00 0.000000e+00 1.000000e+00
    outer loop
      vertex   -2.578744e+01 2.366449e+01 4.900000e+00
      vertex   -2.974901e+01 2.821341e+01 4.900000e+00
      vertex   -3.142307e+01 2.633611e+01 4.900000e+00
    endloop
  endfacet
  facet normal 0.000000e+00 0.000000e+00 1.000000e+00
    outer loop
      vertex   -2.578744e+01 2.366449e+01 4.900000e+00
      vertex   -3.142307e+01 2.633611e+01 4.900000e+00
      vertex   -2.729549e+01 2.190790e+01 4.900000e+00
    endloop
  endfacet
  facet normal 0.000000e+00 0.000000e+00 1.000000e+00
    outer loop
      vertex   -2.729549e+01 2.190790e+01 4.900000e+00
      vertex   -3.142307e+01 2.633611e+01 4.900000e+00
      vertex   -3.297887e+01 2.435968e+01 4.900000e+00
    endloop
  endfacet
  facet normal 0.000000e+00 0.000000e+00 1.000000e+00
    outer loop
      vertex   -2.729549e+01 2.190790e+01 4.900000e+00
      vertex   -3.297887e+01 2.435968e+01 4.900000e+00
      vertex   -2.868412e+01 2.005545e+01 4.900000e+00
    endloop
  endfacet
  facet normal 0.000000e+00 0.000000e+00 1.000000e+00
    outer loop
      vertex   -2.868412e+01 2.005545e+01 4.900000e+00
      vertex   -3.297887e+01 2.435968e+01 4.900000e+00
      vertex   -3.441055e+01 2.229158e+01 4.900000e+00
    endloop
  endfacet
  facet normal 0.000000e+00 0.000000e+00 1.000000e+00
    outer loop
      vertex   -2.868412e+01 2.005545e+01 4.900000e+00
      vertex   -3.441055e+01 2.229158e+01 4.900000e+00
      vertex   -2.994724e+01 1.811526e+01 4.900000e+00
    endloop
  endfacet
  facet normal 0.000000e+00 0.000000e+00 1.000000e+00
    outer loop
      vertex   -2.994724e+01 1.811526e+01 4.900000e+00
      vertex   -3.441055e+01 2.229158e+01 4.900000e+00
      vertex   -3.571271e+01 2.013957e+01 4.900000e+00
    endloop
  endfacet
  facet normal 0.000000e+00 0.000000e+00 1.000000e+00
    outer loop
      vertex   -2.994724e+01 1.811526e+01 4.900000e+00
      vertex   -3.571271e+01 2.013957e+01 4.900000e+00
      vertex   -3.107934e+01 1.609580e+01 4.900000e+00
    endloop
  endfacet
  facet normal 0.000000e+00 0.000000e+00 1.000000e+00
    outer loop
      vertex   -3.107934e+01 1.609580e+01 4.900000e+00
      vertex   -3.571271e+01 2.013957e+01 4.900000e+00
      vertex   -3.688047e+01 1.791176e+01 4.900000e+00
    endloop
  endfacet
  facet normal 0.000000e+00 0.000000e+00 1.000000e+00
    outer loop
      vertex   -3.107934e+01 1.609580e+01 4.900000e+00
      vertex   -3.688047e+01 1.791176e+01 4.900000e+00
      vertex   -3.207544e+01 1.400592e+01 4.900000e+00
    endloop
  endfacet
  facet normal 0.000000e+00 0.000000e+00 1.000000e+00
    outer loop
      vertex   -3.207544e+01 1.400592e+01 4.900000e+00
      vertex   -3.688047e+01 1.791176e+01 4.900000e+00
      vertex   -3.790941e+01 1.561654e+01 4.900000e+00
    endloop
  endfacet
  facet normal 0.000000e+00 0.000000e+00 1.000000e+00
    outer loop
      vertex   -3.207544e+01 1.400592e+01 4.900000e+00
      vertex   -3.790941e+01 1.561654e+01 4.900000e+00
      vertex   -3.293121e+01 1.185476e+01 4.900000e+00
    endloop
  endfacet
  facet normal 0.000000e+00 0.000000e+00 1.000000e+00
    outer loop
      vertex   -3.293121e+01 1.185476e+01 4.900000e+00
      vertex   -3.790941e+01 1.561654e+01 4.900000e+00
      vertex   -3.879568e+01 1.326255e+01 4.900000e+00
    endloop
  endfacet
  facet normal 0.000000e+00 0.000000e+00 1.000000e+00
    outer loop
      vertex   -3.293121e+01 1.185476e+01 4.900000e+00
      vertex   -3.879568e+01 1.326255e+01 4.900000e+00
      vertex   -3.364289e+01 9.651731e+00 4.900000e+00
    endloop
  endfacet
  facet normal 0.000000e+00 0.000000e+00 1.000000e+00
    outer loop
      vertex   -3.364289e+01 9.651731e+00 4.900000e+00
      vertex   -3.879568e+01 1.326255e+01 4.900000e+00
      vertex   -3.953593e+01 1.085864e+01 4.900000e+00
    endloop
  endfacet
  facet normal 0.000000e+00 0.000000e+00 1.000000e+00
    outer loop
      vertex   -3.364289e+01 9.651731e+00 4.900000e+00
      vertex   -3.953593e+01 1.085864e+01 4.900000e+00
      vertex   -3.420737e+01 7.406470e+00 4.900000e+00
    endloop
  endfacet
  facet normal 0.000000e+00 0.000000e+00 1.000000e+00
    outer loop
      vertex   -3.420737e+01 7.406470e+00 4.900000e+00
      vertex   -3.953593e+01 1.085864e+01 4.900000e+00
      vertex   -4.012738e+01 8.413858e+00 4.900000e+00
    endloop
  endfacet
  facet normal 0.000000e+00 0.000000e+00 1.000000e+00
    outer loop
      vertex   -3.420737e+01 7.406470e+00 4.900000e+00
      vertex   -4.012738e+01 8.413858e+00 4.900000e+00
      vertex   -3.462218e+01 5.128803e+00 4.900000e+00
    endloop
  endfacet
  facet normal 0.000000e+00 0.000000e+00 1.000000e+00
    outer loop
      vertex   -3.462218e+01 5.128803e+00 4.900000e+00
      vertex   -4.012738e+01 8.413858e+00 4.900000e+00
      vertex   -4.056781e+01 5.937411e+00 4.900000e+00
    endloop
  endfacet
  facet normal 0.000000e+00 0.000000e+00 1.000000e+00
    outer loop
      vertex   -3.462218e+01 5.128803e+00 4.900000e+00
      vertex   -4.056781e+01 5.937411e+00 4.900000e+00
      vertex   -4.085555e+01 3.438617e+00 4.900000e+00
    endloop
  endfacet
  facet normal 0.000000e+00 0.000000e+00 1.000000e+00
    outer loop
      vertex   -3.462218e+01 5.128803e+00 4.900000e+00
      vertex   -4.085555e+01 3.438617e+00 4.900000e+00
      vertex   -3.488551e+01 2.828695e+00 4.900000e+00
    endloop
  endfacet
  facet normal 0.000000e+00 0.000000e+00 1.000000e+00
    outer loop
      vertex   -3.488551e+01 2.828695e+00 4.900000e+00
      vertex   -4.085555e+01 3.438617e+00 4.900000e+00
      vertex   -4.098952e+01 9.268814e-01 4.900000e+00
    endloop
  endfacet
  facet normal 0.000000e+00 0.000000e+00 1.000000e+00
    outer loop
      vertex   -3.488551e+01 2.828695e+00 4.900000e+00
      vertex   -4.098952e+01 9.268814e-01 4.900000e+00
      vertex   -3.499619e+01 5.162111e-01 4.900000e+00
    endloop
  endfacet
  facet normal 0.000000e+00 0.000000e+00 1.000000e+00
    outer loop
      vertex   -3.499619e+01 5.162111e-01 4.900000e+00
      vertex   -4.098952e+01 9.268814e-01 4.900000e+00
      vertex   -4.096922e+01 -1.588343e+00 4.900000e+00
    endloop
  endfacet
  facet normal 0.000000e+00 0.000000e+00 1.000000e+00
    outer loop
      vertex   -3.499619e+01 5.162111e-01 4.900000e+00
      vertex   -4.096922e+01 -1.588343e+00 4.900000e+00
      vertex   -3.495376e+01 -1.798532e+00 4.900000e+00
    endloop
  endfacet
  facet normal 0.000000e+00 0.000000e+00 1.000000e+00
    outer loop
      vertex   -3.495376e+01 -1.798532e+00 4.900000e+00
      vertex   -4.096922e+01 -1.588343e+00 4.900000e+00
      vertex   -4.079473e+01 -4.097589e+00 4.900000e+00
    endloop
  endfacet
  facet normal 0.000000e+00 0.000000e+00 1.000000e+00
    outer loop
      vertex   -3.495376e+01 -1.798532e+00 4.900000e+00
      vertex   -4.079473e+01 -4.097589e+00 4.900000e+00
      vertex   -3.475839e+01 -4.105405e+00 4.900000e+00
    endloop
  endfacet
  facet normal 0.000000e+00 0.000000e+00 1.000000e+00
    outer loop
      vertex   -3.475839e+01 -4.105405e+00 4.900000e+00
      vertex   -4.079473e+01 -4.097589e+00 4.900000e+00
      vertex   -4.046669e+01 -6.591413e+00 4.900000e+00
    endloop
  endfacet
  facet normal 0.000000e+00 0.000000e+00 1.000000e+00
    outer loop
      vertex   -3.475839e+01 -4.105405e+00 4.900000e+00
      vertex   -4.046669e+01 -6.591413e+00 4.900000e+00
      vertex   -3.441094e+01 -6.394316e+00 4.900000e+00
    endloop
  endfacet
  facet normal 0.000000e+00 0.000000e+00 1.000000e+00
    outer loop
      vertex   -3.441094e+01 -6.394316e+00 4.900000e+00
      vertex   -4.046669e+01 -6.591413e+00 4.900000e+00
      vertex   -3.998636e+01 -9.060429e+00 4.900000e+00
    endloop
  endfacet
  facet normal 0.000000e+00 0.000000e+00 1.000000e+00
    outer loop
      vertex   -3.441094e+01 -6.394316e+00 4.900000e+00
      vertex   -3.998636e+01 -9.060429e+00 4.900000e+00
      vertex   -3.391293e+01 -8.655249e+00 4.900000e+00
    endloop
  endfacet
  facet normal 0.000000e+00 0.000000e+00 1.000000e+00
    outer loop
      vertex   -3.391293e+01 -8.655249e+00 4.900000e+00
      vertex   -3.998636e+01 -9.060429e+00 4.900000e+00
      vertex   -3.935552e+01 -1.149534e+01 4.900000e+00
    endloop
  endfacet
  facet normal 0.000000e+00 0.000000e+00 1.000000e+00
    outer loop
      vertex   -3.391293e+01 -8.655249e+00 4.900000e+00
      vertex   -3.935552e+01 -1.149534e+01 4.900000e+00
      vertex   -3.326653e+01 -1.087831e+01 4.900000e+00
    endloop
  endfacet
  facet normal 0.000000e+00 0.000000e+00 1.000000e+00
    outer loop
      vertex   -3.326653e+01 -1.087831e+01 4.900000e+00
      vertex   -3.935552e+01 -1.149534e+01 4.900000e+00
      vertex   -3.857657e+01 -1.388699e+01 4.900000e+00
    endloop
  endfacet
  facet normal 0.000000e+00 0.000000e+00 1.000000e+00
    outer loop
      vertex   -3.326653e+01 -1.087831e+01 4.900000e+00
      vertex   -3.857657e+01 -1.388699e+01 4.900000e+00
      vertex   -3.247459e+01 -1.305378e+01 4.900000e+00
    endloop
  endfacet
  facet normal 0.000000e+00 0.000000e+00 1.000000e+00
    outer loop
      vertex   -3.247459e+01 -1.305378e+01 4.900000e+00
      vertex   -3.857657e+01 -1.388699e+01 4.900000e+00
      vertex   -3.765242e+01 -1.622638e+01 4.900000e+00
    endloop
  endfacet
  facet normal 0.000000e+00 0.000000e+00 1.000000e+00
    outer loop
      vertex   -3.247459e+01 -1.305378e+01 4.900000e+00
      vertex   -3.765242e+01 -1.622638e+01 4.900000e+00
      vertex   -3.154055e+01 -1.517213e+01 4.900000e+00
    endloop
  endfacet
  facet normal 0.000000e+00 0.000000e+00 1.000000e+00
    outer loop
      vertex   -3.154055e+01 -1.517213e+01 4.900000e+00
      vertex   -3.765242e+01 -1.622638e+01 4.900000e+00
      vertex   -3.658656e+01 -1.850469e+01 4.900000e+00
    endloop
  endfacet
  facet normal 0.000000e+00 0.000000e+00 1.000000e+00
    outer loop
      vertex   -3.154055e+01 -1.517213e+01 4.900000e+00
      vertex   -3.658656e+01 -1.850469e+01 4.900000e+00
      vertex   -3.046852e+01 -1.722410e+01 4.900000e+00
    endloop
  endfacet
  facet normal 0.000000e+00 0.000000e+00 1.000000e+00
    outer loop
      vertex   -3.046852e+01 -1.722410e+01 4.900000e+00
      vertex   -3.658656e+01 -1.850469e+01 4.900000e+00
      vertex   -3.538300e+01 -2.071336e+01 4.900000e+00
    endloop
  endfacet
  facet normal 0.000000e+00 0.000000e+00 1.000000e+00
    outer loop
      vertex   -3.046852e+01 -1.722410e+01 4.900000e+00
      vertex   -3.538300e+01 -2.071336e+01 4.900000e+00
      vertex   -2.926317e+01 -1.920070e+01 4.900000e+00
    endloop
  endfacet
  facet normal 0.000000e+00 0.000000e+00 1.000000e+00
    outer loop
      vertex   -2.926317e+01 -1.920070e+01 4.900000e+00
      vertex   -3.538300e+01 -2.071336e+01 4.900000e+00
      vertex   -3.404627e+01 -2.284407e+01 4.900000e+00
    endloop
  endfacet
  facet normal 0.000000e+00 0.000000e+00 1.000000e+00
    outer loop
      vertex   -2.926317e+01 -1.920070e+01 4.900000e+00
      vertex   -3.404627e+01 -2.284407e+01 4.900000e+00
      vertex   -2.792978e+01 -2.109330e+01 4.900000e+00
    endloop
  endfacet
  facet normal 0.000000e+00 0.000000e+00 1.000000e+00
    outer loop
      vertex   -2.792978e+01 -2.109330e+01 4.900000e+00
      vertex   -3.404627e+01 -2.284407e+01 4.900000e+00
      vertex   -3.258140e+01 -2.488880e+01 4.900000e+00
    endloop
  endfacet
  facet normal 0.000000e+00 0.000000e+00 1.000000e+00
    outer loop
      vertex   -2.792978e+01 -2.109330e+01 4.900000e+00
      vertex   -3.258140e+01 -2.488880e+01 4.900000e+00
      vertex   -2.647419e+01 -2.289360e+01 4.900000e+00
    endloop
  endfacet
  facet normal 0.000000e+00 0.000000e+00 1.000000e+00
    outer loop
      vertex   -2.647419e+01 -2.289360e+01 4.900000e+00
      vertex   -3.258140e+01 -2.488880e+01 4.900000e+00
      vertex   -3.099391e+01 -2.683985e+01 4.900000e+00
    endloop
  endfacet
  facet normal 0.000000e+00 0.000000e+00 1.000000e+00
    outer loop
      vertex   -2.647419e+01 -2.289360e+01 4.900000e+00
      vertex   -3.099391e+01 -2.683985e+01 4.900000e+00
      vertex   -2.928976e+01 -2.868989e+01 4.900000e+00
    endloop
  endfacet
  facet normal 0.000000e+00 0.000000e+00 1.000000e+00
    outer loop
      vertex   -2.647419e+01 -2.289360e+01 4.900000e+00
      vertex   -2.928976e+01 -2.868989e+01 4.900000e+00
      vertex   -2.490277e+01 -2.459374e+01 4.900000e+00
    endloop
  endfacet
  facet normal 0.000000e+00 0.000000e+00 1.000000e+00
    outer loop
      vertex   -2.490277e+01 -2.459374e+01 4.900000e+00
      vertex   -2.928976e+01 -2.868989e+01 4.900000e+00
      vertex   -2.747537e+01 -3.043195e+01 4.900000e+00
    endloop
  endfacet
  facet normal 0.000000e+00 0.000000e+00 1.000000e+00
    outer loop
      vertex   -2.490277e+01 -2.459374e+01 4.900000e+00
      vertex   -2.747537e+01 -3.043195e+01 4.900000e+00
      vertex   -2.322239e+01 -2.618627e+01 4.900000e+00
    endloop
  endfacet
  facet normal 0.000000e+00 0.000000e+00 1.000000e+00
    outer loop
      vertex   -2.322239e+01 -2.618627e+01 4.900000e+00
      vertex   -2.747537e+01 -3.043195e+01 4.900000e+00
      vertex   -2.555758e+01 -3.205948e+01 4.900000e+00
    endloop
  endfacet
  facet normal 0.000000e+00 0.000000e+00 1.000000e+00
    outer loop
      vertex   -2.322239e+01 -2.618627e+01 4.900000e+00
      vertex   -2.555758e+01 -3.205948e+01 4.900000e+00
      vertex   -2.144040e+01 -2.766422e+01 4.900000e+00
    endloop
  endfacet
  facet normal 0.000000e+00 0.000000e+00 1.000000e+00
    outer loop
      vertex   -2.144040e+01 -2.766422e+01 4.900000e+00
      vertex   -2.555758e+01 -3.205948e+01 4.900000e+00
      vertex   -2.354360e+01 -3.356634e+01 4.900000e+00
    endloop
  endfacet
  facet normal 0.000000e+00 0.000000e+00 1.000000e+00
    outer loop
      vertex   -2.144040e+01 -2.766422e+01 4.900000e+00
      vertex   -2.354360e+01 -3.356634e+01 4.900000e+00
      vertex   -1.956460e+01 -2.902114e+01 4.900000e+00
    endloop
  endfacet
  facet normal 0.000000e+00 0.000000e+00 1.000000e+00
    outer loop
      vertex   -1.956460e+01 -2.902114e+01 4.900000e+00
      vertex   -2.354360e+01 -3.356634e+01 4.900000e+00
      vertex   -2.144100e+01 -3.494687e+01 4.900000e+00
    endloop
  endfacet
  facet normal 0.000000e+00 0.000000e+00 1.000000e+00
    outer loop
      vertex   -1.956460e+01 -2.902114e+01 4.900000e+00
      vertex   -2.144100e+01 -3.494687e+01 4.900000e+00
      vertex   -1.760320e+01 -3.025107e+01 4.900000e+00
    endloop
  endfacet
  facet normal 0.000000e+00 0.000000e+00 1.000000e+00
    outer loop
      vertex   -1.760320e+01 -3.025107e+01 4.900000e+00
      vertex   -2.144100e+01 -3.494687e+01 4.900000e+00
      vertex   -1.925771e+01 -3.619586e+01 4.900000e+00
    endloop
  endfacet
  facet normal 0.000000e+00 0.000000e+00 1.000000e+00
    outer loop
      vertex   -1.760320e+01 -3.025107e+01 4.900000e+00
      vertex   -1.925771e+01 -3.619586e+01 4.900000e+00
      vertex   -1.556478e+01 -3.134865e+01 4.900000e+00
    endloop
  endfacet
  facet normal 0.000000e+00 0.000000e+00 1.000000e+00
    outer loop
      vertex   -1.556478e+01 -3.134865e+01 4.900000e+00
      vertex   -1.925771e+01 -3.619586e+01 4.900000e+00
      vertex   -1.700194e+01 -3.730863e+01 4.900000e+00
    endloop
  endfacet
  facet normal 0.000000e+00 0.000000e+00 1.000000e+00
    outer loop
      vertex   -1.556478e+01 -3.134865e+01 4.900000e+00
      vertex   -1.700194e+01 -3.730863e+01 4.900000e+00
      vertex   -1.345825e+01 -3.230906e+01 4.900000e+00
    endloop
  endfacet
  facet normal 0.000000e+00 0.000000e+00 1.000000e+00
    outer loop
      vertex   -1.345825e+01 -3.230906e+01 4.900000e+00
      vertex   -1.700194e+01 -3.730863e+01 4.900000e+00
      vertex   -1.468217e+01 -3.828098e+01 4.900000e+00
    endloop
  endfacet
  facet normal 0.000000e+00 0.000000e+00 1.000000e+00
    outer loop
      vertex   -1.345825e+01 -3.230906e+01 4.900000e+00
      vertex   -1.468217e+01 -3.828098e+01 4.900000e+00
      vertex   -1.129285e+01 -3.312811e+01 4.900000e+00
    endloop
  endfacet
  facet normal 0.000000e+00 0.000000e+00 1.000000e+00
    outer loop
      vertex   -1.129285e+01 -3.312811e+01 4.900000e+00
      vertex   -1.468217e+01 -3.828098e+01 4.900000e+00
      vertex   -1.230715e+01 -3.910926e+01 4.900000e+00
    endloop
  endfacet
  facet normal 0.000000e+00 0.000000e+00 1.000000e+00
    outer loop
      vertex   -1.129285e+01 -3.312811e+01 4.900000e+00
      vertex   -1.230715e+01 -3.910926e+01 4.900000e+00
      vertex   -9.078027e+00 -3.380221e+01 4.900000e+00
    endloop
  endfacet
  facet normal 0.000000e+00 0.000000e+00 1.000000e+00
    outer loop
      vertex   -9.078027e+00 -3.380221e+01 4.900000e+00
      vertex   -1.230715e+01 -3.910926e+01 4.900000e+00
      vertex   -9.885810e+00 -3.979034e+01 4.900000e+00
    endloop
  endfacet
  facet normal 0.000000e+00 0.000000e+00 1.000000e+00
    outer loop
      vertex   -9.078027e+00 -3.380221e+01 4.900000e+00
      vertex   -9.885810e+00 -3.979034e+01 4.900000e+00
      vertex   -6.823488e+00 -3.432841e+01 4.900000e+00
    endloop
  endfacet
  facet normal 0.000000e+00 0.000000e+00 1.000000e+00
    outer loop
      vertex   -6.823488e+00 -3.432841e+01 4.900000e+00
      vertex   -9.885810e+00 -3.979034e+01 4.900000e+00
      vertex   -7.427261e+00 -4.032165e+01 4.900000e+00
    endloop
  endfacet
  facet normal 0.000000e+00 0.000000e+00 1.000000e+00
    outer loop
      vertex   -6.823488e+00 -3.432841e+01 4.900000e+00
      vertex   -7.427261e+00 -4.032165e+01 4.900000e+00
      vertex   -4.539094e+00 -3.470442e+01 4.900000e+00
    endloop
  endfacet
  facet normal 0.000000e+00 0.000000e+00 1.000000e+00
    outer loop
      vertex   -4.539094e+00 -3.470442e+01 4.900000e+00
      vertex   -7.427261e+00 -4.032165e+01 4.900000e+00
      vertex   -4.940758e+00 -4.070122e+01 4.900000e+00
    endloop
  endfacet
  facet normal 0.000000e+00 0.000000e+00 1.000000e+00
    outer loop
      vertex   -4.539094e+00 -3.470442e+01 4.900000e+00
      vertex   -4.940758e+00 -4.070122e+01 4.900000e+00
      vertex   -2.234840e+00 -3.492858e+01 4.900000e+00
    endloop
  endfacet
  facet normal 0.000000e+00 0.000000e+00 1.000000e+00
    outer loop
      vertex   -2.234840e+00 -3.492858e+01 4.900000e+00
      vertex   -4.940758e+00 -4.070122e+01 4.900000e+00
      vertex   -2.435659e+00 -4.092759e+01 4.900000e+00
    endloop
  endfacet
  facet normal 0.000000e+00 0.000000e+00 1.000000e+00
    outer loop
      vertex   -2.234840e+00 -3.492858e+01 4.900000e+00
      vertex   -2.435659e+00 -4.092759e+01 4.900000e+00
      vertex   7.919219e-02 -3.499991e+01 4.900000e+00
    endloop
  endfacet
  facet normal 0.000000e+00 0.000000e+00 1.000000e+00
    outer loop
      vertex   7.919219e-02 -3.499991e+01 4.900000e+00
      vertex   -2.435659e+00 -4.092759e+01 4.900000e+00
      vertex   7.860664e-02 -4.099992e+01 4.900000e+00
    endloop
  endfacet
  facet normal 0.000000e+00 0.000000e+00 1.000000e+00
    outer loop
      vertex   7.919219e-02 -3.499991e+01 4.900000e+00
      vertex   7.860664e-02 -4.099992e+01 4.900000e+00
      vertex   2.592576e+00 -4.091795e+01 4.900000e+00
    endloop
  endfacet
  facet normal -0.000000e+00 0.000000e+00 1.000000e+00
    outer loop
      vertex   7.919219e-02 -3.499991e+01 4.900000e+00
      vertex   2.592576e+00 -4.091795e+01 4.900000e+00
      vertex   2.392878e+00 -3.491811e+01 4.900000e+00
    endloop
  endfacet
  facet normal 0.000000e+00 0.000000e+00 1.000000e+00
    outer loop
      vertex   2.392878e+00 -3.491811e+01 4.900000e+00
      vertex   2.592576e+00 -4.091795e+01 4.900000e+00
      vertex   5.096789e+00 -4.068197e+01 4.900000e+00
    endloop
  endfacet
  facet normal -0.000000e+00 0.000000e+00 1.000000e+00
    outer loop
      vertex   2.392878e+00 -3.491811e+01 4.900000e+00
      vertex   5.096789e+00 -4.068197e+01 4.900000e+00
      vertex   4.696094e+00 -3.468352e+01 4.900000e+00
    endloop
  endfacet
  facet normal 0.000000e+00 0.000000e+00 1.000000e+00
    outer loop
      vertex   4.696094e+00 -3.468352e+01 4.900000e+00
      vertex   5.096789e+00 -4.068197e+01 4.900000e+00
      vertex   7.581818e+00 -4.029288e+01 4.900000e+00
    endloop
  endfacet
  facet normal -0.000000e+00 0.000000e+00 1.000000e+00
    outer loop
      vertex   4.696094e+00 -3.468352e+01 4.900000e+00
      vertex   7.581818e+00 -4.029288e+01 4.900000e+00
      vertex   6.978763e+00 -3.429718e+01 4.900000e+00
    endloop
  endfacet
  facet normal 0.000000e+00 0.000000e+00 1.000000e+00
    outer loop
      vertex   6.978763e+00 -3.429718e+01 4.900000e+00
      vertex   7.581818e+00 -4.029288e+01 4.900000e+00
      vertex   1.003831e+01 -3.975214e+01 4.900000e+00
    endloop
  endfacet
  facet normal -0.000000e+00 0.000000e+00 1.000000e+00
    outer loop
      vertex   6.978763e+00 -3.429718e+01 4.900000e+00
      vertex   1.003831e+01 -3.975214e+01 4.900000e+00
      vertex   9.230898e+00 -3.376078e+01 4.900000e+00
    endloop
  endfacet
  facet normal 0.000000e+00 0.000000e+00 1.000000e+00
    outer loop
      vertex   9.230898e+00 -3.376078e+01 4.900000e+00
      vertex   1.003831e+01 -3.975214e+01 4.900000e+00
      vertex   1.245702e+01 -3.906178e+01 4.900000e+00
    endloop
  endfacet
  facet normal -0.000000e+00 0.000000e+00 1.000000e+00
    outer loop
      vertex   9.230898e+00 -3.376078e+01 4.900000e+00
      vertex   1.245702e+01 -3.906178e+01 4.900000e+00
      vertex   1.144264e+01 -3.307667e+01 4.900000e+00
    endloop
  endfacet
  facet normal 0.000000e+00 0.000000e+00 1.000000e+00
    outer loop
      vertex   1.144264e+01 -3.307667e+01 4.900000e+00
      vertex   1.245702e+01 -3.906178e+01 4.900000e+00
      vertex   1.482885e+01 -3.822440e+01 4.900000e+00
    endloop
  endfacet
  facet normal -0.000000e+00 0.000000e+00 1.000000e+00
    outer loop
      vertex   1.144264e+01 -3.307667e+01 4.900000e+00
      vertex   1.482885e+01 -3.822440e+01 4.900000e+00
      vertex   1.360432e+01 -3.224783e+01 4.900000e+00
    endloop
  endfacet
  facet normal 0.000000e+00 0.000000e+00 1.000000e+00
    outer loop
      vertex   1.360432e+01 -3.224783e+01 4.900000e+00
      vertex   1.482885e+01 -3.822440e+01 4.900000e+00
      vertex   1.714487e+01 -3.724317e+01 4.900000e+00
    endloop
  endfacet
  facet normal -0.000000e+00 0.000000e+00 1.000000e+00
    outer loop
      vertex   1.360432e+01 -3.224783e+01 4.900000e+00
      vertex   1.714487e+01 -3.724317e+01 4.900000e+00
      vertex   1.570648e+01 -3.127789e+01 4.900000e+00
    endloop
  endfacet
  facet normal 0.000000e+00 0.000000e+00 1.000000e+00
    outer loop
      vertex   1.570648e+01 -3.127789e+01 4.900000e+00
      vertex   1.714487e+01 -3.724317e+01 4.900000e+00
      vertex   1.939636e+01 -3.612176e+01 4.900000e+00
    endloop
  endfacet
  facet normal -0.000000e+00 0.000000e+00 1.000000e+00
    outer loop
      vertex   1.570648e+01 -3.127789e+01 4.900000e+00
      vertex   1.939636e+01 -3.612176e+01 4.900000e+00
      vertex   1.773991e+01 -3.017110e+01 4.900000e+00
    endloop
  endfacet
  facet normal 0.000000e+00 0.000000e+00 1.000000e+00
    outer loop
      vertex   1.773991e+01 -3.017110e+01 4.900000e+00
      vertex   1.939636e+01 -3.612176e+01 4.900000e+00
      vertex   2.157485e+01 -3.486439e+01 4.900000e+00
    endloop
  endfacet
  facet normal -0.000000e+00 0.000000e+00 1.000000e+00
    outer loop
      vertex   1.773991e+01 -3.017110e+01 4.900000e+00
      vertex   2.157485e+01 -3.486439e+01 4.900000e+00
      vertex   1.969573e+01 -2.893231e+01 4.900000e+00
    endloop
  endfacet
  facet normal 0.000000e+00 0.000000e+00 1.000000e+00
    outer loop
      vertex   1.969573e+01 -2.893231e+01 4.900000e+00
      vertex   2.157485e+01 -3.486439e+01 4.900000e+00
      vertex   2.367213e+01 -3.347581e+01 4.900000e+00
    endloop
  endfacet
  facet normal -0.000000e+00 0.000000e+00 1.000000e+00
    outer loop
      vertex   1.969573e+01 -2.893231e+01 4.900000e+00
      vertex   2.367213e+01 -3.347581e+01 4.900000e+00
      vertex   2.156537e+01 -2.756692e+01 4.900000e+00
    endloop
  endfacet
  facet normal 0.000000e+00 0.000000e+00 1.000000e+00
    outer loop
      vertex   2.156537e+01 -2.756692e+01 4.900000e+00
      vertex   2.367213e+01 -3.347581e+01 4.900000e+00
      vertex   2.568032e+01 -3.196124e+01 4.900000e+00
    endloop
  endfacet
  facet normal -0.000000e+00 0.000000e+00 1.000000e+00
    outer loop
      vertex   2.156537e+01 -2.756692e+01 4.900000e+00
      vertex   2.568032e+01 -3.196124e+01 4.900000e+00
      vertex   2.334065e+01 -2.608091e+01 4.900000e+00
    endloop
  endfacet
  facet normal 0.000000e+00 0.000000e+00 1.000000e+00
    outer loop
      vertex   2.334065e+01 -2.608091e+01 4.900000e+00
      vertex   2.568032e+01 -3.196124e+01 4.900000e+00
      vertex   2.759186e+01 -3.032638e+01 4.900000e+00
    endloop
  endfacet
  facet normal -0.000000e+00 0.000000e+00 1.000000e+00
    outer loop
      vertex   2.334065e+01 -2.608091e+01 4.900000e+00
      vertex   2.759186e+01 -3.032638e+01 4.900000e+00
      vertex   2.501381e+01 -2.448080e+01 4.900000e+00
    endloop
  endfacet
  facet normal 0.000000e+00 0.000000e+00 1.000000e+00
    outer loop
      vertex   2.501381e+01 -2.448080e+01 4.900000e+00
      vertex   2.759186e+01 -3.032638e+01 4.900000e+00
      vertex   2.939955e+01 -2.857737e+01 4.900000e+00
    endloop
  endfacet
  facet normal 0.000000e+00 0.000000e+00 1.000000e+00
    outer loop
      vertex   2.501381e+01 -2.448080e+01 4.900000e+00
      vertex   2.939955e+01 -2.857737e+01 4.900000e+00
      vertex   3.109660e+01 -2.672081e+01 4.900000e+00
    endloop
  endfacet
  facet normal -0.000000e+00 0.000000e+00 1.000000e+00
    outer loop
      vertex   2.501381e+01 -2.448080e+01 4.900000e+00
      vertex   3.109660e+01 -2.672081e+01 4.900000e+00
      vertex   2.657752e+01 -2.277357e+01 4.900000e+00
    endloop
  endfacet
  facet normal 0.000000e+00 0.000000e+00 1.000000e+00
    outer loop
      vertex   2.657752e+01 -2.277357e+01 4.900000e+00
      vertex   3.109660e+01 -2.672081e+01 4.900000e+00
      vertex   3.267660e+01 -2.476368e+01 4.900000e+00
    endloop
  endfacet
  facet normal -0.000000e+00 0.000000e+00 1.000000e+00
    outer loop
      vertex   2.657752e+01 -2.277357e+01 4.900000e+00
      vertex   3.267660e+01 -2.476368e+01 4.900000e+00
      vertex   2.802495e+01 -2.096669e+01 4.900000e+00
    endloop
  endfacet
  facet normal 0.000000e+00 0.000000e+00 1.000000e+00
    outer loop
      vertex   2.802495e+01 -2.096669e+01 4.900000e+00
      vertex   3.267660e+01 -2.476368e+01 4.900000e+00
      vertex   3.413362e+01 -2.271335e+01 4.900000e+00
    endloop
  endfacet
  facet normal -0.000000e+00 0.000000e+00 1.000000e+00
    outer loop
      vertex   2.802495e+01 -2.096669e+01 4.900000e+00
      vertex   3.413362e+01 -2.271335e+01 4.900000e+00
      vertex   2.934976e+01 -1.906808e+01 4.900000e+00
    endloop
  endfacet
  facet normal 0.000000e+00 0.000000e+00 1.000000e+00
    outer loop
      vertex   2.934976e+01 -1.906808e+01 4.900000e+00
      vertex   3.413362e+01 -2.271335e+01 4.900000e+00
      vertex   3.546217e+01 -2.057753e+01 4.900000e+00
    endloop
  endfacet
  facet normal -0.000000e+00 0.000000e+00 1.000000e+00
    outer loop
      vertex   2.934976e+01 -1.906808e+01 4.900000e+00
      vertex   3.546217e+01 -2.057753e+01 4.900000e+00
      vertex   3.054615e+01 -1.708604e+01 4.900000e+00
    endloop
  endfacet
  facet normal 0.000000e+00 0.000000e+00 1.000000e+00
    outer loop
      vertex   3.054615e+01 -1.708604e+01 4.900000e+00
      vertex   3.546217e+01 -2.057753e+01 4.900000e+00
      vertex   3.665725e+01 -1.836427e+01 4.900000e+00
    endloop
  endfacet
  facet normal -0.000000e+00 0.000000e+00 1.000000e+00
    outer loop
      vertex   3.054615e+01 -1.708604e+01 4.900000e+00
      vertex   3.665725e+01 -1.836427e+01 4.900000e+00
      vertex   3.160889e+01 -1.502925e+01 4.900000e+00
    endloop
  endfacet
  facet normal 0.000000e+00 0.000000e+00 1.000000e+00
    outer loop
      vertex   3.160889e+01 -1.502925e+01 4.900000e+00
      vertex   3.665725e+01 -1.836427e+01 4.900000e+00
      vertex   3.771436e+01 -1.608188e+01 4.900000e+00
    endloop
  endfacet
  facet normal -0.000000e+00 0.000000e+00 1.000000e+00
    outer loop
      vertex   3.160889e+01 -1.502925e+01 4.900000e+00
      vertex   3.771436e+01 -1.608188e+01 4.900000e+00
      vertex   3.253333e+01 -1.290669e+01 4.900000e+00
    endloop
  endfacet
  facet normal 0.000000e+00 0.000000e+00 1.000000e+00
    outer loop
      vertex   3.253333e+01 -1.290669e+01 4.900000e+00
      vertex   3.771436e+01 -1.608188e+01 4.900000e+00
      vertex   3.862953e+01 -1.373897e+01 4.900000e+00
    endloop
  endfacet
  facet normal -0.000000e+00 0.000000e+00 1.000000e+00
    outer loop
      vertex   3.253333e+01 -1.290669e+01 4.900000e+00
      vertex   3.862953e+01 -1.373897e+01 4.900000e+00
      vertex   3.331542e+01 -1.072766e+01 4.900000e+00
    endloop
  endfacet
  facet normal 0.000000e+00 0.000000e+00 1.000000e+00
    outer loop
      vertex   3.331542e+01 -1.072766e+01 4.900000e+00
      vertex   3.862953e+01 -1.373897e+01 4.900000e+00
      vertex   3.939931e+01 -1.134435e+01 4.900000e+00
    endloop
  endfacet
  facet normal -0.000000e+00 0.000000e+00 1.000000e+00
    outer loop
      vertex   3.331542e+01 -1.072766e+01 4.900000e+00
      vertex   3.939931e+01 -1.134435e+01 4.900000e+00
      vertex   3.395175e+01 -8.501696e+00 4.900000e+00
    endloop
  endfacet
  facet normal 0.000000e+00 0.000000e+00 1.000000e+00
    outer loop
      vertex   3.395175e+01 -8.501696e+00 4.900000e+00
      vertex   3.939931e+01 -1.134435e+01 4.900000e+00
      vertex   4.002080e+01 -8.907036e+00 4.900000e+00
    endloop
  endfacet
  facet normal -0.000000e+00 0.000000e+00 1.000000e+00
    outer loop
      vertex   3.395175e+01 -8.501696e+00 4.900000e+00
      vertex   4.002080e+01 -8.907036e+00 4.900000e+00
      vertex   3.443952e+01 -6.238532e+00 4.900000e+00
    endloop
  endfacet
  facet normal 0.000000e+00 0.000000e+00 1.000000e+00
    outer loop
      vertex   3.443952e+01 -6.238532e+00 4.900000e+00
      vertex   4.002080e+01 -8.907036e+00 4.900000e+00
      vertex   4.049167e+01 -6.436196e+00 4.900000e+00
    endloop
  endfacet
  facet normal -0.000000e+00 0.000000e+00 1.000000e+00
    outer loop
      vertex   3.443952e+01 -6.238532e+00 4.900000e+00
      vertex   4.049167e+01 -6.436196e+00 4.900000e+00
      vertex   3.477661e+01 -3.948072e+00 4.900000e+00
    endloop
  endfacet
  facet normal -0.000000e+00 0.000000e+00 1.000000e+00
    outer loop
      vertex   3.477661e+01 -3.948072e+00 4.900000e+00
      vertex   4.049167e+01 -6.436196e+00 4.900000e+00
      vertex   4.081014e+01 -3.941133e+00 4.900000e+00
    endloop
  endfacet
  facet normal 0.000000e+00 0.000000e+00 1.000000e+00
    outer loop
      vertex   3.477661e+01 -3.948072e+00 4.900000e+00
      vertex   4.081014e+01 -3.941133e+00 4.900000e+00
      vertex   3.496154e+01 -1.640338e+00 4.900000e+00
    endloop
  endfacet
  facet normal -0.000000e+00 0.000000e+00 1.000000e+00
    outer loop
      vertex   3.496154e+01 -1.640338e+00 4.900000e+00
      vertex   4.081014e+01 -3.941133e+00 4.900000e+00
      vertex   4.097501e+01 -1.431236e+00 4.900000e+00
    endloop
  endfacet
  facet normal 0.000000e+00 0.000000e+00 1.000000e+00
    outer loop
      vertex   3.496154e+01 -1.640338e+00 4.900000e+00
      vertex   4.097501e+01 -1.431236e+00 4.900000e+00
      vertex   3.499350e+01 6.745726e-01 4.900000e+00
    endloop
  endfacet
  facet normal -0.000000e+00 0.000000e+00 1.000000e+00
    outer loop
      vertex   3.499350e+01 6.745726e-01 4.900000e+00
      vertex   4.097501e+01 -1.431236e+00 4.900000e+00
      vertex   4.098567e+01 1.084047e+00 4.900000e+00
    endloop
  endfacet
  facet normal 0.000000e+00 -0.000000e+00 1.000000e+00
    outer loop
      vertex   3.499350e+01 6.745726e-01 4.900000e+00
      vertex   4.098567e+01 1.084047e+00 4.900000e+00
      vertex   3.487235e+01 2.986532e+00 4.900000e+00
    endloop
  endfacet
  facet normal -0.000000e+00 0.000000e+00 1.000000e+00
    outer loop
      vertex   3.487235e+01 2.986532e+00 4.900000e+00
      vertex   4.098567e+01 1.084047e+00 4.900000e+00
      vertex   4.084206e+01 3.595251e+00 4.900000e+00
    endloop
  endfacet
  facet normal 0.000000e+00 -0.000000e+00 1.000000e+00
    outer loop
      vertex   3.487235e+01 2.986532e+00 4.900000e+00
      vertex   4.084206e+01 3.595251e+00 4.900000e+00
      vertex   3.459862e+01 5.285424e+00 4.900000e+00
    endloop
  endfacet
  facet normal -0.000000e+00 0.000000e+00 1.000000e+00
    outer loop
      vertex   3.459862e+01 5.285424e+00 4.900000e+00
      vertex   4.084206e+01 3.595251e+00 4.900000e+00
      vertex   4.054474e+01 6.092923e+00 4.900000e+00
    endloop
  endfacet
  facet normal 0.000000e+00 0.000000e+00 1.000000e+00
    outer loop
      vertex   3.459862e+01 5.285424e+00 4.900000e+00
      vertex   4.054474e+01 6.092923e+00 4.900000e+00
      vertex   4.009483e+01 8.567663e+00 4.900000e+00
    endloop
  endfacet
  facet normal 0.000000e+00 -0.000000e+00 1.000000e+00
    outer loop
      vertex   3.459862e+01 5.285424e+00 4.900000e+00
      vertex   4.009483e+01 8.567663e+00 4.900000e+00
      vertex   3.417350e+01 7.561191e+00 4.900000e+00
    endloop
  endfacet
  facet normal 0.000000e+00 0.000000e+00 1.000000e+00
    outer loop
      vertex   3.417350e+01 7.561191e+00 4.900000e+00
      vertex   4.009483e+01 8.567663e+00 4.900000e+00
      vertex   3.949401e+01 1.101016e+01 4.900000e+00
    endloop
  endfacet
  facet normal 0.000000e+00 -0.000000e+00 1.000000e+00
    outer loop
      vertex   3.417350e+01 7.561191e+00 4.900000e+00
      vertex   3.949401e+01 1.101016e+01 4.900000e+00
      vertex   3.359887e+01 9.803875e+00 4.900000e+00
    endloop
  endfacet
  facet normal 0.000000e+00 0.000000e+00 1.000000e+00
    outer loop
      vertex   3.359887e+01 9.803875e+00 4.900000e+00
      vertex   3.949401e+01 1.101016e+01 4.900000e+00
      vertex   3.874454e+01 1.341121e+01 4.900000e+00
    endloop
  endfacet
  facet normal 0.000000e+00 -0.000000e+00 1.000000e+00
    outer loop
      vertex   3.359887e+01 9.803875e+00 4.900000e+00
      vertex   3.874454e+01 1.341121e+01 4.900000e+00
      vertex   3.287723e+01 1.200366e+01 4.900000e+00
    endloop
  endfacet
  facet normal 0.000000e+00 0.000000e+00 1.000000e+00
    outer loop
      vertex   3.287723e+01 1.200366e+01 4.900000e+00
      vertex   3.874454e+01 1.341121e+01 4.900000e+00
      vertex   3.784925e+01 1.576179e+01 4.900000e+00
    endloop
  endfacet
  facet normal 0.000000e+00 -0.000000e+00 1.000000e+00
    outer loop
      vertex   3.287723e+01 1.200366e+01 4.900000e+00
      vertex   3.784925e+01 1.576179e+01 4.900000e+00
      vertex   3.201174e+01 1.415093e+01 4.900000e+00
    endloop
  endfacet
  facet normal 0.000000e+00 0.000000e+00 1.000000e+00
    outer loop
      vertex   3.201174e+01 1.415093e+01 4.900000e+00
      vertex   3.784925e+01 1.576179e+01 4.900000e+00
      vertex   3.681151e+01 1.805305e+01 4.900000e+00
    endloop
  endfacet
  facet normal 0.000000e+00 -0.000000e+00 1.000000e+00
    outer loop
      vertex   3.201174e+01 1.415093e+01 4.900000e+00
      vertex   3.681151e+01 1.805305e+01 4.900000e+00
      vertex   3.100618e+01 1.623628e+01 4.900000e+00
    endloop
  endfacet
  facet normal 0.000000e+00 0.000000e+00 1.000000e+00
    outer loop
      vertex   3.100618e+01 1.623628e+01 4.900000e+00
      vertex   3.681151e+01 1.805305e+01 4.900000e+00
      vertex   3.563522e+01 2.027636e+01 4.900000e+00
    endloop
  endfacet
  facet normal 0.000000e+00 -0.000000e+00 1.000000e+00
    outer loop
      vertex   3.100618e+01 1.623628e+01 4.900000e+00
      vertex   3.563522e+01 2.027636e+01 4.900000e+00
      vertex   2.986496e+01 1.825059e+01 4.900000e+00
    endloop
  endfacet
  facet normal 0.000000e+00 0.000000e+00 1.000000e+00
    outer loop
      vertex   2.986496e+01 1.825059e+01 4.900000e+00
      vertex   3.563522e+01 2.027636e+01 4.900000e+00
      vertex   3.432482e+01 2.242336e+01 4.900000e+00
    endloop
  endfacet
  facet normal 0.000000e+00 -0.000000e+00 1.000000e+00
    outer loop
      vertex   2.986496e+01 1.825059e+01 4.900000e+00
      vertex   3.432482e+01 2.242336e+01 4.900000e+00
      vertex   2.859307e+01 2.018505e+01 4.900000e+00
    endloop
  endfacet
  facet normal 0.000000e+00 0.000000e+00 1.000000e+00
    outer loop
      vertex   2.859307e+01 2.018505e+01 4.900000e+00
      vertex   3.432482e+01 2.242336e+01 4.900000e+00
      vertex   3.288522e+01 2.448596e+01 4.900000e+00
    endloop
  endfacet
  facet normal 0.000000e+00 -0.000000e+00 1.000000e+00
    outer loop
      vertex   2.859307e+01 2.018505e+01 4.900000e+00
      vertex   3.288522e+01 2.448596e+01 4.900000e+00
      vertex   2.719607e+01 2.203119e+01 4.900000e+00
    endloop
  endfacet
  facet normal 0.000000e+00 0.000000e+00 1.000000e+00
    outer loop
      vertex   2.719607e+01 2.203119e+01 4.900000e+00
      vertex   3.288522e+01 2.448596e+01 4.900000e+00
      vertex   3.132186e+01 2.645640e+01 4.900000e+00
    endloop
  endfacet
  facet normal 0.000000e+00 -0.000000e+00 1.000000e+00
    outer loop
      vertex   2.719607e+01 2.203119e+01 4.900000e+00
      vertex   3.132186e+01 2.645640e+01 4.900000e+00
      vertex   2.568009e+01 2.378094e+01 4.900000e+00
    endloop
  endfacet
  facet normal 0.000000e+00 0.000000e+00 1.000000e+00
    outer loop
      vertex   2.568009e+01 2.378094e+01 4.900000e+00
      vertex   3.132186e+01 2.645640e+01 4.900000e+00
      vertex   2.964060e+01 2.832728e+01 4.900000e+00
    endloop
  endfacet
  facet normal 0.000000e+00 -0.000000e+00 1.000000e+00
    outer loop
      vertex   2.568009e+01 2.378094e+01 4.900000e+00
      vertex   2.964060e+01 2.832728e+01 4.900000e+00
      vertex   2.405174e+01 2.542664e+01 4.900000e+00
    endloop
  endfacet
  facet normal 0.000000e+00 0.000000e+00 1.000000e+00
    outer loop
      vertex   2.405174e+01 2.542664e+01 4.900000e+00
      vertex   2.964060e+01 2.832728e+01 4.900000e+00
      vertex   2.784780e+01 3.009153e+01 4.900000e+00
    endloop
  endfacet
  facet normal 0.000000e+00 -0.000000e+00 1.000000e+00
    outer loop
      vertex   2.405174e+01 2.542664e+01 4.900000e+00
      vertex   2.784780e+01 3.009153e+01 4.900000e+00
      vertex   2.231815e+01 2.696108e+01 4.900000e+00
    endloop
  endfacet
  facet normal 0.000000e+00 0.000000e+00 1.000000e+00
    outer loop
      vertex   2.231815e+01 2.696108e+01 4.900000e+00
      vertex   2.784780e+01 3.009153e+01 4.900000e+00
      vertex   2.595018e+01 3.174253e+01 4.900000e+00
    endloop
  endfacet
  facet normal 0.000000e+00 -0.000000e+00 1.000000e+00
    outer loop
      vertex   2.231815e+01 2.696108e+01 4.900000e+00
      vertex   2.595018e+01 3.174253e+01 4.900000e+00
      vertex   2.048692e+01 2.837756e+01 4.900000e+00
    endloop
  endfacet
  facet normal 0.000000e+00 0.000000e+00 1.000000e+00
    outer loop
      vertex   2.048692e+01 2.837756e+01 4.900000e+00
      vertex   2.595018e+01 3.174253e+01 4.900000e+00
      vertex   2.395489e+01 3.327406e+01 4.900000e+00
    endloop
  endfacet
  facet normal 0.000000e+00 -0.000000e+00 1.000000e+00
    outer loop
      vertex   2.048692e+01 2.837756e+01 4.900000e+00
      vertex   2.395489e+01 3.327406e+01 4.900000e+00
      vertex   1.856605e+01 2.966988e+01 4.900000e+00
    endloop
  endfacet
  facet normal 0.000000e+00 0.000000e+00 1.000000e+00
    outer loop
      vertex   1.856605e+01 2.966988e+01 4.900000e+00
      vertex   2.395489e+01 3.327406e+01 4.900000e+00
      vertex   2.186944e+01 3.468036e+01 4.900000e+00
    endloop
  endfacet
  facet normal 0.000000e+00 0.000000e+00 1.000000e+00
    outer loop
      vertex   1.856605e+01 2.966988e+01 4.900000e+00
      vertex   2.186944e+01 3.468036e+01 4.900000e+00
      vertex   1.970168e+01 3.595614e+01 4.900000e+00
    endloop
  endfacet
  facet normal 0.000000e+00 -0.000000e+00 1.000000e+00
    outer loop
      vertex   1.856605e+01 2.966988e+01 4.900000e+00
      vertex   1.970168e+01 3.595614e+01 4.900000e+00
      vertex   1.656394e+01 3.083238e+01 4.900000e+00
    endloop
  endfacet
  facet normal 0.000000e+00 0.000000e+00 1.000000e+00
    outer loop
      vertex   1.656394e+01 3.083238e+01 4.900000e+00
      vertex   1.970168e+01 3.595614e+01 4.900000e+00
      vertex   1.745978e+01 3.709658e+01 4.900000e+00
    endloop
  endfacet
  facet normal 0.000000e+00 -0.000000e+00 1.000000e+00
    outer loop
      vertex   1.656394e+01 3.083238e+01 4.900000e+00
      vertex   1.745978e+01 3.709658e+01 4.900000e+00
      vertex   1.448936e+01 3.185998e+01 4.900000e+00
    endloop
  endfacet
  facet normal 0.000000e+00 0.000000e+00 1.000000e+00
    outer loop
      vertex   1.448936e+01 3.185998e+01 4.900000e+00
      vertex   1.745978e+01 3.709658e+01 4.900000e+00
      vertex   1.515216e+01 3.809740e+01 4.900000e+00
    endloop
  endfacet
  facet normal 0.000000e+00 -0.000000e+00 1.000000e+00
    outer loop
      vertex   1.448936e+01 3.185998e+01 4.900000e+00
      vertex   1.515216e+01 3.809740e+01 4.900000e+00
      vertex   1.235139e+01 3.274818e+01 4.900000e+00
    endloop
  endfacet
  facet normal 0.000000e+00 0.000000e+00 1.000000e+00
    outer loop
      vertex   1.235139e+01 3.274818e+01 4.900000e+00
      vertex   1.515216e+01 3.809740e+01 4.900000e+00
      vertex   1.278751e+01 3.895484e+01 4.900000e+00
    endloop
  endfacet
  facet normal 0.000000e+00 -0.000000e+00 1.000000e+00
    outer loop
      vertex   1.235139e+01 3.274818e+01 4.900000e+00
      vertex   1.278751e+01 3.895484e+01 4.900000e+00
      vertex   1.015937e+01 3.349309e+01 4.900000e+00
    endloop
  endfacet
  facet normal 0.000000e+00 0.000000e+00 1.000000e+00
    outer loop
      vertex   1.015937e+01 3.349309e+01 4.900000e+00
      vertex   1.278751e+01 3.895484e+01 4.900000e+00
      vertex   1.037473e+01 3.966567e+01 4.900000e+00
    endloop
  endfacet
  facet normal 0.000000e+00 -0.000000e+00 1.000000e+00
    outer loop
      vertex   1.015937e+01 3.349309e+01 4.900000e+00
      vertex   1.037473e+01 3.966567e+01 4.900000e+00
      vertex   7.922904e+00 3.409146e+01 4.900000e+00
    endloop
  endfacet
  facet normal 0.000000e+00 -0.000000e+00 1.000000e+00
    outer loop
      vertex   7.922904e+00 3.409146e+01 4.900000e+00
      vertex   1.037473e+01 3.966567e+01 4.900000e+00
      vertex   7.922904e+00 4.022720e+01 4.900000e+00
    endloop
  endfacet
endsolid
